HIERARCHY
ROOT pelvis
{
  OFFSET 0.00000000 0.00000000 0.00000000
  CHANNELS 6 Xposition Yposition Zposition Xrotation Yrotation Zrotation
  JOINT spine
  {
    OFFSET 0.00000000 0.03500000 0.28000000
    CHANNELS 3 Xrotation Yrotation Zrotation
    JOINT chest
    {
      OFFSET 0.00000000 0.01500000 0.25000000
      CHANNELS 3 Xrotation Yrotation Zrotation
      JOINT neck
      {
        OFFSET 0.00000000 0.10000000 0.13000000
        CHANNELS 3 Xrotation Yrotation Zrotation
        JOINT head
        {
          OFFSET 0.00000000 0.08000000 0.13000000
          CHANNELS 3 Xrotation Yrotation Zrotation
          JOINT muzzle
          {
            OFFSET 0.00000000 -0.02500000 0.16000000
            CHANNELS 3 Xrotation Yrotation Zrotation
            End Site
            {
              OFFSET 0 0 0
            }
          }
        }
      }
      JOINT left_front_hip
      {
        OFFSET -0.09000000 -0.05000000 0.00000000
        CHANNELS 3 Xrotation Yrotation Zrotation
        JOINT left_front_knee
        {
          OFFSET 0.00000000 -0.26500000 0.00000000
          CHANNELS 3 Xrotation Yrotation Zrotation
          JOINT left_front_ankle
          {
            OFFSET 0.00000000 -0.25500000 0.00000000
            CHANNELS 3 Xrotation Yrotation Zrotation
            JOINT left_front_toe
            {
              OFFSET 0.00000000 -0.02500000 0.07500000
              CHANNELS 3 Xrotation Yrotation Zrotation
              End Site
              {
                OFFSET 0 0 0
              }
            }
          }
        }
      }
      JOINT right_front_hip
      {
        OFFSET 0.09000000 -0.05000000 0.00000000
        CHANNELS 3 Xrotation Yrotation Zrotation
        JOINT right_front_knee
        {
          OFFSET 0.00000000 -0.26500000 0.00000000
          CHANNELS 3 Xrotation Yrotation Zrotation
          JOINT right_front_ankle
          {
            OFFSET 0.00000000 -0.25500000 0.00000000
            CHANNELS 3 Xrotation Yrotation Zrotation
            JOINT right_front_toe
            {
              OFFSET 0.00000000 -0.02500000 0.07500000
              CHANNELS 3 Xrotation Yrotation Zrotation
              End Site
              {
                OFFSET 0 0 0
              }
            }
          }
        }
      }
    }
  }
  JOINT tail
  {
    OFFSET 0.00000000 0.02000000 -0.09000000
    CHANNELS 3 Xrotation Yrotation Zrotation
    JOINT tail_tip
    {
      OFFSET 0.00000000 0.03000000 -0.30000000
      CHANNELS 3 Xrotation Yrotation Zrotation
      End Site
      {
        OFFSET 0 0 0
      }
    }
  }
  JOINT left_hind_hip
  {
    OFFSET -0.09000000 0.00000000 0.00000000
    CHANNELS 3 Xrotation Yrotation Zrotation
    JOINT left_hind_knee
    {
      OFFSET 0.00000000 -0.26500000 0.00000000
      CHANNELS 3 Xrotation Yrotation Zrotation
      JOINT left_hind_ankle
      {
        OFFSET 0.00000000 -0.25500000 0.00000000
        CHANNELS 3 Xrotation Yrotation Zrotation
        JOINT left_hind_toe
        {
          OFFSET 0.00000000 -0.02500000 0.07500000
          CHANNELS 3 Xrotation Yrotation Zrotation
          End Site
          {
            OFFSET 0 0 0
          }
        }
      }
    }
  }
  JOINT right_hind_hip
  {
    OFFSET 0.09000000 0.00000000 0.00000000
    CHANNELS 3 Xrotation Yrotation Zrotation
    JOINT right_hind_knee
    {
      OFFSET 0.00000000 -0.26500000 0.00000000
      CHANNELS 3 Xrotation Yrotation Zrotation
      JOINT right_hind_ankle
      {
        OFFSET 0.00000000 -0.25500000 0.00000000
        CHANNELS 3 Xrotation Yrotation Zrotation
        JOINT right_hind_toe
        {
          OFFSET 0.00000000 -0.02500000 0.07500000
          CHANNELS 3 Xrotation Yrotation Zrotation
          End Site
          {
            OFFSET 0 0 0
          }
        }
      }
    }
  }
}
MOTION
Frames: 241
Frame Time: 0.0166666667
0.00000000 0.53176886 0.00000000 0.00000000 0.00000000 0.00000000 0.00000000 0.00000000 0.00000000 0.00000000 0.00000000 0.00000000 0.00000000 0.00000000 0.00000000 0.00000000 0.00000000 0.00000000 0.00000000 0.00000000 0.00000000 30.96561416 0.00000000 0.00000000 -34.41639867 0.00000000 0.00000000 3.45078451 0.00000000 0.00000000 0.00000000 0.00000000 0.00000000 -4.55900484 0.00000000 0.00000000 -26.86174904 0.00000000 0.00000000 31.42075388 0.00000000 0.00000000 0.00000000 0.00000000 0.00000000 0.00000000 0.00000000 0.00000000 0.00000000 0.00000000 0.00000000 -30.89451100 0.00000000 0.00000000 26.86174904 0.00000000 0.00000000 4.03276196 0.00000000 0.00000000 0.00000000 0.00000000 0.00000000 -2.76829289 0.00000000 0.00000000 34.41639867 0.00000000 0.00000000 -31.64810578 0.00000000 0.00000000 0.00000000 0.00000000 0.00000000
0.00000000 0.53100772 0.02000000 0.00000000 0.00000000 0.00000000 0.00000000 0.00000000 0.00000000 0.00000000 0.00000000 0.00000000 0.00000000 0.00000000 0.00000000 0.00000000 0.00000000 0.00000000 0.00000000 0.00000000 0.00000000 31.47023492 0.00000000 0.00000000 -30.87361116 0.00000000 0.00000000 -0.59662377 0.00000000 0.00000000 0.00000000 0.00000000 0.00000000 0.32714893 0.00000000 0.00000000 -32.42886182 0.00000000 0.00000000 32.10171289 0.00000000 0.00000000 0.00000000 0.00000000 0.00000000 0.00000000 4.52993535 0.00000000 0.00000000 0.00000000 0.00000000 -31.46088831 0.00000000 0.00000000 32.42886182 0.00000000 0.00000000 -0.96797351 0.00000000 0.00000000 0.00000000 0.00000000 0.00000000 1.20513697 0.00000000 0.00000000 30.87361116 0.00000000 0.00000000 -32.07874813 0.00000000 0.00000000 0.00000000 0.00000000 0.00000000
0.00000000 0.53256660 0.04000000 0.00000000 0.00000000 0.00000000 0.00000000 0.00000000 0.00000000 0.00000000 0.00000000 0.00000000 0.00000000 0.00000000 0.00000000 0.00000000 0.00000000 0.00000000 0.00000000 0.00000000 0.00000000 30.92375785 0.00000000 0.00000000 -25.64432036 0.00000000 0.00000000 -5.27943749 0.00000000 0.00000000 0.00000000 0.00000000 0.00000000 3.89411252 0.00000000 0.00000000 -35.06784718 0.00000000 0.00000000 31.17373467 0.00000000 0.00000000 0.00000000 0.00000000 0.00000000 0.00000000 8.82442202 0.00000000 0.00000000 0.00000000 0.00000000 -30.47748966 0.00000000 0.00000000 35.06784718 0.00000000 0.00000000 -4.59035752 0.00000000 0.00000000 0.00000000 0.00000000 0.00000000 5.78099536 0.00000000 0.00000000 25.64432036 0.00000000 0.00000000 -31.42531572 0.00000000 0.00000000 0.00000000 0.00000000 0.00000000
0.00000000 0.53612562 0.06000000 0.00000000 0.00000000 0.00000000 0.00000000 0.00000000 0.00000000 0.00000000 0.00000000 0.00000000 0.00000000 0.00000000 0.00000000 0.00000000 0.00000000 0.00000000 0.00000000 0.00000000 0.00000000 36.76787044 0.00000000 0.00000000 -36.01145578 0.00000000 0.00000000 -0.75641467 0.00000000 0.00000000 0.00000000 0.00000000 0.00000000 6.49744042 0.00000000 0.00000000 -35.59012926 0.00000000 0.00000000 29.09268884 0.00000000 0.00000000 0.00000000 0.00000000 0.00000000 0.00000000 12.66024908 0.00000000 0.00000000 0.00000000 0.00000000 -28.38538173 0.00000000 0.00000000 35.59012926 0.00000000 0.00000000 -7.20474753 0.00000000 0.00000000 0.00000000 0.00000000 0.00000000 1.47266919 0.00000000 0.00000000 36.01145578 0.00000000 0.00000000 -37.48412497 0.00000000 0.00000000 0.00000000 0.00000000 0.00000000
0.00000000 0.54095445 0.08000000 0.00000000 0.00000000 0.00000000 0.00000000 0.00000000 0.00000000 0.00000000 0.00000000 0.00000000 0.00000000 0.00000000 0.00000000 0.00000000 0.00000000 0.00000000 0.00000000 0.00000000 0.00000000 45.18710619 0.00000000 0.00000000 -54.47892006 0.00000000 0.00000000 9.29181387 0.00000000 0.00000000 0.00000000 0.00000000 0.00000000 8.37970446 0.00000000 0.00000000 -34.58850580 0.00000000 0.00000000 26.20880134 0.00000000 0.00000000 0.00000000 0.00000000 0.00000000 0.00000000 15.83804492 0.00000000 0.00000000 0.00000000 0.00000000 -25.52268094 0.00000000 0.00000000 34.58850580 0.00000000 0.00000000 -9.06582486 0.00000000 0.00000000 0.00000000 0.00000000 0.00000000 -8.15739205 0.00000000 0.00000000 54.47892006 0.00000000 0.00000000 -46.32152801 0.00000000 0.00000000 0.00000000 0.00000000 0.00000000
0.00000000 0.54606220 0.10000000 0.00000000 0.00000000 0.00000000 0.00000000 0.00000000 0.00000000 0.00000000 0.00000000 0.00000000 0.00000000 0.00000000 0.00000000 0.00000000 0.00000000 0.00000000 0.00000000 0.00000000 0.00000000 51.73596365 0.00000000 0.00000000 -72.45119019 0.00000000 0.00000000 20.71522654 0.00000000 0.00000000 0.00000000 0.00000000 0.00000000 9.80895861 0.00000000 0.00000000 -32.68938342 0.00000000 0.00000000 22.88042481 0.00000000 0.00000000 0.00000000 0.00000000 0.00000000 0.00000000 18.19263991 0.00000000 0.00000000 0.00000000 0.00000000 -22.23416309 0.00000000 0.00000000 32.68938342 0.00000000 0.00000000 -10.45522033 0.00000000 0.00000000 0.00000000 0.00000000 0.00000000 -19.10096834 0.00000000 0.00000000 72.45119019 0.00000000 0.00000000 -53.35022185 0.00000000 0.00000000 0.00000000 0.00000000 0.00000000
0.00000000 0.55040075 0.12000000 0.00000000 0.00000000 0.00000000 0.00000000 0.00000000 0.00000000 0.00000000 0.00000000 0.00000000 0.00000000 0.00000000 0.00000000 0.00000000 0.00000000 0.00000000 0.00000000 0.00000000 0.00000000 54.39660700 0.00000000 0.00000000 -86.78815257 0.00000000 0.00000000 32.39154558 0.00000000 0.00000000 0.00000000 0.00000000 0.00000000 11.12067689 0.00000000 0.00000000 -30.61863005 0.00000000 0.00000000 19.49795316 0.00000000 0.00000000 0.00000000 0.00000000 0.00000000 0.00000000 19.60165122 0.00000000 0.00000000 0.00000000 0.00000000 -18.89471396 0.00000000 0.00000000 30.61863005 0.00000000 0.00000000 -11.72391610 0.00000000 0.00000000 0.00000000 0.00000000 0.00000000 -30.30828645 0.00000000 0.00000000 86.78815257 0.00000000 0.00000000 -56.47986612 0.00000000 0.00000000 0.00000000 0.00000000 0.00000000
0.00000000 0.55307981 0.14000000 0.00000000 0.00000000 0.00000000 0.00000000 0.00000000 0.00000000 0.00000000 0.00000000 0.00000000 0.00000000 0.00000000 0.00000000 0.00000000 0.00000000 0.00000000 0.00000000 0.00000000 0.00000000 52.00381235 0.00000000 0.00000000 -95.43848643 0.00000000 0.00000000 43.43467408 0.00000000 0.00000000 0.00000000 0.00000000 0.00000000 12.69344458 0.00000000 0.00000000 -29.14793018 0.00000000 0.00000000 16.45448561 0.00000000 0.00000000 0.00000000 0.00000000 0.00000000 0.00000000 19.99184386 0.00000000 0.00000000 0.00000000 0.00000000 -15.88154290 0.00000000 0.00000000 29.14793018 0.00000000 0.00000000 -13.26638729 0.00000000 0.00000000 0.00000000 0.00000000 0.00000000 -41.01158376 0.00000000 0.00000000 95.43848643 0.00000000 0.00000000 -54.42690267 0.00000000 0.00000000 0.00000000 0.00000000 0.00000000
0.00000000 0.55354962 0.16000000 0.00000000 0.00000000 0.00000000 0.00000000 0.00000000 0.00000000 0.00000000 0.00000000 0.00000000 0.00000000 0.00000000 0.00000000 0.00000000 0.00000000 0.00000000 0.00000000 0.00000000 0.00000000 44.83017844 0.00000000 0.00000000 -96.94789266 0.00000000 0.00000000 52.11771422 0.00000000 0.00000000 0.00000000 0.00000000 0.00000000 14.83619663 0.00000000 0.00000000 -28.87438271 0.00000000 0.00000000 14.03818608 0.00000000 0.00000000 0.00000000 0.00000000 0.00000000 0.00000000 19.34293709 0.00000000 0.00000000 0.00000000 0.00000000 -13.47085588 0.00000000 0.00000000 28.87438271 0.00000000 0.00000000 -15.40352683 0.00000000 0.00000000 0.00000000 0.00000000 0.00000000 -49.62957495 0.00000000 0.00000000 96.94789266 0.00000000 0.00000000 -47.31831771 0.00000000 0.00000000 0.00000000 0.00000000 0.00000000
0.00000000 0.55171379 0.18000000 0.00000000 0.00000000 0.00000000 0.00000000 0.00000000 0.00000000 0.00000000 0.00000000 0.00000000 0.00000000 0.00000000 0.00000000 0.00000000 0.00000000 0.00000000 0.00000000 0.00000000 0.00000000 34.71429375 0.00000000 0.00000000 -91.02940964 0.00000000 0.00000000 56.31511589 0.00000000 0.00000000 0.00000000 0.00000000 0.00000000 17.62999232 0.00000000 0.00000000 -29.91561659 0.00000000 0.00000000 12.28562427 0.00000000 0.00000000 0.00000000 0.00000000 0.00000000 0.00000000 17.68865862 0.00000000 0.00000000 0.00000000 0.00000000 -11.69689307 0.00000000 0.00000000 29.91561659 0.00000000 0.00000000 -18.21872352 0.00000000 0.00000000 0.00000000 0.00000000 0.00000000 -54.07176604 0.00000000 0.00000000 91.02940964 0.00000000 0.00000000 -36.95764360 0.00000000 0.00000000 0.00000000 0.00000000 0.00000000
0.00000000 0.54794903 0.20000000 0.00000000 0.00000000 0.00000000 0.00000000 0.00000000 0.00000000 0.00000000 0.00000000 0.00000000 0.00000000 0.00000000 0.00000000 0.00000000 0.00000000 0.00000000 0.00000000 0.00000000 0.00000000 23.58536978 0.00000000 0.00000000 -78.74636024 0.00000000 0.00000000 55.16099046 0.00000000 0.00000000 0.00000000 0.00000000 0.00000000 20.88130637 0.00000000 0.00000000 -31.83518752 0.00000000 0.00000000 10.95388115 0.00000000 0.00000000 0.00000000 0.00000000 0.00000000 0.00000000 15.11499149 0.00000000 0.00000000 0.00000000 0.00000000 -10.32541995 0.00000000 0.00000000 31.83518752 0.00000000 0.00000000 -21.50976757 0.00000000 0.00000000 0.00000000 0.00000000 0.00000000 -53.35274112 0.00000000 0.00000000 78.74636024 0.00000000 0.00000000 -25.39361912 0.00000000 0.00000000 0.00000000 0.00000000 0.00000000
0.00000000 0.54302788 0.22000000 0.00000000 0.00000000 0.00000000 0.00000000 0.00000000 0.00000000 0.00000000 0.00000000 0.00000000 0.00000000 0.00000000 0.00000000 0.00000000 0.00000000 0.00000000 0.00000000 0.00000000 0.00000000 12.46054487 0.00000000 0.00000000 -61.94696886 0.00000000 0.00000000 49.48642399 0.00000000 0.00000000 0.00000000 0.00000000 0.00000000 24.23649707 0.00000000 0.00000000 -33.89518609 0.00000000 0.00000000 9.65868901 0.00000000 0.00000000 0.00000000 0.00000000 0.00000000 0.00000000 11.75570505 0.00000000 0.00000000 0.00000000 0.00000000 -8.98716638 0.00000000 0.00000000 33.89518609 0.00000000 0.00000000 -24.90801970 0.00000000 0.00000000 0.00000000 0.00000000 0.00000000 -48.16376354 0.00000000 0.00000000 61.94696886 0.00000000 0.00000000 -13.78320532 0.00000000 0.00000000 0.00000000 0.00000000 0.00000000
0.00000000 0.53796018 0.24000000 0.00000000 0.00000000 0.00000000 0.00000000 0.00000000 0.00000000 0.00000000 0.00000000 0.00000000 0.00000000 0.00000000 0.00000000 0.00000000 0.00000000 0.00000000 0.00000000 0.00000000 0.00000000 2.08395201 0.00000000 0.00000000 -43.13028776 0.00000000 0.00000000 41.04633575 0.00000000 0.00000000 0.00000000 0.00000000 0.00000000 27.31269716 0.00000000 0.00000000 -35.33656136 0.00000000 0.00000000 8.02386420 0.00000000 0.00000000 0.00000000 0.00000000 0.00000000 0.00000000 7.78540213 0.00000000 0.00000000 0.00000000 0.00000000 -7.32193175 0.00000000 0.00000000 35.33656136 0.00000000 0.00000000 -28.01462960 0.00000000 0.00000000 0.00000000 0.00000000 0.00000000 -40.17540277 0.00000000 0.00000000 43.13028776 0.00000000 0.00000000 -2.95488499 0.00000000 0.00000000 0.00000000 0.00000000 0.00000000
0.00000000 0.53378583 0.26000000 0.00000000 0.00000000 0.00000000 0.00000000 0.00000000 0.00000000 0.00000000 0.00000000 0.00000000 0.00000000 0.00000000 0.00000000 0.00000000 0.00000000 0.00000000 0.00000000 0.00000000 0.00000000 -5.21524175 0.00000000 0.00000000 -27.77188362 0.00000000 0.00000000 32.98712536 0.00000000 0.00000000 0.00000000 0.00000000 0.00000000 29.75330275 0.00000000 0.00000000 -35.49487496 0.00000000 0.00000000 5.74157221 0.00000000 0.00000000 0.00000000 0.00000000 0.00000000 0.00000000 3.41044385 0.00000000 0.00000000 0.00000000 0.00000000 -5.03628502 0.00000000 0.00000000 35.49487496 0.00000000 0.00000000 -30.45858994 0.00000000 0.00000000 0.00000000 0.00000000 0.00000000 -32.44234663 0.00000000 0.00000000 27.77188362 0.00000000 0.00000000 4.67046302 0.00000000 0.00000000 0.00000000 0.00000000 0.00000000
0.00000000 0.53136143 0.28000000 0.00000000 0.00000000 0.00000000 0.00000000 0.00000000 0.00000000 0.00000000 0.00000000 0.00000000 0.00000000 0.00000000 0.00000000 0.00000000 0.00000000 0.00000000 0.00000000 0.00000000 0.00000000 -3.18035947 0.00000000 0.00000000 -28.59962231 0.00000000 0.00000000 31.77998178 0.00000000 0.00000000 0.00000000 0.00000000 0.00000000 31.22356241 0.00000000 0.00000000 -33.77920894 0.00000000 0.00000000 2.55564653 0.00000000 0.00000000 0.00000000 0.00000000 0.00000000 0.00000000 -1.14177622 0.00000000 0.00000000 0.00000000 0.00000000 -1.88656051 0.00000000 0.00000000 33.77920894 0.00000000 0.00000000 -31.89264843 0.00000000 0.00000000 0.00000000 0.00000000 0.00000000 -31.21828205 0.00000000 0.00000000 28.59962231 0.00000000 0.00000000 2.61865974 0.00000000 0.00000000 0.00000000 0.00000000 0.00000000
0.00000000 0.53118447 0.30000000 0.00000000 0.00000000 0.00000000 0.00000000 0.00000000 0.00000000 0.00000000 0.00000000 0.00000000 0.00000000 0.00000000 0.00000000 0.00000000 0.00000000 0.00000000 0.00000000 0.00000000 0.00000000 1.32432804 0.00000000 0.00000000 -33.32306203 0.00000000 0.00000000 31.99873399 0.00000000 0.00000000 0.00000000 0.00000000 0.00000000 31.34880079 0.00000000 0.00000000 -29.52072703 0.00000000 0.00000000 -1.82807376 0.00000000 0.00000000 0.00000000 0.00000000 0.00000000 0.00000000 -5.63465114 0.00000000 0.00000000 0.00000000 0.00000000 2.40867657 0.00000000 0.00000000 29.52072703 0.00000000 0.00000000 -31.92940360 0.00000000 0.00000000 0.00000000 0.00000000 0.00000000 -31.33921687 0.00000000 0.00000000 33.32306203 0.00000000 0.00000000 -1.98384516 0.00000000 0.00000000 0.00000000 0.00000000 0.00000000
0.00000000 0.53329125 0.32000000 0.00000000 0.00000000 0.00000000 0.00000000 0.00000000 0.00000000 0.00000000 0.00000000 0.00000000 0.00000000 0.00000000 0.00000000 0.00000000 0.00000000 0.00000000 0.00000000 0.00000000 0.00000000 4.62547717 0.00000000 0.00000000 -35.37297552 0.00000000 0.00000000 30.74749834 0.00000000 0.00000000 0.00000000 0.00000000 0.00000000 31.70070896 0.00000000 0.00000000 -26.56547291 0.00000000 0.00000000 -5.13523604 0.00000000 0.00000000 0.00000000 0.00000000 0.00000000 0.00000000 -9.83465849 0.00000000 0.00000000 0.00000000 0.00000000 5.65546022 0.00000000 0.00000000 26.56547291 0.00000000 0.00000000 -32.22093313 0.00000000 0.00000000 0.00000000 0.00000000 0.00000000 -30.04479452 0.00000000 0.00000000 35.37297552 0.00000000 0.00000000 -5.32818099 0.00000000 0.00000000 0.00000000 0.00000000 0.00000000
0.00000000 0.53724948 0.34000000 0.00000000 0.00000000 0.00000000 0.00000000 0.00000000 0.00000000 0.00000000 0.00000000 0.00000000 0.00000000 0.00000000 0.00000000 0.00000000 0.00000000 0.00000000 0.00000000 0.00000000 0.00000000 7.02610410 0.00000000 0.00000000 -35.45957952 0.00000000 0.00000000 28.43347542 0.00000000 0.00000000 0.00000000 0.00000000 0.00000000 38.88522003 0.00000000 0.00000000 -40.38276502 0.00000000 0.00000000 1.49754499 0.00000000 0.00000000 0.00000000 0.00000000 0.00000000 0.00000000 -13.52349801 0.00000000 0.00000000 0.00000000 0.00000000 -0.68713701 0.00000000 0.00000000 40.38276502 0.00000000 0.00000000 -39.69562801 0.00000000 0.00000000 0.00000000 0.00000000 0.00000000 -27.72893641 0.00000000 0.00000000 35.45957952 0.00000000 0.00000000 -7.73064311 0.00000000 0.00000000 0.00000000 0.00000000 0.00000000
0.00000000 0.54224689 0.36000000 0.00000000 0.00000000 0.00000000 0.00000000 0.00000000 0.00000000 0.00000000 0.00000000 0.00000000 0.00000000 0.00000000 0.00000000 0.00000000 0.00000000 0.00000000 0.00000000 0.00000000 0.00000000 8.76761271 0.00000000 0.00000000 -34.17128140 0.00000000 0.00000000 25.40366869 0.00000000 0.00000000 0.00000000 0.00000000 0.00000000 47.09488169 0.00000000 0.00000000 -59.17765384 0.00000000 0.00000000 12.08277215 0.00000000 0.00000000 0.00000000 0.00000000 0.00000000 0.00000000 -16.50943794 0.00000000 0.00000000 0.00000000 0.00000000 -10.83152358 0.00000000 0.00000000 59.17765384 0.00000000 0.00000000 -48.34613026 0.00000000 0.00000000 0.00000000 0.00000000 0.00000000 -24.72633941 0.00000000 0.00000000 34.17128140 0.00000000 0.00000000 -9.44494198 0.00000000 0.00000000 0.00000000 0.00000000 0.00000000
0.00000000 0.54725802 0.38000000 0.00000000 0.00000000 0.00000000 0.00000000 0.00000000 0.00000000 0.00000000 0.00000000 0.00000000 0.00000000 0.00000000 0.00000000 0.00000000 0.00000000 0.00000000 0.00000000 0.00000000 0.00000000 10.13333177 0.00000000 0.00000000 -32.15738987 0.00000000 0.00000000 22.02405810 0.00000000 0.00000000 0.00000000 0.00000000 0.00000000 52.82701981 0.00000000 0.00000000 -76.46450359 0.00000000 0.00000000 23.63748378 0.00000000 0.00000000 0.00000000 0.00000000 0.00000000 0.00000000 -18.63728058 0.00000000 0.00000000 0.00000000 0.00000000 -21.90147893 0.00000000 0.00000000 76.46450359 0.00000000 0.00000000 -54.56302466 0.00000000 0.00000000 0.00000000 0.00000000 0.00000000 -21.38889155 0.00000000 0.00000000 32.15738987 0.00000000 0.00000000 -10.76849832 0.00000000 0.00000000 0.00000000 0.00000000 0.00000000
0.00000000 0.55125455 0.40000000 0.00000000 0.00000000 0.00000000 0.00000000 0.00000000 0.00000000 0.00000000 0.00000000 0.00000000 0.00000000 0.00000000 0.00000000 0.00000000 0.00000000 0.00000000 0.00000000 0.00000000 0.00000000 11.47488104 0.00000000 0.00000000 -30.16594764 0.00000000 0.00000000 18.69106660 0.00000000 0.00000000 0.00000000 0.00000000 0.00000000 54.29290078 0.00000000 0.00000000 -89.55398107 0.00000000 0.00000000 35.26108029 0.00000000 0.00000000 0.00000000 0.00000000 0.00000000 0.00000000 -19.79642884 0.00000000 0.00000000 0.00000000 0.00000000 -33.07474994 0.00000000 0.00000000 89.55398107 0.00000000 0.00000000 -56.47923113 0.00000000 0.00000000 0.00000000 0.00000000 0.00000000 -18.09717486 0.00000000 0.00000000 30.16594764 0.00000000 0.00000000 -12.06877278 0.00000000 0.00000000 0.00000000 0.00000000 0.00000000
0.00000000 0.55341639 0.42000000 0.00000000 0.00000000 0.00000000 0.00000000 0.00000000 0.00000000 0.00000000 0.00000000 0.00000000 0.00000000 0.00000000 0.00000000 0.00000000 0.00000000 0.00000000 0.00000000 0.00000000 0.00000000 13.16759770 0.00000000 0.00000000 -28.95256076 0.00000000 0.00000000 15.78496307 0.00000000 0.00000000 0.00000000 0.00000000 0.00000000 50.60650323 0.00000000 0.00000000 -96.52137164 0.00000000 0.00000000 45.91486840 0.00000000 0.00000000 0.00000000 0.00000000 0.00000000 0.00000000 -19.92663462 0.00000000 0.00000000 0.00000000 0.00000000 -43.44530456 0.00000000 0.00000000 96.52137164 0.00000000 0.00000000 -53.07606708 0.00000000 0.00000000 0.00000000 0.00000000 0.00000000 -15.21602956 0.00000000 0.00000000 28.95256076 0.00000000 0.00000000 -13.73653120 0.00000000 0.00000000 0.00000000 0.00000000 0.00000000
0.00000000 0.55329993 0.44000000 0.00000000 0.00000000 0.00000000 0.00000000 0.00000000 0.00000000 0.00000000 0.00000000 0.00000000 0.00000000 0.00000000 0.00000000 0.00000000 0.00000000 0.00000000 0.00000000 0.00000000 0.00000000 15.47695298 0.00000000 0.00000000 -29.02013946 0.00000000 0.00000000 13.54318647 0.00000000 0.00000000 0.00000000 0.00000000 0.00000000 42.48906311 0.00000000 0.00000000 -96.14319830 0.00000000 0.00000000 53.65413519 0.00000000 0.00000000 0.00000000 0.00000000 0.00000000 0.00000000 -19.02113033 0.00000000 0.00000000 0.00000000 0.00000000 -51.20091213 0.00000000 0.00000000 96.14319830 0.00000000 0.00000000 -44.94228617 0.00000000 0.00000000 0.00000000 0.00000000 0.00000000 -12.97286658 0.00000000 0.00000000 29.02013946 0.00000000 0.00000000 -16.04727288 0.00000000 0.00000000 0.00000000 0.00000000 0.00000000
0.00000000 0.55092905 0.46000000 0.00000000 0.00000000 0.00000000 0.00000000 0.00000000 0.00000000 0.00000000 0.00000000 0.00000000 0.00000000 0.00000000 0.00000000 0.00000000 0.00000000 0.00000000 0.00000000 0.00000000 0.00000000 18.41223039 0.00000000 0.00000000 -30.33946536 0.00000000 0.00000000 11.92723497 0.00000000 0.00000000 0.00000000 0.00000000 0.00000000 31.97209979 0.00000000 0.00000000 -88.49158612 0.00000000 0.00000000 56.51948633 0.00000000 0.00000000 0.00000000 0.00000000 0.00000000 0.00000000 -17.12698061 0.00000000 0.00000000 0.00000000 0.00000000 -54.37331890 0.00000000 0.00000000 88.49158612 0.00000000 0.00000000 -34.11826722 0.00000000 0.00000000 0.00000000 0.00000000 0.00000000 -11.32976262 0.00000000 0.00000000 30.33946536 0.00000000 0.00000000 -19.00970274 0.00000000 0.00000000 0.00000000 0.00000000 0.00000000
0.00000000 0.54679028 0.48000000 0.00000000 0.00000000 0.00000000 0.00000000 0.00000000 0.00000000 0.00000000 0.00000000 0.00000000 0.00000000 0.00000000 0.00000000 0.00000000 0.00000000 0.00000000 0.00000000 0.00000000 0.00000000 21.72552677 0.00000000 0.00000000 -32.36781523 0.00000000 0.00000000 10.64228846 0.00000000 0.00000000 0.00000000 0.00000000 0.00000000 20.77944629 0.00000000 0.00000000 -74.88778524 0.00000000 0.00000000 54.10833895 0.00000000 0.00000000 0.00000000 0.00000000 0.00000000 0.00000000 -14.34263610 0.00000000 0.00000000 0.00000000 0.00000000 -52.42094085 0.00000000 0.00000000 74.88778524 0.00000000 0.00000000 -22.46684439 0.00000000 0.00000000 0.00000000 0.00000000 0.00000000 -10.00273689 0.00000000 0.00000000 32.36781523 0.00000000 0.00000000 -22.36507834 0.00000000 0.00000000 0.00000000 0.00000000 0.00000000
0.00000000 0.54173290 0.50000000 0.00000000 0.00000000 0.00000000 0.00000000 0.00000000 0.00000000 0.00000000 0.00000000 0.00000000 0.00000000 0.00000000 0.00000000 0.00000000 0.00000000 0.00000000 0.00000000 0.00000000 0.00000000 25.04620520 0.00000000 0.00000000 -34.34131252 0.00000000 0.00000000 9.29510732 0.00000000 0.00000000 0.00000000 0.00000000 0.00000000 9.75415311 0.00000000 0.00000000 -57.30638181 0.00000000 0.00000000 47.55222870 0.00000000 0.00000000 0.00000000 0.00000000 0.00000000 0.00000000 -10.81281635 0.00000000 0.00000000 0.00000000 0.00000000 -46.34813030 0.00000000 0.00000000 57.30638181 0.00000000 0.00000000 -10.95825151 0.00000000 0.00000000 0.00000000 0.00000000 0.00000000 -8.61419780 0.00000000 0.00000000 34.34131252 0.00000000 0.00000000 -25.72711472 0.00000000 0.00000000 0.00000000 0.00000000 0.00000000
0.00000000 0.53679470 0.52000000 0.00000000 0.00000000 0.00000000 0.00000000 0.00000000 0.00000000 0.00000000 0.00000000 0.00000000 0.00000000 0.00000000 0.00000000 0.00000000 0.00000000 0.00000000 0.00000000 0.00000000 0.00000000 27.99567076 0.00000000 0.00000000 -35.52017115 0.00000000 0.00000000 7.52450039 0.00000000 0.00000000 0.00000000 0.00000000 0.00000000 -0.20636625 0.00000000 0.00000000 -38.59371906 0.00000000 0.00000000 38.80008531 0.00000000 0.00000000 0.00000000 0.00000000 0.00000000 0.00000000 -6.72098786 0.00000000 0.00000000 0.00000000 0.00000000 -38.02851347 0.00000000 0.00000000 38.59371906 0.00000000 0.00000000 -0.56520559 0.00000000 0.00000000 0.00000000 0.00000000 0.00000000 -6.81867689 0.00000000 0.00000000 35.52017115 0.00000000 0.00000000 -28.70149427 0.00000000 0.00000000 0.00000000 0.00000000 0.00000000
0.00000000 0.53298901 0.54000000 0.00000000 0.00000000 0.00000000 0.00000000 0.00000000 0.00000000 0.00000000 0.00000000 0.00000000 0.00000000 0.00000000 0.00000000 0.00000000 0.00000000 0.00000000 0.00000000 0.00000000 0.00000000 30.22494751 0.00000000 0.00000000 -35.26448346 0.00000000 0.00000000 5.03953595 0.00000000 0.00000000 0.00000000 0.00000000 0.00000000 -5.80325067 0.00000000 0.00000000 -26.02096393 0.00000000 0.00000000 31.82421460 0.00000000 0.00000000 0.00000000 0.00000000 0.00000000 0.00000000 -2.27982820 0.00000000 0.00000000 0.00000000 0.00000000 -31.31503280 0.00000000 0.00000000 26.02096393 0.00000000 0.00000000 5.29406887 0.00000000 0.00000000 0.00000000 0.00000000 0.00000000 -4.33912989 0.00000000 0.00000000 35.26448346 0.00000000 0.00000000 -30.92535357 0.00000000 0.00000000 0.00000000 0.00000000 0.00000000
0.00000000 0.53109678 0.56000000 0.00000000 0.00000000 0.00000000 0.00000000 0.00000000 0.00000000 0.00000000 0.00000000 0.00000000 0.00000000 0.00000000 0.00000000 0.00000000 0.00000000 0.00000000 0.00000000 0.00000000 0.00000000 31.39849908 0.00000000 0.00000000 -32.98537422 0.00000000 0.00000000 1.58687514 0.00000000 0.00000000 0.00000000 0.00000000 0.00000000 -1.91572132 0.00000000 0.00000000 -30.08740318 0.00000000 0.00000000 32.00312450 0.00000000 0.00000000 0.00000000 0.00000000 0.00000000 0.00000000 2.27982820 0.00000000 0.00000000 0.00000000 0.00000000 -31.41085259 0.00000000 0.00000000 30.08740318 0.00000000 0.00000000 1.32344941 0.00000000 0.00000000 0.00000000 0.00000000 0.00000000 -0.93442724 0.00000000 0.00000000 32.98537422 0.00000000 0.00000000 -32.05094699 0.00000000 0.00000000 0.00000000 0.00000000 0.00000000
0.00000000 0.53150630 0.58000000 0.00000000 0.00000000 0.00000000 0.00000000 0.00000000 0.00000000 0.00000000 0.00000000 0.00000000 0.00000000 0.00000000 0.00000000 0.00000000 0.00000000 0.00000000 0.00000000 0.00000000 0.00000000 31.10614025 0.00000000 0.00000000 -27.93767525 0.00000000 0.00000000 -3.16846501 0.00000000 0.00000000 0.00000000 0.00000000 0.00000000 2.24781919 0.00000000 0.00000000 -34.05311860 0.00000000 0.00000000 31.80529941 0.00000000 0.00000000 0.00000000 0.00000000 0.00000000 0.00000000 6.72098786 0.00000000 0.00000000 0.00000000 0.00000000 -31.13045630 0.00000000 0.00000000 34.05311860 0.00000000 0.00000000 -2.92266230 0.00000000 0.00000000 0.00000000 0.00000000 0.00000000 3.71662802 0.00000000 0.00000000 27.93767525 0.00000000 0.00000000 -31.65430327 0.00000000 0.00000000 0.00000000 0.00000000 0.00000000
0.00000000 0.53413353 0.60000000 0.00000000 0.00000000 0.00000000 0.00000000 0.00000000 0.00000000 0.00000000 0.00000000 0.00000000 0.00000000 0.00000000 0.00000000 0.00000000 0.00000000 0.00000000 0.00000000 0.00000000 0.00000000 33.03541192 0.00000000 0.00000000 -28.81366374 0.00000000 0.00000000 -4.22174819 0.00000000 0.00000000 0.00000000 0.00000000 0.00000000 5.30074964 0.00000000 0.00000000 -35.55576824 0.00000000 0.00000000 30.25501860 0.00000000 0.00000000 0.00000000 0.00000000 0.00000000 0.00000000 10.81281635 0.00000000 0.00000000 0.00000000 0.00000000 -29.54844026 0.00000000 0.00000000 35.55576824 0.00000000 0.00000000 -6.00732799 0.00000000 0.00000000 0.00000000 0.00000000 0.00000000 4.78783351 0.00000000 0.00000000 28.81366374 0.00000000 0.00000000 -33.60149725 0.00000000 0.00000000 0.00000000 0.00000000 0.00000000
0.00000000 0.53843935 0.62000000 0.00000000 0.00000000 0.00000000 0.00000000 0.00000000 0.00000000 0.00000000 0.00000000 0.00000000 0.00000000 0.00000000 0.00000000 0.00000000 0.00000000 0.00000000 0.00000000 0.00000000 0.00000000 41.03632295 0.00000000 0.00000000 -44.99886207 0.00000000 0.00000000 3.96253912 0.00000000 0.00000000 0.00000000 0.00000000 0.00000000 7.51333042 0.00000000 0.00000000 -35.24273294 0.00000000 0.00000000 27.72940252 0.00000000 0.00000000 0.00000000 0.00000000 0.00000000 0.00000000 14.34263610 0.00000000 0.00000000 0.00000000 0.00000000 -27.02945695 0.00000000 0.00000000 35.24273294 0.00000000 0.00000000 -8.21327599 0.00000000 0.00000000 0.00000000 0.00000000 0.00000000 -3.04978833 0.00000000 0.00000000 44.99886207 0.00000000 0.00000000 -41.94907374 0.00000000 0.00000000 0.00000000 0.00000000 0.00000000
0.00000000 0.54354020 0.64000000 0.00000000 0.00000000 0.00000000 0.00000000 0.00000000 0.00000000 0.00000000 0.00000000 0.00000000 0.00000000 0.00000000 0.00000000 0.00000000 0.00000000 0.00000000 0.00000000 0.00000000 0.00000000 48.84250411 0.00000000 0.00000000 -63.76925690 0.00000000 0.00000000 14.92675279 0.00000000 0.00000000 0.00000000 0.00000000 0.00000000 9.13165885 0.00000000 0.00000000 -33.70815079 0.00000000 0.00000000 24.57649194 0.00000000 0.00000000 0.00000000 0.00000000 0.00000000 0.00000000 17.12698061 0.00000000 0.00000000 0.00000000 0.00000000 -23.90889806 0.00000000 0.00000000 33.70815079 0.00000000 0.00000000 -9.79925272 0.00000000 0.00000000 0.00000000 0.00000000 0.00000000 -13.55596593 0.00000000 0.00000000 63.76925690 0.00000000 0.00000000 -50.21329096 0.00000000 0.00000000 0.00000000 0.00000000 0.00000000
0.00000000 0.54838937 0.66000000 0.00000000 0.00000000 0.00000000 0.00000000 0.00000000 0.00000000 0.00000000 0.00000000 0.00000000 0.00000000 0.00000000 0.00000000 0.00000000 0.00000000 0.00000000 0.00000000 0.00000000 0.00000000 53.64794286 0.00000000 0.00000000 -80.21311227 0.00000000 0.00000000 26.56516941 0.00000000 0.00000000 0.00000000 0.00000000 0.00000000 10.45601090 0.00000000 0.00000000 -31.62663278 0.00000000 0.00000000 21.17062188 0.00000000 0.00000000 0.00000000 0.00000000 0.00000000 0.00000000 19.02113033 0.00000000 0.00000000 0.00000000 0.00000000 -20.54649516 0.00000000 0.00000000 31.62663278 0.00000000 0.00000000 -11.08013761 0.00000000 0.00000000 0.00000000 0.00000000 0.00000000 -24.70922661 0.00000000 0.00000000 80.21311227 0.00000000 0.00000000 -55.50388566 0.00000000 0.00000000 0.00000000 0.00000000 0.00000000
0.00000000 0.55199179 0.68000000 0.00000000 0.00000000 0.00000000 0.00000000 0.00000000 0.00000000 0.00000000 0.00000000 0.00000000 0.00000000 0.00000000 0.00000000 0.00000000 0.00000000 0.00000000 0.00000000 0.00000000 0.00000000 53.85852782 0.00000000 0.00000000 -91.93422491 0.00000000 0.00000000 38.07569709 0.00000000 0.00000000 0.00000000 0.00000000 0.00000000 11.85154318 0.00000000 0.00000000 -29.76307792 0.00000000 0.00000000 17.91153475 0.00000000 0.00000000 0.00000000 0.00000000 0.00000000 0.00000000 19.92663462 0.00000000 0.00000000 0.00000000 0.00000000 -17.32594516 0.00000000 0.00000000 29.76307792 0.00000000 0.00000000 -12.43713276 0.00000000 0.00000000 0.00000000 0.00000000 0.00000000 -35.79663597 0.00000000 0.00000000 91.93422491 0.00000000 0.00000000 -56.13758894 0.00000000 0.00000000 0.00000000 0.00000000 0.00000000
0.00000000 0.55360824 0.70000000 0.00000000 0.00000000 0.00000000 0.00000000 0.00000000 0.00000000 0.00000000 0.00000000 0.00000000 0.00000000 0.00000000 0.00000000 0.00000000 0.00000000 0.00000000 0.00000000 0.00000000 0.00000000 48.92445261 0.00000000 0.00000000 -97.13822551 0.00000000 0.00000000 48.21377290 0.00000000 0.00000000 0.00000000 0.00000000 0.00000000 13.68166117 0.00000000 0.00000000 -28.84009468 0.00000000 0.00000000 15.15843351 0.00000000 0.00000000 0.00000000 0.00000000 0.00000000 0.00000000 19.79642884 0.00000000 0.00000000 0.00000000 0.00000000 -14.59180633 0.00000000 0.00000000 28.84009468 0.00000000 0.00000000 -14.24828835 0.00000000 0.00000000 0.00000000 0.00000000 0.00000000 -45.71729403 0.00000000 0.00000000 97.13822551 0.00000000 0.00000000 -51.42093148 0.00000000 0.00000000 0.00000000 0.00000000 0.00000000
0.00000000 0.55290701 0.72000000 0.00000000 0.00000000 0.00000000 0.00000000 0.00000000 0.00000000 0.00000000 0.00000000 0.00000000 0.00000000 0.00000000 0.00000000 0.00000000 0.00000000 0.00000000 0.00000000 0.00000000 0.00000000 40.00062594 0.00000000 0.00000000 -94.87730398 0.00000000 0.00000000 54.87667804 0.00000000 0.00000000 0.00000000 0.00000000 0.00000000 16.15819364 0.00000000 0.00000000 -29.24685722 0.00000000 0.00000000 13.08866357 0.00000000 0.00000000 0.00000000 0.00000000 0.00000000 0.00000000 18.63728058 0.00000000 0.00000000 0.00000000 0.00000000 -12.51368942 0.00000000 0.00000000 29.24685722 0.00000000 0.00000000 -16.73316780 0.00000000 0.00000000 0.00000000 0.00000000 0.00000000 -52.47729346 0.00000000 0.00000000 94.87730398 0.00000000 0.00000000 -42.40001052 0.00000000 0.00000000 0.00000000 0.00000000 0.00000000
0.00000000 0.55003200 0.74000000 0.00000000 0.00000000 0.00000000 0.00000000 0.00000000 0.00000000 0.00000000 0.00000000 0.00000000 0.00000000 0.00000000 0.00000000 0.00000000 0.00000000 0.00000000 0.00000000 0.00000000 0.00000000 29.19301536 0.00000000 0.00000000 -85.57911257 0.00000000 0.00000000 56.38609721 0.00000000 0.00000000 0.00000000 0.00000000 0.00000000 19.21866143 0.00000000 0.00000000 -30.80863735 0.00000000 0.00000000 11.58997591 0.00000000 0.00000000 0.00000000 0.00000000 0.00000000 0.00000000 16.50943794 0.00000000 0.00000000 0.00000000 0.00000000 -10.98280723 0.00000000 0.00000000 30.80863735 0.00000000 0.00000000 -19.82583012 0.00000000 0.00000000 0.00000000 0.00000000 0.00000000 -54.34642504 0.00000000 0.00000000 85.57911257 0.00000000 0.00000000 -31.23268753 0.00000000 0.00000000 0.00000000 0.00000000 0.00000000
0.00000000 0.54557316 0.76000000 0.00000000 0.00000000 0.00000000 0.00000000 0.00000000 0.00000000 0.00000000 0.00000000 0.00000000 0.00000000 0.00000000 0.00000000 0.00000000 0.00000000 0.00000000 0.00000000 0.00000000 0.00000000 17.98413561 0.00000000 0.00000000 -70.77789773 0.00000000 0.00000000 52.79376212 0.00000000 0.00000000 0.00000000 0.00000000 0.00000000 22.57018956 0.00000000 0.00000000 -32.89677118 0.00000000 0.00000000 10.32658162 0.00000000 0.00000000 0.00000000 0.00000000 0.00000000 0.00000000 13.52349801 0.00000000 0.00000000 0.00000000 0.00000000 -9.67598650 0.00000000 0.00000000 32.89677118 0.00000000 0.00000000 -23.22078468 0.00000000 0.00000000 0.00000000 0.00000000 0.00000000 -51.22842253 0.00000000 0.00000000 70.77789773 0.00000000 0.00000000 -19.54947520 0.00000000 0.00000000 0.00000000 0.00000000 0.00000000
0.00000000 0.54044548 0.78000000 0.00000000 0.00000000 0.00000000 0.00000000 0.00000000 0.00000000 0.00000000 0.00000000 0.00000000 0.00000000 0.00000000 0.00000000 0.00000000 0.00000000 0.00000000 0.00000000 0.00000000 0.00000000 7.10535715 0.00000000 0.00000000 -52.57966254 0.00000000 0.00000000 45.47430538 0.00000000 0.00000000 0.00000000 0.00000000 0.00000000 25.83253848 0.00000000 0.00000000 -34.73721607 0.00000000 0.00000000 8.90467758 0.00000000 0.00000000 0.00000000 0.00000000 0.00000000 0.00000000 9.83465849 0.00000000 0.00000000 0.00000000 0.00000000 -8.21541898 0.00000000 0.00000000 34.73721607 0.00000000 0.00000000 -26.52179709 0.00000000 0.00000000 0.00000000 0.00000000 0.00000000 -44.38569634 0.00000000 0.00000000 52.57966254 0.00000000 0.00000000 -8.19396619 0.00000000 0.00000000 0.00000000 0.00000000 0.00000000
0.00000000 0.53570116 0.80000000 0.00000000 0.00000000 0.00000000 0.00000000 0.00000000 0.00000000 0.00000000 0.00000000 0.00000000 0.00000000 0.00000000 0.00000000 0.00000000 0.00000000 0.00000000 0.00000000 0.00000000 0.00000000 -2.26186885 0.00000000 0.00000000 -34.36829359 0.00000000 0.00000000 36.63016244 0.00000000 0.00000000 0.00000000 0.00000000 0.00000000 28.63353525 0.00000000 0.00000000 -35.61379952 0.00000000 0.00000000 6.98026428 0.00000000 0.00000000 0.00000000 0.00000000 0.00000000 0.00000000 5.63465114 0.00000000 0.00000000 0.00000000 0.00000000 -6.27245506 0.00000000 0.00000000 35.61379952 0.00000000 0.00000000 -29.34134446 0.00000000 0.00000000 0.00000000 0.00000000 0.00000000 -35.94868449 0.00000000 0.00000000 34.36829359 0.00000000 0.00000000 1.58039090 0.00000000 0.00000000 0.00000000 0.00000000 0.00000000
0.00000000 0.53231375 0.82000000 0.00000000 0.00000000 0.00000000 0.00000000 0.00000000 0.00000000 0.00000000 0.00000000 0.00000000 0.00000000 0.00000000 0.00000000 0.00000000 0.00000000 0.00000000 0.00000000 0.00000000 0.00000000 -5.59965060 0.00000000 0.00000000 -25.69248999 0.00000000 0.00000000 31.29214059 0.00000000 0.00000000 0.00000000 0.00000000 0.00000000 30.63084561 0.00000000 0.00000000 -34.90812832 0.00000000 0.00000000 4.27728272 0.00000000 0.00000000 0.00000000 0.00000000 0.00000000 0.00000000 1.14177622 0.00000000 0.00000000 0.00000000 0.00000000 -3.58441423 0.00000000 0.00000000 34.90812832 0.00000000 0.00000000 -31.32371409 0.00000000 0.00000000 0.00000000 0.00000000 0.00000000 -30.78960832 0.00000000 0.00000000 25.69248999 0.00000000 0.00000000 5.09711833 0.00000000 0.00000000 0.00000000 0.00000000 0.00000000
0.00000000 0.53097836 0.84000000 0.00000000 0.00000000 0.00000000 0.00000000 0.00000000 0.00000000 0.00000000 0.00000000 0.00000000 0.00000000 0.00000000 0.00000000 0.00000000 0.00000000 0.00000000 0.00000000 0.00000000 0.00000000 -0.75014873 0.00000000 0.00000000 -31.35619907 0.00000000 0.00000000 32.10634780 0.00000000 0.00000000 0.00000000 0.00000000 0.00000000 31.48345033 0.00000000 0.00000000 -32.02200470 0.00000000 0.00000000 0.53855437 0.00000000 0.00000000 0.00000000 0.00000000 0.00000000 0.00000000 -3.41044385 0.00000000 0.00000000 0.00000000 0.00000000 0.09379337 0.00000000 0.00000000 32.02200470 0.00000000 0.00000000 -32.11579807 0.00000000 0.00000000 0.00000000 0.00000000 0.00000000 -31.48783500 0.00000000 0.00000000 31.35619907 0.00000000 0.00000000 0.13163592 0.00000000 0.00000000 0.00000000 0.00000000 0.00000000
0.00000000 0.53196902 0.86000000 0.00000000 0.00000000 0.00000000 0.00000000 0.00000000 0.00000000 0.00000000 0.00000000 0.00000000 0.00000000 0.00000000 0.00000000 0.00000000 0.00000000 0.00000000 0.00000000 0.00000000 0.00000000 3.10290583 0.00000000 0.00000000 -34.63115216 0.00000000 0.00000000 31.52824633 0.00000000 0.00000000 0.00000000 0.00000000 0.00000000 30.78153420 0.00000000 0.00000000 -26.22228663 0.00000000 0.00000000 -4.55924757 0.00000000 0.00000000 0.00000000 0.00000000 0.00000000 0.00000000 -7.78540213 0.00000000 0.00000000 0.00000000 0.00000000 5.07250924 0.00000000 0.00000000 26.22228663 0.00000000 0.00000000 -31.29479587 0.00000000 0.00000000 0.00000000 0.00000000 0.00000000 -30.84122623 0.00000000 0.00000000 34.63115216 0.00000000 0.00000000 -3.78992593 0.00000000 0.00000000 0.00000000 0.00000000 0.00000000
0.00000000 0.53508244 0.88000000 0.00000000 0.00000000 0.00000000 0.00000000 0.00000000 0.00000000 0.00000000 0.00000000 0.00000000 0.00000000 0.00000000 0.00000000 0.00000000 0.00000000 0.00000000 0.00000000 0.00000000 0.00000000 5.92354124 0.00000000 0.00000000 -35.62518739 0.00000000 0.00000000 29.70164615 0.00000000 0.00000000 0.00000000 0.00000000 0.00000000 34.77626545 0.00000000 0.00000000 -32.06974286 0.00000000 0.00000000 -2.70652259 0.00000000 0.00000000 0.00000000 0.00000000 0.00000000 0.00000000 -11.75570505 0.00000000 0.00000000 0.00000000 0.00000000 3.33986405 0.00000000 0.00000000 32.06974286 0.00000000 0.00000000 -35.40960691 0.00000000 0.00000000 0.00000000 0.00000000 0.00000000 -28.99359535 0.00000000 0.00000000 35.62518739 0.00000000 0.00000000 -6.63159204 0.00000000 0.00000000 0.00000000 0.00000000 0.00000000
0.00000000 0.53967973 0.90000000 0.00000000 0.00000000 0.00000000 0.00000000 0.00000000 0.00000000 0.00000000 0.00000000 0.00000000 0.00000000 0.00000000 0.00000000 0.00000000 0.00000000 0.00000000 0.00000000 0.00000000 0.00000000 7.96311669 0.00000000 0.00000000 -34.94908581 0.00000000 0.00000000 26.98596912 0.00000000 0.00000000 0.00000000 0.00000000 0.00000000 43.15394889 0.00000000 0.00000000 -49.72902545 0.00000000 0.00000000 6.57507656 0.00000000 0.00000000 0.00000000 0.00000000 0.00000000 0.00000000 -15.11499149 0.00000000 0.00000000 0.00000000 0.00000000 -5.55384613 0.00000000 0.00000000 49.72902545 0.00000000 0.00000000 -44.17517932 0.00000000 0.00000000 0.00000000 0.00000000 0.00000000 -26.29223506 0.00000000 0.00000000 34.94908581 0.00000000 0.00000000 -8.65685075 0.00000000 0.00000000 0.00000000 0.00000000 0.00000000
0.00000000 0.54481752 0.92000000 0.00000000 0.00000000 0.00000000 0.00000000 0.00000000 0.00000000 0.00000000 0.00000000 0.00000000 0.00000000 0.00000000 0.00000000 0.00000000 0.00000000 0.00000000 0.00000000 0.00000000 0.00000000 9.47696657 0.00000000 0.00000000 -33.21030816 0.00000000 0.00000000 23.73334159 0.00000000 0.00000000 0.00000000 0.00000000 0.00000000 50.39900450 0.00000000 0.00000000 -68.20724841 0.00000000 0.00000000 17.80824391 0.00000000 0.00000000 0.00000000 0.00000000 0.00000000 0.00000000 -17.68865862 0.00000000 0.00000000 0.00000000 0.00000000 -16.31611883 0.00000000 0.00000000 68.20724841 0.00000000 0.00000000 -51.89112958 0.00000000 0.00000000 0.00000000 0.00000000 0.00000000 -23.07618625 0.00000000 0.00000000 33.21030816 0.00000000 0.00000000 -10.13412190 0.00000000 0.00000000 0.00000000 0.00000000 0.00000000
0.00000000 0.54944152 0.94000000 0.00000000 0.00000000 0.00000000 0.00000000 0.00000000 0.00000000 0.00000000 0.00000000 0.00000000 0.00000000 0.00000000 0.00000000 0.00000000 0.00000000 0.00000000 0.00000000 0.00000000 0.00000000 10.78307851 0.00000000 0.00000000 -31.10957172 0.00000000 0.00000000 20.32649320 0.00000000 0.00000000 0.00000000 0.00000000 0.00000000 54.17715528 0.00000000 0.00000000 -83.66465842 0.00000000 0.00000000 29.48750315 0.00000000 0.00000000 0.00000000 0.00000000 0.00000000 0.00000000 -19.34293709 0.00000000 0.00000000 0.00000000 0.00000000 -27.51513862 0.00000000 0.00000000 83.66465842 0.00000000 0.00000000 -56.14951981 0.00000000 0.00000000 0.00000000 0.00000000 0.00000000 -19.71309364 0.00000000 0.00000000 31.10957172 0.00000000 0.00000000 -11.39647808 0.00000000 0.00000000 0.00000000 0.00000000 0.00000000
0.00000000 0.55260287 0.96000000 0.00000000 0.00000000 0.00000000 0.00000000 0.00000000 0.00000000 0.00000000 0.00000000 0.00000000 0.00000000 0.00000000 0.00000000 0.00000000 0.00000000 0.00000000 0.00000000 0.00000000 0.00000000 12.25611329 0.00000000 0.00000000 -29.42063810 0.00000000 0.00000000 17.16452481 0.00000000 0.00000000 0.00000000 0.00000000 0.00000000 53.09302357 0.00000000 0.00000000 -93.90324687 0.00000000 0.00000000 40.81022330 0.00000000 0.00000000 0.00000000 0.00000000 0.00000000 0.00000000 -19.99184386 0.00000000 0.00000000 0.00000000 0.00000000 -38.45139165 0.00000000 0.00000000 93.90324687 0.00000000 0.00000000 -55.45185523 0.00000000 0.00000000 0.00000000 0.00000000 0.00000000 -16.58597988 0.00000000 0.00000000 29.42063810 0.00000000 0.00000000 -12.83465822 0.00000000 0.00000000 0.00000000 0.00000000 0.00000000
0.00000000 0.55365284 0.98000000 0.00000000 0.00000000 0.00000000 0.00000000 0.00000000 0.00000000 0.00000000 0.00000000 0.00000000 0.00000000 0.00000000 0.00000000 0.00000000 0.00000000 0.00000000 0.00000000 0.00000000 0.00000000 14.23760678 0.00000000 0.00000000 -28.81378067 0.00000000 0.00000000 14.57617389 0.00000000 0.00000000 0.00000000 0.00000000 0.00000000 46.98752860 0.00000000 0.00000000 -97.28102659 0.00000000 0.00000000 50.29349800 0.00000000 0.00000000 0.00000000 0.00000000 0.00000000 0.00000000 -19.60165122 0.00000000 0.00000000 0.00000000 0.00000000 -47.79074155 0.00000000 0.00000000 97.28102659 0.00000000 0.00000000 -49.49028505 0.00000000 0.00000000 0.00000000 0.00000000 0.00000000 -14.01008616 0.00000000 0.00000000 28.81378067 0.00000000 0.00000000 -14.80369451 0.00000000 0.00000000 0.00000000 0.00000000 0.00000000
0.00000000 0.55237599 1.00000000 0.00000000 0.00000000 0.00000000 0.00000000 0.00000000 0.00000000 0.00000000 0.00000000 0.00000000 0.00000000 0.00000000 0.00000000 0.00000000 0.00000000 0.00000000 0.00000000 0.00000000 0.00000000 16.87712687 0.00000000 0.00000000 -29.54812395 0.00000000 0.00000000 12.67099708 0.00000000 0.00000000 0.00000000 0.00000000 0.00000000 37.39896595 0.00000000 0.00000000 -93.16594781 0.00000000 0.00000000 55.76698186 0.00000000 0.00000000 0.00000000 0.00000000 0.00000000 0.00000000 -18.19263991 0.00000000 0.00000000 0.00000000 0.00000000 -53.43835883 0.00000000 0.00000000 93.16594781 0.00000000 0.00000000 -39.72758898 0.00000000 0.00000000 0.00000000 0.00000000 0.00000000 -12.08983081 0.00000000 0.00000000 29.54812395 0.00000000 0.00000000 -17.45829313 0.00000000 0.00000000 0.00000000 0.00000000 0.00000000
0.00000000 0.54903432 1.02000000 0.00000000 0.00000000 0.00000000 0.00000000 0.00000000 0.00000000 0.00000000 0.00000000 0.00000000 0.00000000 0.00000000 0.00000000 0.00000000 0.00000000 0.00000000 0.00000000 0.00000000 0.00000000 20.04365913 0.00000000 0.00000000 -31.31130671 0.00000000 0.00000000 11.26764757 0.00000000 0.00000000 0.00000000 0.00000000 0.00000000 26.39324081 0.00000000 0.00000000 -82.32064216 0.00000000 0.00000000 55.92740135 0.00000000 0.00000000 0.00000000 0.00000000 0.00000000 0.00000000 -15.83804492 0.00000000 0.00000000 0.00000000 0.00000000 -54.00109753 0.00000000 0.00000000 82.32064216 0.00000000 0.00000000 -28.31954463 0.00000000 0.00000000 0.00000000 0.00000000 0.00000000 -10.65006597 0.00000000 0.00000000 31.31130671 0.00000000 0.00000000 -20.66124074 0.00000000 0.00000000 0.00000000 0.00000000 0.00000000
0.00000000 0.54431356 1.04000000 0.00000000 0.00000000 0.00000000 0.00000000 0.00000000 0.00000000 0.00000000 0.00000000 0.00000000 0.00000000 0.00000000 0.00000000 0.00000000 0.00000000 0.00000000 0.00000000 0.00000000 0.00000000 23.40918843 0.00000000 0.00000000 -33.40985161 0.00000000 0.00000000 10.00066319 0.00000000 0.00000000 0.00000000 0.00000000 0.00000000 15.20795077 0.00000000 0.00000000 -66.45165228 0.00000000 0.00000000 51.24370151 0.00000000 0.00000000 0.00000000 0.00000000 0.00000000 0.00000000 -12.66024908 0.00000000 0.00000000 0.00000000 0.00000000 -49.80030848 0.00000000 0.00000000 66.45165228 0.00000000 0.00000000 -16.65134380 0.00000000 0.00000000 0.00000000 0.00000000 0.00000000 -9.33932719 0.00000000 0.00000000 33.40985161 0.00000000 0.00000000 -24.07052443 0.00000000 0.00000000 0.00000000 0.00000000 0.00000000
0.00000000 0.53918242 1.06000000 0.00000000 0.00000000 0.00000000 0.00000000 0.00000000 0.00000000 0.00000000 0.00000000 0.00000000 0.00000000 0.00000000 0.00000000 0.00000000 0.00000000 0.00000000 0.00000000 0.00000000 0.00000000 26.58986596 0.00000000 0.00000000 -35.07233826 0.00000000 0.00000000 8.48247230 0.00000000 0.00000000 0.00000000 0.00000000 0.00000000 4.53746346 0.00000000 0.00000000 -47.82795433 0.00000000 0.00000000 43.29049088 0.00000000 0.00000000 0.00000000 0.00000000 0.00000000 0.00000000 -8.82442202 0.00000000 0.00000000 0.00000000 0.00000000 -42.31333309 0.00000000 0.00000000 47.82795433 0.00000000 0.00000000 -5.51462124 0.00000000 0.00000000 0.00000000 0.00000000 0.00000000 -7.78613231 0.00000000 0.00000000 35.07233826 0.00000000 0.00000000 -27.28620595 0.00000000 0.00000000 0.00000000 0.00000000 0.00000000
0.00000000 0.53469383 1.08000000 0.00000000 0.00000000 0.00000000 0.00000000 0.00000000 0.00000000 0.00000000 0.00000000 0.00000000 0.00000000 0.00000000 0.00000000 0.00000000 0.00000000 0.00000000 0.00000000 0.00000000 0.00000000 29.22112108 0.00000000 0.00000000 -35.60834596 0.00000000 0.00000000 6.38722488 0.00000000 0.00000000 0.00000000 0.00000000 0.00000000 -3.97881539 0.00000000 0.00000000 -30.66577836 0.00000000 0.00000000 34.64459376 0.00000000 0.00000000 0.00000000 0.00000000 0.00000000 0.00000000 -4.52993535 0.00000000 0.00000000 0.00000000 0.00000000 -34.04037983 0.00000000 0.00000000 30.66577836 0.00000000 0.00000000 3.37460146 0.00000000 0.00000000 0.00000000 0.00000000 0.00000000 -5.67953135 0.00000000 0.00000000 35.60834596 0.00000000 0.00000000 -29.92881460 0.00000000 0.00000000 0.00000000 0.00000000 0.00000000
0.00000000 0.53176886 1.10000000 0.00000000 0.00000000 0.00000000 0.00000000 0.00000000 0.00000000 0.00000000 0.00000000 0.00000000 0.00000000 0.00000000 0.00000000 0.00000000 0.00000000 0.00000000 0.00000000 0.00000000 0.00000000 30.96561416 0.00000000 0.00000000 -34.41639867 0.00000000 0.00000000 3.45078451 0.00000000 0.00000000 0.00000000 0.00000000 0.00000000 -4.55900484 0.00000000 0.00000000 -26.86174904 0.00000000 0.00000000 31.42075388 0.00000000 0.00000000 0.00000000 0.00000000 0.00000000 0.00000000 -0.00000000 0.00000000 0.00000000 0.00000000 0.00000000 -30.89451100 0.00000000 0.00000000 26.86174904 0.00000000 0.00000000 4.03276196 0.00000000 0.00000000 0.00000000 0.00000000 0.00000000 -2.76829289 0.00000000 0.00000000 34.41639867 0.00000000 0.00000000 -31.64810578 0.00000000 0.00000000 0.00000000 0.00000000 0.00000000
0.00000000 0.53100772 1.12000000 0.00000000 0.00000000 0.00000000 0.00000000 0.00000000 0.00000000 0.00000000 0.00000000 0.00000000 0.00000000 0.00000000 0.00000000 0.00000000 0.00000000 0.00000000 0.00000000 0.00000000 0.00000000 31.47023492 0.00000000 0.00000000 -30.87361116 0.00000000 0.00000000 -0.59662377 0.00000000 0.00000000 0.00000000 0.00000000 0.00000000 0.32714893 0.00000000 0.00000000 -32.42886182 0.00000000 0.00000000 32.10171289 0.00000000 0.00000000 0.00000000 0.00000000 0.00000000 0.00000000 4.52993535 0.00000000 0.00000000 0.00000000 0.00000000 -31.46088831 0.00000000 0.00000000 32.42886182 0.00000000 0.00000000 -0.96797351 0.00000000 0.00000000 0.00000000 0.00000000 0.00000000 1.20513697 0.00000000 0.00000000 30.87361116 0.00000000 0.00000000 -32.07874813 0.00000000 0.00000000 0.00000000 0.00000000 0.00000000
0.00000000 0.53256660 1.14000000 0.00000000 0.00000000 0.00000000 0.00000000 0.00000000 0.00000000 0.00000000 0.00000000 0.00000000 0.00000000 0.00000000 0.00000000 0.00000000 0.00000000 0.00000000 0.00000000 0.00000000 0.00000000 30.92375785 0.00000000 0.00000000 -25.64432036 0.00000000 0.00000000 -5.27943749 0.00000000 0.00000000 0.00000000 0.00000000 0.00000000 3.89411252 0.00000000 0.00000000 -35.06784718 0.00000000 0.00000000 31.17373467 0.00000000 0.00000000 0.00000000 0.00000000 0.00000000 0.00000000 8.82442202 0.00000000 0.00000000 0.00000000 0.00000000 -30.47748966 0.00000000 0.00000000 35.06784718 0.00000000 0.00000000 -4.59035752 0.00000000 0.00000000 0.00000000 0.00000000 0.00000000 5.78099536 0.00000000 0.00000000 25.64432036 0.00000000 0.00000000 -31.42531572 0.00000000 0.00000000 0.00000000 0.00000000 0.00000000
0.00000000 0.53612562 1.16000000 0.00000000 0.00000000 0.00000000 0.00000000 0.00000000 0.00000000 0.00000000 0.00000000 0.00000000 0.00000000 0.00000000 0.00000000 0.00000000 0.00000000 0.00000000 0.00000000 0.00000000 0.00000000 36.76787044 0.00000000 0.00000000 -36.01145578 0.00000000 0.00000000 -0.75641467 0.00000000 0.00000000 0.00000000 0.00000000 0.00000000 6.49744042 0.00000000 0.00000000 -35.59012926 0.00000000 0.00000000 29.09268884 0.00000000 0.00000000 0.00000000 0.00000000 0.00000000 0.00000000 12.66024908 0.00000000 0.00000000 0.00000000 0.00000000 -28.38538173 0.00000000 0.00000000 35.59012926 0.00000000 0.00000000 -7.20474753 0.00000000 0.00000000 0.00000000 0.00000000 0.00000000 1.47266919 0.00000000 0.00000000 36.01145578 0.00000000 0.00000000 -37.48412497 0.00000000 0.00000000 0.00000000 0.00000000 0.00000000
0.00000000 0.54095445 1.18000000 0.00000000 0.00000000 0.00000000 0.00000000 0.00000000 0.00000000 0.00000000 0.00000000 0.00000000 0.00000000 0.00000000 0.00000000 0.00000000 0.00000000 0.00000000 0.00000000 0.00000000 0.00000000 45.18710619 0.00000000 0.00000000 -54.47892006 0.00000000 0.00000000 9.29181387 0.00000000 0.00000000 0.00000000 0.00000000 0.00000000 8.37970446 0.00000000 0.00000000 -34.58850580 0.00000000 0.00000000 26.20880134 0.00000000 0.00000000 0.00000000 0.00000000 0.00000000 0.00000000 15.83804492 0.00000000 0.00000000 0.00000000 0.00000000 -25.52268094 0.00000000 0.00000000 34.58850580 0.00000000 0.00000000 -9.06582486 0.00000000 0.00000000 0.00000000 0.00000000 0.00000000 -8.15739205 0.00000000 0.00000000 54.47892006 0.00000000 0.00000000 -46.32152801 0.00000000 0.00000000 0.00000000 0.00000000 0.00000000
0.00000000 0.54606220 1.20000000 0.00000000 0.00000000 0.00000000 0.00000000 0.00000000 0.00000000 0.00000000 0.00000000 0.00000000 0.00000000 0.00000000 0.00000000 0.00000000 0.00000000 0.00000000 0.00000000 0.00000000 0.00000000 51.73596365 0.00000000 0.00000000 -72.45119019 0.00000000 0.00000000 20.71522654 0.00000000 0.00000000 0.00000000 0.00000000 0.00000000 9.80895861 0.00000000 0.00000000 -32.68938342 0.00000000 0.00000000 22.88042481 0.00000000 0.00000000 0.00000000 0.00000000 0.00000000 0.00000000 18.19263991 0.00000000 0.00000000 0.00000000 0.00000000 -22.23416309 0.00000000 0.00000000 32.68938342 0.00000000 0.00000000 -10.45522033 0.00000000 0.00000000 0.00000000 0.00000000 0.00000000 -19.10096834 0.00000000 0.00000000 72.45119019 0.00000000 0.00000000 -53.35022185 0.00000000 0.00000000 0.00000000 0.00000000 0.00000000
0.00000000 0.55040075 1.22000000 0.00000000 0.00000000 0.00000000 0.00000000 0.00000000 0.00000000 0.00000000 0.00000000 0.00000000 0.00000000 0.00000000 0.00000000 0.00000000 0.00000000 0.00000000 0.00000000 0.00000000 0.00000000 54.39660700 0.00000000 0.00000000 -86.78815257 0.00000000 0.00000000 32.39154558 0.00000000 0.00000000 0.00000000 0.00000000 0.00000000 11.12067689 0.00000000 0.00000000 -30.61863005 0.00000000 0.00000000 19.49795316 0.00000000 0.00000000 0.00000000 0.00000000 0.00000000 0.00000000 19.60165122 0.00000000 0.00000000 0.00000000 0.00000000 -18.89471396 0.00000000 0.00000000 30.61863005 0.00000000 0.00000000 -11.72391610 0.00000000 0.00000000 0.00000000 0.00000000 0.00000000 -30.30828645 0.00000000 0.00000000 86.78815257 0.00000000 0.00000000 -56.47986612 0.00000000 0.00000000 0.00000000 0.00000000 0.00000000
0.00000000 0.55307981 1.24000000 0.00000000 0.00000000 0.00000000 0.00000000 0.00000000 0.00000000 0.00000000 0.00000000 0.00000000 0.00000000 0.00000000 0.00000000 0.00000000 0.00000000 0.00000000 0.00000000 0.00000000 0.00000000 52.00381235 0.00000000 0.00000000 -95.43848643 0.00000000 0.00000000 43.43467408 0.00000000 0.00000000 0.00000000 0.00000000 0.00000000 12.69344458 0.00000000 0.00000000 -29.14793018 0.00000000 0.00000000 16.45448561 0.00000000 0.00000000 0.00000000 0.00000000 0.00000000 0.00000000 19.99184386 0.00000000 0.00000000 0.00000000 0.00000000 -15.88154290 0.00000000 0.00000000 29.14793018 0.00000000 0.00000000 -13.26638729 0.00000000 0.00000000 0.00000000 0.00000000 0.00000000 -41.01158376 0.00000000 0.00000000 95.43848643 0.00000000 0.00000000 -54.42690267 0.00000000 0.00000000 0.00000000 0.00000000 0.00000000
0.00000000 0.55354962 1.26000000 0.00000000 0.00000000 0.00000000 0.00000000 0.00000000 0.00000000 0.00000000 0.00000000 0.00000000 0.00000000 0.00000000 0.00000000 0.00000000 0.00000000 0.00000000 0.00000000 0.00000000 0.00000000 44.83017844 0.00000000 0.00000000 -96.94789266 0.00000000 0.00000000 52.11771422 0.00000000 0.00000000 0.00000000 0.00000000 0.00000000 14.83619663 0.00000000 0.00000000 -28.87438271 0.00000000 0.00000000 14.03818608 0.00000000 0.00000000 0.00000000 0.00000000 0.00000000 0.00000000 19.34293709 0.00000000 0.00000000 0.00000000 0.00000000 -13.47085588 0.00000000 0.00000000 28.87438271 0.00000000 0.00000000 -15.40352683 0.00000000 0.00000000 0.00000000 0.00000000 0.00000000 -49.62957495 0.00000000 0.00000000 96.94789266 0.00000000 0.00000000 -47.31831771 0.00000000 0.00000000 0.00000000 0.00000000 0.00000000
0.00000000 0.55171379 1.28000000 0.00000000 0.00000000 0.00000000 0.00000000 0.00000000 0.00000000 0.00000000 0.00000000 0.00000000 0.00000000 0.00000000 0.00000000 0.00000000 0.00000000 0.00000000 0.00000000 0.00000000 0.00000000 34.71429375 0.00000000 0.00000000 -91.02940964 0.00000000 0.00000000 56.31511589 0.00000000 0.00000000 0.00000000 0.00000000 0.00000000 17.62999232 0.00000000 0.00000000 -29.91561659 0.00000000 0.00000000 12.28562427 0.00000000 0.00000000 0.00000000 0.00000000 0.00000000 0.00000000 17.68865862 0.00000000 0.00000000 0.00000000 0.00000000 -11.69689307 0.00000000 0.00000000 29.91561659 0.00000000 0.00000000 -18.21872352 0.00000000 0.00000000 0.00000000 0.00000000 0.00000000 -54.07176604 0.00000000 0.00000000 91.02940964 0.00000000 0.00000000 -36.95764360 0.00000000 0.00000000 0.00000000 0.00000000 0.00000000
0.00000000 0.54794903 1.30000000 0.00000000 0.00000000 0.00000000 0.00000000 0.00000000 0.00000000 0.00000000 0.00000000 0.00000000 0.00000000 0.00000000 0.00000000 0.00000000 0.00000000 0.00000000 0.00000000 0.00000000 0.00000000 23.58536978 0.00000000 0.00000000 -78.74636024 0.00000000 0.00000000 55.16099046 0.00000000 0.00000000 0.00000000 0.00000000 0.00000000 20.88130637 0.00000000 0.00000000 -31.83518752 0.00000000 0.00000000 10.95388115 0.00000000 0.00000000 0.00000000 0.00000000 0.00000000 0.00000000 15.11499149 0.00000000 0.00000000 0.00000000 0.00000000 -10.32541995 0.00000000 0.00000000 31.83518752 0.00000000 0.00000000 -21.50976757 0.00000000 0.00000000 0.00000000 0.00000000 0.00000000 -53.35274112 0.00000000 0.00000000 78.74636024 0.00000000 0.00000000 -25.39361912 0.00000000 0.00000000 0.00000000 0.00000000 0.00000000
0.00000000 0.54302788 1.32000000 0.00000000 0.00000000 0.00000000 0.00000000 0.00000000 0.00000000 0.00000000 0.00000000 0.00000000 0.00000000 0.00000000 0.00000000 0.00000000 0.00000000 0.00000000 0.00000000 0.00000000 0.00000000 12.46054487 0.00000000 0.00000000 -61.94696886 0.00000000 0.00000000 49.48642399 0.00000000 0.00000000 0.00000000 0.00000000 0.00000000 24.23649707 0.00000000 0.00000000 -33.89518609 0.00000000 0.00000000 9.65868901 0.00000000 0.00000000 0.00000000 0.00000000 0.00000000 0.00000000 11.75570505 0.00000000 0.00000000 0.00000000 0.00000000 -8.98716638 0.00000000 0.00000000 33.89518609 0.00000000 0.00000000 -24.90801970 0.00000000 0.00000000 0.00000000 0.00000000 0.00000000 -48.16376354 0.00000000 0.00000000 61.94696886 0.00000000 0.00000000 -13.78320532 0.00000000 0.00000000 0.00000000 0.00000000 0.00000000
0.00000000 0.53796018 1.34000000 0.00000000 0.00000000 0.00000000 0.00000000 0.00000000 0.00000000 0.00000000 0.00000000 0.00000000 0.00000000 0.00000000 0.00000000 0.00000000 0.00000000 0.00000000 0.00000000 0.00000000 0.00000000 2.08395201 0.00000000 0.00000000 -43.13028776 0.00000000 0.00000000 41.04633575 0.00000000 0.00000000 0.00000000 0.00000000 0.00000000 27.31269716 0.00000000 0.00000000 -35.33656136 0.00000000 0.00000000 8.02386420 0.00000000 0.00000000 0.00000000 0.00000000 0.00000000 0.00000000 7.78540213 0.00000000 0.00000000 0.00000000 0.00000000 -7.32193175 0.00000000 0.00000000 35.33656136 0.00000000 0.00000000 -28.01462960 0.00000000 0.00000000 0.00000000 0.00000000 0.00000000 -40.17540277 0.00000000 0.00000000 43.13028776 0.00000000 0.00000000 -2.95488499 0.00000000 0.00000000 0.00000000 0.00000000 0.00000000
0.00000000 0.53378583 1.36000000 0.00000000 0.00000000 0.00000000 0.00000000 0.00000000 0.00000000 0.00000000 0.00000000 0.00000000 0.00000000 0.00000000 0.00000000 0.00000000 0.00000000 0.00000000 0.00000000 0.00000000 0.00000000 -5.21524175 0.00000000 0.00000000 -27.77188362 0.00000000 0.00000000 32.98712536 0.00000000 0.00000000 0.00000000 0.00000000 0.00000000 29.75330275 0.00000000 0.00000000 -35.49487496 0.00000000 0.00000000 5.74157221 0.00000000 0.00000000 0.00000000 0.00000000 0.00000000 0.00000000 3.41044385 0.00000000 0.00000000 0.00000000 0.00000000 -5.03628502 0.00000000 0.00000000 35.49487496 0.00000000 0.00000000 -30.45858994 0.00000000 0.00000000 0.00000000 0.00000000 0.00000000 -32.44234663 0.00000000 0.00000000 27.77188362 0.00000000 0.00000000 4.67046302 0.00000000 0.00000000 0.00000000 0.00000000 0.00000000
0.00000000 0.53136143 1.38000000 0.00000000 0.00000000 0.00000000 0.00000000 0.00000000 0.00000000 0.00000000 0.00000000 0.00000000 0.00000000 0.00000000 0.00000000 0.00000000 0.00000000 0.00000000 0.00000000 0.00000000 0.00000000 -3.18035947 0.00000000 0.00000000 -28.59962231 0.00000000 0.00000000 31.77998178 0.00000000 0.00000000 0.00000000 0.00000000 0.00000000 31.22356241 0.00000000 0.00000000 -33.77920894 0.00000000 0.00000000 2.55564653 0.00000000 0.00000000 0.00000000 0.00000000 0.00000000 0.00000000 -1.14177622 0.00000000 0.00000000 0.00000000 0.00000000 -1.88656051 0.00000000 0.00000000 33.77920894 0.00000000 0.00000000 -31.89264843 0.00000000 0.00000000 0.00000000 0.00000000 0.00000000 -31.21828205 0.00000000 0.00000000 28.59962231 0.00000000 0.00000000 2.61865974 0.00000000 0.00000000 0.00000000 0.00000000 0.00000000
0.00000000 0.53118447 1.40000000 0.00000000 0.00000000 0.00000000 0.00000000 0.00000000 0.00000000 0.00000000 0.00000000 0.00000000 0.00000000 0.00000000 0.00000000 0.00000000 0.00000000 0.00000000 0.00000000 0.00000000 0.00000000 1.32432804 0.00000000 0.00000000 -33.32306203 0.00000000 0.00000000 31.99873399 0.00000000 0.00000000 0.00000000 0.00000000 0.00000000 31.34880079 0.00000000 0.00000000 -29.52072703 0.00000000 0.00000000 -1.82807376 0.00000000 0.00000000 0.00000000 0.00000000 0.00000000 0.00000000 -5.63465114 0.00000000 0.00000000 0.00000000 0.00000000 2.40867657 0.00000000 0.00000000 29.52072703 0.00000000 0.00000000 -31.92940360 0.00000000 0.00000000 0.00000000 0.00000000 0.00000000 -31.33921687 0.00000000 0.00000000 33.32306203 0.00000000 0.00000000 -1.98384516 0.00000000 0.00000000 0.00000000 0.00000000 0.00000000
0.00000000 0.53329125 1.42000000 0.00000000 0.00000000 0.00000000 0.00000000 0.00000000 0.00000000 0.00000000 0.00000000 0.00000000 0.00000000 0.00000000 0.00000000 0.00000000 0.00000000 0.00000000 0.00000000 0.00000000 0.00000000 4.62547717 0.00000000 0.00000000 -35.37297552 0.00000000 0.00000000 30.74749834 0.00000000 0.00000000 0.00000000 0.00000000 0.00000000 31.70070896 0.00000000 0.00000000 -26.56547291 0.00000000 0.00000000 -5.13523604 0.00000000 0.00000000 0.00000000 0.00000000 0.00000000 0.00000000 -9.83465849 0.00000000 0.00000000 0.00000000 0.00000000 5.65546022 0.00000000 0.00000000 26.56547291 0.00000000 0.00000000 -32.22093313 0.00000000 0.00000000 0.00000000 0.00000000 0.00000000 -30.04479452 0.00000000 0.00000000 35.37297552 0.00000000 0.00000000 -5.32818099 0.00000000 0.00000000 0.00000000 0.00000000 0.00000000
0.00000000 0.53724948 1.44000000 0.00000000 0.00000000 0.00000000 0.00000000 0.00000000 0.00000000 0.00000000 0.00000000 0.00000000 0.00000000 0.00000000 0.00000000 0.00000000 0.00000000 0.00000000 0.00000000 0.00000000 0.00000000 7.02610410 0.00000000 0.00000000 -35.45957952 0.00000000 0.00000000 28.43347542 0.00000000 0.00000000 0.00000000 0.00000000 0.00000000 38.88522003 0.00000000 0.00000000 -40.38276502 0.00000000 0.00000000 1.49754499 0.00000000 0.00000000 0.00000000 0.00000000 0.00000000 0.00000000 -13.52349801 0.00000000 0.00000000 0.00000000 0.00000000 -0.68713701 0.00000000 0.00000000 40.38276502 0.00000000 0.00000000 -39.69562801 0.00000000 0.00000000 0.00000000 0.00000000 0.00000000 -27.72893641 0.00000000 0.00000000 35.45957952 0.00000000 0.00000000 -7.73064311 0.00000000 0.00000000 0.00000000 0.00000000 0.00000000
0.00000000 0.54224689 1.46000000 0.00000000 0.00000000 0.00000000 0.00000000 0.00000000 0.00000000 0.00000000 0.00000000 0.00000000 0.00000000 0.00000000 0.00000000 0.00000000 0.00000000 0.00000000 0.00000000 0.00000000 0.00000000 8.76761271 0.00000000 0.00000000 -34.17128140 0.00000000 0.00000000 25.40366869 0.00000000 0.00000000 0.00000000 0.00000000 0.00000000 47.09488169 0.00000000 0.00000000 -59.17765384 0.00000000 0.00000000 12.08277215 0.00000000 0.00000000 0.00000000 0.00000000 0.00000000 0.00000000 -16.50943794 0.00000000 0.00000000 0.00000000 0.00000000 -10.83152358 0.00000000 0.00000000 59.17765384 0.00000000 0.00000000 -48.34613026 0.00000000 0.00000000 0.00000000 0.00000000 0.00000000 -24.72633941 0.00000000 0.00000000 34.17128140 0.00000000 0.00000000 -9.44494198 0.00000000 0.00000000 0.00000000 0.00000000 0.00000000
0.00000000 0.54725802 1.48000000 0.00000000 0.00000000 0.00000000 0.00000000 0.00000000 0.00000000 0.00000000 0.00000000 0.00000000 0.00000000 0.00000000 0.00000000 0.00000000 0.00000000 0.00000000 0.00000000 0.00000000 0.00000000 10.13333177 0.00000000 0.00000000 -32.15738987 0.00000000 0.00000000 22.02405810 0.00000000 0.00000000 0.00000000 0.00000000 0.00000000 52.82701981 0.00000000 0.00000000 -76.46450359 0.00000000 0.00000000 23.63748378 0.00000000 0.00000000 0.00000000 0.00000000 0.00000000 0.00000000 -18.63728058 0.00000000 0.00000000 0.00000000 0.00000000 -21.90147893 0.00000000 0.00000000 76.46450359 0.00000000 0.00000000 -54.56302466 0.00000000 0.00000000 0.00000000 0.00000000 0.00000000 -21.38889155 0.00000000 0.00000000 32.15738987 0.00000000 0.00000000 -10.76849832 0.00000000 0.00000000 0.00000000 0.00000000 0.00000000
0.00000000 0.55125455 1.50000000 0.00000000 0.00000000 0.00000000 0.00000000 0.00000000 0.00000000 0.00000000 0.00000000 0.00000000 0.00000000 0.00000000 0.00000000 0.00000000 0.00000000 0.00000000 0.00000000 0.00000000 0.00000000 11.47488104 0.00000000 0.00000000 -30.16594764 0.00000000 0.00000000 18.69106660 0.00000000 0.00000000 0.00000000 0.00000000 0.00000000 54.29290078 0.00000000 0.00000000 -89.55398107 0.00000000 0.00000000 35.26108029 0.00000000 0.00000000 0.00000000 0.00000000 0.00000000 0.00000000 -19.79642884 0.00000000 0.00000000 0.00000000 0.00000000 -33.07474994 0.00000000 0.00000000 89.55398107 0.00000000 0.00000000 -56.47923113 0.00000000 0.00000000 0.00000000 0.00000000 0.00000000 -18.09717486 0.00000000 0.00000000 30.16594764 0.00000000 0.00000000 -12.06877278 0.00000000 0.00000000 0.00000000 0.00000000 0.00000000
0.00000000 0.55341639 1.52000000 0.00000000 0.00000000 0.00000000 0.00000000 0.00000000 0.00000000 0.00000000 0.00000000 0.00000000 0.00000000 0.00000000 0.00000000 0.00000000 0.00000000 0.00000000 0.00000000 0.00000000 0.00000000 13.16759770 0.00000000 0.00000000 -28.95256076 0.00000000 0.00000000 15.78496307 0.00000000 0.00000000 0.00000000 0.00000000 0.00000000 50.60650323 0.00000000 0.00000000 -96.52137164 0.00000000 0.00000000 45.91486840 0.00000000 0.00000000 0.00000000 0.00000000 0.00000000 0.00000000 -19.92663462 0.00000000 0.00000000 0.00000000 0.00000000 -43.44530456 0.00000000 0.00000000 96.52137164 0.00000000 0.00000000 -53.07606708 0.00000000 0.00000000 0.00000000 0.00000000 0.00000000 -15.21602956 0.00000000 0.00000000 28.95256076 0.00000000 0.00000000 -13.73653120 0.00000000 0.00000000 0.00000000 0.00000000 0.00000000
0.00000000 0.55329993 1.54000000 0.00000000 0.00000000 0.00000000 0.00000000 0.00000000 0.00000000 0.00000000 0.00000000 0.00000000 0.00000000 0.00000000 0.00000000 0.00000000 0.00000000 0.00000000 0.00000000 0.00000000 0.00000000 15.47695298 0.00000000 0.00000000 -29.02013946 0.00000000 0.00000000 13.54318647 0.00000000 0.00000000 0.00000000 0.00000000 0.00000000 42.48906311 0.00000000 0.00000000 -96.14319830 0.00000000 0.00000000 53.65413519 0.00000000 0.00000000 0.00000000 0.00000000 0.00000000 0.00000000 -19.02113033 0.00000000 0.00000000 0.00000000 0.00000000 -51.20091213 0.00000000 0.00000000 96.14319830 0.00000000 0.00000000 -44.94228617 0.00000000 0.00000000 0.00000000 0.00000000 0.00000000 -12.97286658 0.00000000 0.00000000 29.02013946 0.00000000 0.00000000 -16.04727288 0.00000000 0.00000000 0.00000000 0.00000000 0.00000000
0.00000000 0.55092905 1.56000000 0.00000000 0.00000000 0.00000000 0.00000000 0.00000000 0.00000000 0.00000000 0.00000000 0.00000000 0.00000000 0.00000000 0.00000000 0.00000000 0.00000000 0.00000000 0.00000000 0.00000000 0.00000000 18.41223039 0.00000000 0.00000000 -30.33946536 0.00000000 0.00000000 11.92723497 0.00000000 0.00000000 0.00000000 0.00000000 0.00000000 31.97209979 0.00000000 0.00000000 -88.49158612 0.00000000 0.00000000 56.51948633 0.00000000 0.00000000 0.00000000 0.00000000 0.00000000 0.00000000 -17.12698061 0.00000000 0.00000000 0.00000000 0.00000000 -54.37331890 0.00000000 0.00000000 88.49158612 0.00000000 0.00000000 -34.11826722 0.00000000 0.00000000 0.00000000 0.00000000 0.00000000 -11.32976262 0.00000000 0.00000000 30.33946536 0.00000000 0.00000000 -19.00970274 0.00000000 0.00000000 0.00000000 0.00000000 0.00000000
0.00000000 0.54679028 1.58000000 0.00000000 0.00000000 0.00000000 0.00000000 0.00000000 0.00000000 0.00000000 0.00000000 0.00000000 0.00000000 0.00000000 0.00000000 0.00000000 0.00000000 0.00000000 0.00000000 0.00000000 0.00000000 21.72552677 0.00000000 0.00000000 -32.36781523 0.00000000 0.00000000 10.64228846 0.00000000 0.00000000 0.00000000 0.00000000 0.00000000 20.77944629 0.00000000 0.00000000 -74.88778524 0.00000000 0.00000000 54.10833895 0.00000000 0.00000000 0.00000000 0.00000000 0.00000000 0.00000000 -14.34263610 0.00000000 0.00000000 0.00000000 0.00000000 -52.42094085 0.00000000 0.00000000 74.88778524 0.00000000 0.00000000 -22.46684439 0.00000000 0.00000000 0.00000000 0.00000000 0.00000000 -10.00273689 0.00000000 0.00000000 32.36781523 0.00000000 0.00000000 -22.36507834 0.00000000 0.00000000 0.00000000 0.00000000 0.00000000
0.00000000 0.54173290 1.60000000 0.00000000 0.00000000 0.00000000 0.00000000 0.00000000 0.00000000 0.00000000 0.00000000 0.00000000 0.00000000 0.00000000 0.00000000 0.00000000 0.00000000 0.00000000 0.00000000 0.00000000 0.00000000 25.04620520 0.00000000 0.00000000 -34.34131252 0.00000000 0.00000000 9.29510732 0.00000000 0.00000000 0.00000000 0.00000000 0.00000000 9.75415311 0.00000000 0.00000000 -57.30638181 0.00000000 0.00000000 47.55222870 0.00000000 0.00000000 0.00000000 0.00000000 0.00000000 0.00000000 -10.81281635 0.00000000 0.00000000 0.00000000 0.00000000 -46.34813030 0.00000000 0.00000000 57.30638181 0.00000000 0.00000000 -10.95825151 0.00000000 0.00000000 0.00000000 0.00000000 0.00000000 -8.61419780 0.00000000 0.00000000 34.34131252 0.00000000 0.00000000 -25.72711472 0.00000000 0.00000000 0.00000000 0.00000000 0.00000000
0.00000000 0.53679470 1.62000000 0.00000000 0.00000000 0.00000000 0.00000000 0.00000000 0.00000000 0.00000000 0.00000000 0.00000000 0.00000000 0.00000000 0.00000000 0.00000000 0.00000000 0.00000000 0.00000000 0.00000000 0.00000000 27.99567076 0.00000000 0.00000000 -35.52017115 0.00000000 0.00000000 7.52450039 0.00000000 0.00000000 0.00000000 0.00000000 0.00000000 -0.20636625 0.00000000 0.00000000 -38.59371906 0.00000000 0.00000000 38.80008531 0.00000000 0.00000000 0.00000000 0.00000000 0.00000000 0.00000000 -6.72098786 0.00000000 0.00000000 0.00000000 0.00000000 -38.02851347 0.00000000 0.00000000 38.59371906 0.00000000 0.00000000 -0.56520559 0.00000000 0.00000000 0.00000000 0.00000000 0.00000000 -6.81867689 0.00000000 0.00000000 35.52017115 0.00000000 0.00000000 -28.70149427 0.00000000 0.00000000 0.00000000 0.00000000 0.00000000
0.00000000 0.53298901 1.64000000 0.00000000 0.00000000 0.00000000 0.00000000 0.00000000 0.00000000 0.00000000 0.00000000 0.00000000 0.00000000 0.00000000 0.00000000 0.00000000 0.00000000 0.00000000 0.00000000 0.00000000 0.00000000 30.22494751 0.00000000 0.00000000 -35.26448346 0.00000000 0.00000000 5.03953595 0.00000000 0.00000000 0.00000000 0.00000000 0.00000000 -5.80325067 0.00000000 0.00000000 -26.02096393 0.00000000 0.00000000 31.82421460 0.00000000 0.00000000 0.00000000 0.00000000 0.00000000 0.00000000 -2.27982820 0.00000000 0.00000000 0.00000000 0.00000000 -31.31503280 0.00000000 0.00000000 26.02096393 0.00000000 0.00000000 5.29406887 0.00000000 0.00000000 0.00000000 0.00000000 0.00000000 -4.33912989 0.00000000 0.00000000 35.26448346 0.00000000 0.00000000 -30.92535357 0.00000000 0.00000000 0.00000000 0.00000000 0.00000000
0.00000000 0.53109678 1.66000000 0.00000000 0.00000000 0.00000000 0.00000000 0.00000000 0.00000000 0.00000000 0.00000000 0.00000000 0.00000000 0.00000000 0.00000000 0.00000000 0.00000000 0.00000000 0.00000000 0.00000000 0.00000000 31.39849908 0.00000000 0.00000000 -32.98537422 0.00000000 0.00000000 1.58687514 0.00000000 0.00000000 0.00000000 0.00000000 0.00000000 -1.91572132 0.00000000 0.00000000 -30.08740318 0.00000000 0.00000000 32.00312450 0.00000000 0.00000000 0.00000000 0.00000000 0.00000000 0.00000000 2.27982820 0.00000000 0.00000000 0.00000000 0.00000000 -31.41085259 0.00000000 0.00000000 30.08740318 0.00000000 0.00000000 1.32344941 0.00000000 0.00000000 0.00000000 0.00000000 0.00000000 -0.93442724 0.00000000 0.00000000 32.98537422 0.00000000 0.00000000 -32.05094699 0.00000000 0.00000000 0.00000000 0.00000000 0.00000000
0.00000000 0.53150630 1.68000000 0.00000000 0.00000000 0.00000000 0.00000000 0.00000000 0.00000000 0.00000000 0.00000000 0.00000000 0.00000000 0.00000000 0.00000000 0.00000000 0.00000000 0.00000000 0.00000000 0.00000000 0.00000000 31.10614025 0.00000000 0.00000000 -27.93767525 0.00000000 0.00000000 -3.16846501 0.00000000 0.00000000 0.00000000 0.00000000 0.00000000 2.24781919 0.00000000 0.00000000 -34.05311860 0.00000000 0.00000000 31.80529941 0.00000000 0.00000000 0.00000000 0.00000000 0.00000000 0.00000000 6.72098786 0.00000000 0.00000000 0.00000000 0.00000000 -31.13045630 0.00000000 0.00000000 34.05311860 0.00000000 0.00000000 -2.92266230 0.00000000 0.00000000 0.00000000 0.00000000 0.00000000 3.71662802 0.00000000 0.00000000 27.93767525 0.00000000 0.00000000 -31.65430327 0.00000000 0.00000000 0.00000000 0.00000000 0.00000000
0.00000000 0.53413353 1.70000000 0.00000000 0.00000000 0.00000000 0.00000000 0.00000000 0.00000000 0.00000000 0.00000000 0.00000000 0.00000000 0.00000000 0.00000000 0.00000000 0.00000000 0.00000000 0.00000000 0.00000000 0.00000000 33.03541192 0.00000000 0.00000000 -28.81366374 0.00000000 0.00000000 -4.22174819 0.00000000 0.00000000 0.00000000 0.00000000 0.00000000 5.30074964 0.00000000 0.00000000 -35.55576824 0.00000000 0.00000000 30.25501860 0.00000000 0.00000000 0.00000000 0.00000000 0.00000000 0.00000000 10.81281635 0.00000000 0.00000000 0.00000000 0.00000000 -29.54844026 0.00000000 0.00000000 35.55576824 0.00000000 0.00000000 -6.00732799 0.00000000 0.00000000 0.00000000 0.00000000 0.00000000 4.78783351 0.00000000 0.00000000 28.81366374 0.00000000 0.00000000 -33.60149725 0.00000000 0.00000000 0.00000000 0.00000000 0.00000000
0.00000000 0.53843935 1.72000000 0.00000000 0.00000000 0.00000000 0.00000000 0.00000000 0.00000000 0.00000000 0.00000000 0.00000000 0.00000000 0.00000000 0.00000000 0.00000000 0.00000000 0.00000000 0.00000000 0.00000000 0.00000000 41.03632295 0.00000000 0.00000000 -44.99886207 0.00000000 0.00000000 3.96253912 0.00000000 0.00000000 0.00000000 0.00000000 0.00000000 7.51333042 0.00000000 0.00000000 -35.24273294 0.00000000 0.00000000 27.72940252 0.00000000 0.00000000 0.00000000 0.00000000 0.00000000 0.00000000 14.34263610 0.00000000 0.00000000 0.00000000 0.00000000 -27.02945695 0.00000000 0.00000000 35.24273294 0.00000000 0.00000000 -8.21327599 0.00000000 0.00000000 0.00000000 0.00000000 0.00000000 -3.04978833 0.00000000 0.00000000 44.99886207 0.00000000 0.00000000 -41.94907374 0.00000000 0.00000000 0.00000000 0.00000000 0.00000000
0.00000000 0.54354020 1.74000000 0.00000000 0.00000000 0.00000000 0.00000000 0.00000000 0.00000000 0.00000000 0.00000000 0.00000000 0.00000000 0.00000000 0.00000000 0.00000000 0.00000000 0.00000000 0.00000000 0.00000000 0.00000000 48.84250411 0.00000000 0.00000000 -63.76925690 0.00000000 0.00000000 14.92675279 0.00000000 0.00000000 0.00000000 0.00000000 0.00000000 9.13165885 0.00000000 0.00000000 -33.70815079 0.00000000 0.00000000 24.57649194 0.00000000 0.00000000 0.00000000 0.00000000 0.00000000 0.00000000 17.12698061 0.00000000 0.00000000 0.00000000 0.00000000 -23.90889806 0.00000000 0.00000000 33.70815079 0.00000000 0.00000000 -9.79925272 0.00000000 0.00000000 0.00000000 0.00000000 0.00000000 -13.55596593 0.00000000 0.00000000 63.76925690 0.00000000 0.00000000 -50.21329096 0.00000000 0.00000000 0.00000000 0.00000000 0.00000000
0.00000000 0.54838937 1.76000000 0.00000000 0.00000000 0.00000000 0.00000000 0.00000000 0.00000000 0.00000000 0.00000000 0.00000000 0.00000000 0.00000000 0.00000000 0.00000000 0.00000000 0.00000000 0.00000000 0.00000000 0.00000000 53.64794286 0.00000000 0.00000000 -80.21311227 0.00000000 0.00000000 26.56516941 0.00000000 0.00000000 0.00000000 0.00000000 0.00000000 10.45601090 0.00000000 0.00000000 -31.62663278 0.00000000 0.00000000 21.17062188 0.00000000 0.00000000 0.00000000 0.00000000 0.00000000 0.00000000 19.02113033 0.00000000 0.00000000 0.00000000 0.00000000 -20.54649516 0.00000000 0.00000000 31.62663278 0.00000000 0.00000000 -11.08013761 0.00000000 0.00000000 0.00000000 0.00000000 0.00000000 -24.70922661 0.00000000 0.00000000 80.21311227 0.00000000 0.00000000 -55.50388566 0.00000000 0.00000000 0.00000000 0.00000000 0.00000000
0.00000000 0.55199179 1.78000000 0.00000000 0.00000000 0.00000000 0.00000000 0.00000000 0.00000000 0.00000000 0.00000000 0.00000000 0.00000000 0.00000000 0.00000000 0.00000000 0.00000000 0.00000000 0.00000000 0.00000000 0.00000000 53.85852782 0.00000000 0.00000000 -91.93422491 0.00000000 0.00000000 38.07569709 0.00000000 0.00000000 0.00000000 0.00000000 0.00000000 11.85154318 0.00000000 0.00000000 -29.76307792 0.00000000 0.00000000 17.91153475 0.00000000 0.00000000 0.00000000 0.00000000 0.00000000 0.00000000 19.92663462 0.00000000 0.00000000 0.00000000 0.00000000 -17.32594516 0.00000000 0.00000000 29.76307792 0.00000000 0.00000000 -12.43713276 0.00000000 0.00000000 0.00000000 0.00000000 0.00000000 -35.79663597 0.00000000 0.00000000 91.93422491 0.00000000 0.00000000 -56.13758894 0.00000000 0.00000000 0.00000000 0.00000000 0.00000000
0.00000000 0.55360824 1.80000000 0.00000000 0.00000000 0.00000000 0.00000000 0.00000000 0.00000000 0.00000000 0.00000000 0.00000000 0.00000000 0.00000000 0.00000000 0.00000000 0.00000000 0.00000000 0.00000000 0.00000000 0.00000000 48.92445261 0.00000000 0.00000000 -97.13822551 0.00000000 0.00000000 48.21377290 0.00000000 0.00000000 0.00000000 0.00000000 0.00000000 13.68166117 0.00000000 0.00000000 -28.84009468 0.00000000 0.00000000 15.15843351 0.00000000 0.00000000 0.00000000 0.00000000 0.00000000 0.00000000 19.79642884 0.00000000 0.00000000 0.00000000 0.00000000 -14.59180633 0.00000000 0.00000000 28.84009468 0.00000000 0.00000000 -14.24828835 0.00000000 0.00000000 0.00000000 0.00000000 0.00000000 -45.71729403 0.00000000 0.00000000 97.13822551 0.00000000 0.00000000 -51.42093148 0.00000000 0.00000000 0.00000000 0.00000000 0.00000000
0.00000000 0.55290701 1.82000000 0.00000000 0.00000000 0.00000000 0.00000000 0.00000000 0.00000000 0.00000000 0.00000000 0.00000000 0.00000000 0.00000000 0.00000000 0.00000000 0.00000000 0.00000000 0.00000000 0.00000000 0.00000000 40.00062594 0.00000000 0.00000000 -94.87730398 0.00000000 0.00000000 54.87667804 0.00000000 0.00000000 0.00000000 0.00000000 0.00000000 16.15819364 0.00000000 0.00000000 -29.24685722 0.00000000 0.00000000 13.08866357 0.00000000 0.00000000 0.00000000 0.00000000 0.00000000 0.00000000 18.63728058 0.00000000 0.00000000 0.00000000 0.00000000 -12.51368942 0.00000000 0.00000000 29.24685722 0.00000000 0.00000000 -16.73316780 0.00000000 0.00000000 0.00000000 0.00000000 0.00000000 -52.47729346 0.00000000 0.00000000 94.87730398 0.00000000 0.00000000 -42.40001052 0.00000000 0.00000000 0.00000000 0.00000000 0.00000000
0.00000000 0.55003200 1.84000000 0.00000000 0.00000000 0.00000000 0.00000000 0.00000000 0.00000000 0.00000000 0.00000000 0.00000000 0.00000000 0.00000000 0.00000000 0.00000000 0.00000000 0.00000000 0.00000000 0.00000000 0.00000000 29.19301536 0.00000000 0.00000000 -85.57911257 0.00000000 0.00000000 56.38609721 0.00000000 0.00000000 0.00000000 0.00000000 0.00000000 19.21866143 0.00000000 0.00000000 -30.80863735 0.00000000 0.00000000 11.58997591 0.00000000 0.00000000 0.00000000 0.00000000 0.00000000 0.00000000 16.50943794 0.00000000 0.00000000 0.00000000 0.00000000 -10.98280723 0.00000000 0.00000000 30.80863735 0.00000000 0.00000000 -19.82583012 0.00000000 0.00000000 0.00000000 0.00000000 0.00000000 -54.34642504 0.00000000 0.00000000 85.57911257 0.00000000 0.00000000 -31.23268753 0.00000000 0.00000000 0.00000000 0.00000000 0.00000000
0.00000000 0.54557316 1.86000000 0.00000000 0.00000000 0.00000000 0.00000000 0.00000000 0.00000000 0.00000000 0.00000000 0.00000000 0.00000000 0.00000000 0.00000000 0.00000000 0.00000000 0.00000000 0.00000000 0.00000000 0.00000000 17.98413561 0.00000000 0.00000000 -70.77789773 0.00000000 0.00000000 52.79376212 0.00000000 0.00000000 0.00000000 0.00000000 0.00000000 22.57018956 0.00000000 0.00000000 -32.89677118 0.00000000 0.00000000 10.32658162 0.00000000 0.00000000 0.00000000 0.00000000 0.00000000 0.00000000 13.52349801 0.00000000 0.00000000 0.00000000 0.00000000 -9.67598650 0.00000000 0.00000000 32.89677118 0.00000000 0.00000000 -23.22078468 0.00000000 0.00000000 0.00000000 0.00000000 0.00000000 -51.22842253 0.00000000 0.00000000 70.77789773 0.00000000 0.00000000 -19.54947520 0.00000000 0.00000000 0.00000000 0.00000000 0.00000000
0.00000000 0.54044548 1.88000000 0.00000000 0.00000000 0.00000000 0.00000000 0.00000000 0.00000000 0.00000000 0.00000000 0.00000000 0.00000000 0.00000000 0.00000000 0.00000000 0.00000000 0.00000000 0.00000000 0.00000000 0.00000000 7.10535715 0.00000000 0.00000000 -52.57966254 0.00000000 0.00000000 45.47430538 0.00000000 0.00000000 0.00000000 0.00000000 0.00000000 25.83253848 0.00000000 0.00000000 -34.73721607 0.00000000 0.00000000 8.90467758 0.00000000 0.00000000 0.00000000 0.00000000 0.00000000 0.00000000 9.83465849 0.00000000 0.00000000 0.00000000 0.00000000 -8.21541898 0.00000000 0.00000000 34.73721607 0.00000000 0.00000000 -26.52179709 0.00000000 0.00000000 0.00000000 0.00000000 0.00000000 -44.38569634 0.00000000 0.00000000 52.57966254 0.00000000 0.00000000 -8.19396619 0.00000000 0.00000000 0.00000000 0.00000000 0.00000000
0.00000000 0.53570116 1.90000000 0.00000000 0.00000000 0.00000000 0.00000000 0.00000000 0.00000000 0.00000000 0.00000000 0.00000000 0.00000000 0.00000000 0.00000000 0.00000000 0.00000000 0.00000000 0.00000000 0.00000000 0.00000000 -2.26186885 0.00000000 0.00000000 -34.36829359 0.00000000 0.00000000 36.63016244 0.00000000 0.00000000 0.00000000 0.00000000 0.00000000 28.63353525 0.00000000 0.00000000 -35.61379952 0.00000000 0.00000000 6.98026428 0.00000000 0.00000000 0.00000000 0.00000000 0.00000000 0.00000000 5.63465114 0.00000000 0.00000000 0.00000000 0.00000000 -6.27245506 0.00000000 0.00000000 35.61379952 0.00000000 0.00000000 -29.34134446 0.00000000 0.00000000 0.00000000 0.00000000 0.00000000 -35.94868449 0.00000000 0.00000000 34.36829359 0.00000000 0.00000000 1.58039090 0.00000000 0.00000000 0.00000000 0.00000000 0.00000000
0.00000000 0.53231375 1.92000000 0.00000000 0.00000000 0.00000000 0.00000000 0.00000000 0.00000000 0.00000000 0.00000000 0.00000000 0.00000000 0.00000000 0.00000000 0.00000000 0.00000000 0.00000000 0.00000000 0.00000000 0.00000000 -5.59965060 0.00000000 0.00000000 -25.69248999 0.00000000 0.00000000 31.29214059 0.00000000 0.00000000 0.00000000 0.00000000 0.00000000 30.63084561 0.00000000 0.00000000 -34.90812832 0.00000000 0.00000000 4.27728272 0.00000000 0.00000000 0.00000000 0.00000000 0.00000000 0.00000000 1.14177622 0.00000000 0.00000000 0.00000000 0.00000000 -3.58441423 0.00000000 0.00000000 34.90812832 0.00000000 0.00000000 -31.32371409 0.00000000 0.00000000 0.00000000 0.00000000 0.00000000 -30.78960832 0.00000000 0.00000000 25.69248999 0.00000000 0.00000000 5.09711833 0.00000000 0.00000000 0.00000000 0.00000000 0.00000000
0.00000000 0.53097836 1.94000000 0.00000000 0.00000000 0.00000000 0.00000000 0.00000000 0.00000000 0.00000000 0.00000000 0.00000000 0.00000000 0.00000000 0.00000000 0.00000000 0.00000000 0.00000000 0.00000000 0.00000000 0.00000000 -0.75014873 0.00000000 0.00000000 -31.35619907 0.00000000 0.00000000 32.10634780 0.00000000 0.00000000 0.00000000 0.00000000 0.00000000 31.48345033 0.00000000 0.00000000 -32.02200470 0.00000000 0.00000000 0.53855437 0.00000000 0.00000000 0.00000000 0.00000000 0.00000000 0.00000000 -3.41044385 0.00000000 0.00000000 0.00000000 0.00000000 0.09379337 0.00000000 0.00000000 32.02200470 0.00000000 0.00000000 -32.11579807 0.00000000 0.00000000 0.00000000 0.00000000 0.00000000 -31.48783500 0.00000000 0.00000000 31.35619907 0.00000000 0.00000000 0.13163592 0.00000000 0.00000000 0.00000000 0.00000000 0.00000000
0.00000000 0.53196902 1.96000000 0.00000000 0.00000000 0.00000000 0.00000000 0.00000000 0.00000000 0.00000000 0.00000000 0.00000000 0.00000000 0.00000000 0.00000000 0.00000000 0.00000000 0.00000000 0.00000000 0.00000000 0.00000000 3.10290583 0.00000000 0.00000000 -34.63115216 0.00000000 0.00000000 31.52824633 0.00000000 0.00000000 0.00000000 0.00000000 0.00000000 30.78153420 0.00000000 0.00000000 -26.22228663 0.00000000 0.00000000 -4.55924757 0.00000000 0.00000000 0.00000000 0.00000000 0.00000000 0.00000000 -7.78540213 0.00000000 0.00000000 0.00000000 0.00000000 5.07250924 0.00000000 0.00000000 26.22228663 0.00000000 0.00000000 -31.29479587 0.00000000 0.00000000 0.00000000 0.00000000 0.00000000 -30.84122623 0.00000000 0.00000000 34.63115216 0.00000000 0.00000000 -3.78992593 0.00000000 0.00000000 0.00000000 0.00000000 0.00000000
0.00000000 0.53508244 1.98000000 0.00000000 0.00000000 0.00000000 0.00000000 0.00000000 0.00000000 0.00000000 0.00000000 0.00000000 0.00000000 0.00000000 0.00000000 0.00000000 0.00000000 0.00000000 0.00000000 0.00000000 0.00000000 5.92354124 0.00000000 0.00000000 -35.62518739 0.00000000 0.00000000 29.70164615 0.00000000 0.00000000 0.00000000 0.00000000 0.00000000 34.77626545 0.00000000 0.00000000 -32.06974286 0.00000000 0.00000000 -2.70652259 0.00000000 0.00000000 0.00000000 0.00000000 0.00000000 0.00000000 -11.75570505 0.00000000 0.00000000 0.00000000 0.00000000 3.33986405 0.00000000 0.00000000 32.06974286 0.00000000 0.00000000 -35.40960691 0.00000000 0.00000000 0.00000000 0.00000000 0.00000000 -28.99359535 0.00000000 0.00000000 35.62518739 0.00000000 0.00000000 -6.63159204 0.00000000 0.00000000 0.00000000 0.00000000 0.00000000
0.00000000 0.53967973 2.00000000 0.00000000 0.00000000 0.00000000 0.00000000 0.00000000 0.00000000 0.00000000 0.00000000 0.00000000 0.00000000 0.00000000 0.00000000 0.00000000 0.00000000 0.00000000 0.00000000 0.00000000 0.00000000 7.96311669 0.00000000 0.00000000 -34.94908581 0.00000000 0.00000000 26.98596912 0.00000000 0.00000000 0.00000000 0.00000000 0.00000000 43.15394889 0.00000000 0.00000000 -49.72902545 0.00000000 0.00000000 6.57507656 0.00000000 0.00000000 0.00000000 0.00000000 0.00000000 0.00000000 -15.11499149 0.00000000 0.00000000 0.00000000 0.00000000 -5.55384613 0.00000000 0.00000000 49.72902545 0.00000000 0.00000000 -44.17517932 0.00000000 0.00000000 0.00000000 0.00000000 0.00000000 -26.29223506 0.00000000 0.00000000 34.94908581 0.00000000 0.00000000 -8.65685075 0.00000000 0.00000000 0.00000000 0.00000000 0.00000000
0.00000000 0.54481752 2.02000000 0.00000000 0.00000000 0.00000000 0.00000000 0.00000000 0.00000000 0.00000000 0.00000000 0.00000000 0.00000000 0.00000000 0.00000000 0.00000000 0.00000000 0.00000000 0.00000000 0.00000000 0.00000000 9.47696657 0.00000000 0.00000000 -33.21030816 0.00000000 0.00000000 23.73334159 0.00000000 0.00000000 0.00000000 0.00000000 0.00000000 50.39900450 0.00000000 0.00000000 -68.20724841 0.00000000 0.00000000 17.80824391 0.00000000 0.00000000 0.00000000 0.00000000 0.00000000 0.00000000 -17.68865862 0.00000000 0.00000000 0.00000000 0.00000000 -16.31611883 0.00000000 0.00000000 68.20724841 0.00000000 0.00000000 -51.89112958 0.00000000 0.00000000 0.00000000 0.00000000 0.00000000 -23.07618625 0.00000000 0.00000000 33.21030816 0.00000000 0.00000000 -10.13412190 0.00000000 0.00000000 0.00000000 0.00000000 0.00000000
0.00000000 0.54944152 2.04000000 0.00000000 0.00000000 0.00000000 0.00000000 0.00000000 0.00000000 0.00000000 0.00000000 0.00000000 0.00000000 0.00000000 0.00000000 0.00000000 0.00000000 0.00000000 0.00000000 0.00000000 0.00000000 10.78307851 0.00000000 0.00000000 -31.10957172 0.00000000 0.00000000 20.32649320 0.00000000 0.00000000 0.00000000 0.00000000 0.00000000 54.17715528 0.00000000 0.00000000 -83.66465842 0.00000000 0.00000000 29.48750315 0.00000000 0.00000000 0.00000000 0.00000000 0.00000000 0.00000000 -19.34293709 0.00000000 0.00000000 0.00000000 0.00000000 -27.51513862 0.00000000 0.00000000 83.66465842 0.00000000 0.00000000 -56.14951981 0.00000000 0.00000000 0.00000000 0.00000000 0.00000000 -19.71309364 0.00000000 0.00000000 31.10957172 0.00000000 0.00000000 -11.39647808 0.00000000 0.00000000 0.00000000 0.00000000 0.00000000
0.00000000 0.55260287 2.06000000 0.00000000 0.00000000 0.00000000 0.00000000 0.00000000 0.00000000 0.00000000 0.00000000 0.00000000 0.00000000 0.00000000 0.00000000 0.00000000 0.00000000 0.00000000 0.00000000 0.00000000 0.00000000 12.25611329 0.00000000 0.00000000 -29.42063810 0.00000000 0.00000000 17.16452481 0.00000000 0.00000000 0.00000000 0.00000000 0.00000000 53.09302357 0.00000000 0.00000000 -93.90324687 0.00000000 0.00000000 40.81022330 0.00000000 0.00000000 0.00000000 0.00000000 0.00000000 0.00000000 -19.99184386 0.00000000 0.00000000 0.00000000 0.00000000 -38.45139165 0.00000000 0.00000000 93.90324687 0.00000000 0.00000000 -55.45185523 0.00000000 0.00000000 0.00000000 0.00000000 0.00000000 -16.58597988 0.00000000 0.00000000 29.42063810 0.00000000 0.00000000 -12.83465822 0.00000000 0.00000000 0.00000000 0.00000000 0.00000000
0.00000000 0.55365284 2.08000000 0.00000000 0.00000000 0.00000000 0.00000000 0.00000000 0.00000000 0.00000000 0.00000000 0.00000000 0.00000000 0.00000000 0.00000000 0.00000000 0.00000000 0.00000000 0.00000000 0.00000000 0.00000000 14.23760678 0.00000000 0.00000000 -28.81378067 0.00000000 0.00000000 14.57617389 0.00000000 0.00000000 0.00000000 0.00000000 0.00000000 46.98752860 0.00000000 0.00000000 -97.28102659 0.00000000 0.00000000 50.29349800 0.00000000 0.00000000 0.00000000 0.00000000 0.00000000 0.00000000 -19.60165122 0.00000000 0.00000000 0.00000000 0.00000000 -47.79074155 0.00000000 0.00000000 97.28102659 0.00000000 0.00000000 -49.49028505 0.00000000 0.00000000 0.00000000 0.00000000 0.00000000 -14.01008616 0.00000000 0.00000000 28.81378067 0.00000000 0.00000000 -14.80369451 0.00000000 0.00000000 0.00000000 0.00000000 0.00000000
0.00000000 0.55237599 2.10000000 0.00000000 0.00000000 0.00000000 0.00000000 0.00000000 0.00000000 0.00000000 0.00000000 0.00000000 0.00000000 0.00000000 0.00000000 0.00000000 0.00000000 0.00000000 0.00000000 0.00000000 0.00000000 16.87712687 0.00000000 0.00000000 -29.54812395 0.00000000 0.00000000 12.67099708 0.00000000 0.00000000 0.00000000 0.00000000 0.00000000 37.39896595 0.00000000 0.00000000 -93.16594781 0.00000000 0.00000000 55.76698186 0.00000000 0.00000000 0.00000000 0.00000000 0.00000000 0.00000000 -18.19263991 0.00000000 0.00000000 0.00000000 0.00000000 -53.43835883 0.00000000 0.00000000 93.16594781 0.00000000 0.00000000 -39.72758898 0.00000000 0.00000000 0.00000000 0.00000000 0.00000000 -12.08983081 0.00000000 0.00000000 29.54812395 0.00000000 0.00000000 -17.45829313 0.00000000 0.00000000 0.00000000 0.00000000 0.00000000
0.00000000 0.54903432 2.12000000 0.00000000 0.00000000 0.00000000 0.00000000 0.00000000 0.00000000 0.00000000 0.00000000 0.00000000 0.00000000 0.00000000 0.00000000 0.00000000 0.00000000 0.00000000 0.00000000 0.00000000 0.00000000 20.04365913 0.00000000 0.00000000 -31.31130671 0.00000000 0.00000000 11.26764757 0.00000000 0.00000000 0.00000000 0.00000000 0.00000000 26.39324081 0.00000000 0.00000000 -82.32064216 0.00000000 0.00000000 55.92740135 0.00000000 0.00000000 0.00000000 0.00000000 0.00000000 0.00000000 -15.83804492 0.00000000 0.00000000 0.00000000 0.00000000 -54.00109753 0.00000000 0.00000000 82.32064216 0.00000000 0.00000000 -28.31954463 0.00000000 0.00000000 0.00000000 0.00000000 0.00000000 -10.65006597 0.00000000 0.00000000 31.31130671 0.00000000 0.00000000 -20.66124074 0.00000000 0.00000000 0.00000000 0.00000000 0.00000000
0.00000000 0.54431356 2.14000000 0.00000000 0.00000000 0.00000000 0.00000000 0.00000000 0.00000000 0.00000000 0.00000000 0.00000000 0.00000000 0.00000000 0.00000000 0.00000000 0.00000000 0.00000000 0.00000000 0.00000000 0.00000000 23.40918843 0.00000000 0.00000000 -33.40985161 0.00000000 0.00000000 10.00066319 0.00000000 0.00000000 0.00000000 0.00000000 0.00000000 15.20795077 0.00000000 0.00000000 -66.45165228 0.00000000 0.00000000 51.24370151 0.00000000 0.00000000 0.00000000 0.00000000 0.00000000 0.00000000 -12.66024908 0.00000000 0.00000000 0.00000000 0.00000000 -49.80030848 0.00000000 0.00000000 66.45165228 0.00000000 0.00000000 -16.65134380 0.00000000 0.00000000 0.00000000 0.00000000 0.00000000 -9.33932719 0.00000000 0.00000000 33.40985161 0.00000000 0.00000000 -24.07052443 0.00000000 0.00000000 0.00000000 0.00000000 0.00000000
0.00000000 0.53918242 2.16000000 0.00000000 0.00000000 0.00000000 0.00000000 0.00000000 0.00000000 0.00000000 0.00000000 0.00000000 0.00000000 0.00000000 0.00000000 0.00000000 0.00000000 0.00000000 0.00000000 0.00000000 0.00000000 26.58986596 0.00000000 0.00000000 -35.07233826 0.00000000 0.00000000 8.48247230 0.00000000 0.00000000 0.00000000 0.00000000 0.00000000 4.53746346 0.00000000 0.00000000 -47.82795433 0.00000000 0.00000000 43.29049088 0.00000000 0.00000000 0.00000000 0.00000000 0.00000000 0.00000000 -8.82442202 0.00000000 0.00000000 0.00000000 0.00000000 -42.31333309 0.00000000 0.00000000 47.82795433 0.00000000 0.00000000 -5.51462124 0.00000000 0.00000000 0.00000000 0.00000000 0.00000000 -7.78613231 0.00000000 0.00000000 35.07233826 0.00000000 0.00000000 -27.28620595 0.00000000 0.00000000 0.00000000 0.00000000 0.00000000
0.00000000 0.53469383 2.18000000 0.00000000 0.00000000 0.00000000 0.00000000 0.00000000 0.00000000 0.00000000 0.00000000 0.00000000 0.00000000 0.00000000 0.00000000 0.00000000 0.00000000 0.00000000 0.00000000 0.00000000 0.00000000 29.22112108 0.00000000 0.00000000 -35.60834596 0.00000000 0.00000000 6.38722488 0.00000000 0.00000000 0.00000000 0.00000000 0.00000000 -3.97881539 0.00000000 0.00000000 -30.66577836 0.00000000 0.00000000 34.64459376 0.00000000 0.00000000 0.00000000 0.00000000 0.00000000 0.00000000 -4.52993535 0.00000000 0.00000000 0.00000000 0.00000000 -34.04037983 0.00000000 0.00000000 30.66577836 0.00000000 0.00000000 3.37460146 0.00000000 0.00000000 0.00000000 0.00000000 0.00000000 -5.67953135 0.00000000 0.00000000 35.60834596 0.00000000 0.00000000 -29.92881460 0.00000000 0.00000000 0.00000000 0.00000000 0.00000000
0.00000000 0.53176886 2.20000000 0.00000000 0.00000000 0.00000000 0.00000000 0.00000000 0.00000000 0.00000000 0.00000000 0.00000000 0.00000000 0.00000000 0.00000000 0.00000000 0.00000000 0.00000000 0.00000000 0.00000000 0.00000000 30.96561416 0.00000000 0.00000000 -34.41639867 0.00000000 0.00000000 3.45078451 0.00000000 0.00000000 0.00000000 0.00000000 0.00000000 -4.55900484 0.00000000 0.00000000 -26.86174904 0.00000000 0.00000000 31.42075388 0.00000000 0.00000000 0.00000000 0.00000000 0.00000000 0.00000000 -0.00000000 0.00000000 0.00000000 0.00000000 0.00000000 -30.89451100 0.00000000 0.00000000 26.86174904 0.00000000 0.00000000 4.03276196 0.00000000 0.00000000 0.00000000 0.00000000 0.00000000 -2.76829289 0.00000000 0.00000000 34.41639867 0.00000000 0.00000000 -31.64810578 0.00000000 0.00000000 0.00000000 0.00000000 0.00000000
0.00000000 0.53100772 2.22000000 0.00000000 0.00000000 0.00000000 0.00000000 0.00000000 0.00000000 0.00000000 0.00000000 0.00000000 0.00000000 0.00000000 0.00000000 0.00000000 0.00000000 0.00000000 0.00000000 0.00000000 0.00000000 31.47023492 0.00000000 0.00000000 -30.87361116 0.00000000 0.00000000 -0.59662377 0.00000000 0.00000000 0.00000000 0.00000000 0.00000000 0.32714893 0.00000000 0.00000000 -32.42886182 0.00000000 0.00000000 32.10171289 0.00000000 0.00000000 0.00000000 0.00000000 0.00000000 0.00000000 4.52993535 0.00000000 0.00000000 0.00000000 0.00000000 -31.46088831 0.00000000 0.00000000 32.42886182 0.00000000 0.00000000 -0.96797351 0.00000000 0.00000000 0.00000000 0.00000000 0.00000000 1.20513697 0.00000000 0.00000000 30.87361116 0.00000000 0.00000000 -32.07874813 0.00000000 0.00000000 0.00000000 0.00000000 0.00000000
0.00000000 0.53256660 2.24000000 0.00000000 0.00000000 0.00000000 0.00000000 0.00000000 0.00000000 0.00000000 0.00000000 0.00000000 0.00000000 0.00000000 0.00000000 0.00000000 0.00000000 0.00000000 0.00000000 0.00000000 0.00000000 30.92375785 0.00000000 0.00000000 -25.64432036 0.00000000 0.00000000 -5.27943749 0.00000000 0.00000000 0.00000000 0.00000000 0.00000000 3.89411252 0.00000000 0.00000000 -35.06784718 0.00000000 0.00000000 31.17373467 0.00000000 0.00000000 0.00000000 0.00000000 0.00000000 0.00000000 8.82442202 0.00000000 0.00000000 0.00000000 0.00000000 -30.47748966 0.00000000 0.00000000 35.06784718 0.00000000 0.00000000 -4.59035752 0.00000000 0.00000000 0.00000000 0.00000000 0.00000000 5.78099536 0.00000000 0.00000000 25.64432036 0.00000000 0.00000000 -31.42531572 0.00000000 0.00000000 0.00000000 0.00000000 0.00000000
0.00000000 0.53612562 2.26000000 0.00000000 0.00000000 0.00000000 0.00000000 0.00000000 0.00000000 0.00000000 0.00000000 0.00000000 0.00000000 0.00000000 0.00000000 0.00000000 0.00000000 0.00000000 0.00000000 0.00000000 0.00000000 36.76787044 0.00000000 0.00000000 -36.01145578 0.00000000 0.00000000 -0.75641467 0.00000000 0.00000000 0.00000000 0.00000000 0.00000000 6.49744042 0.00000000 0.00000000 -35.59012926 0.00000000 0.00000000 29.09268884 0.00000000 0.00000000 0.00000000 0.00000000 0.00000000 0.00000000 12.66024908 0.00000000 0.00000000 0.00000000 0.00000000 -28.38538173 0.00000000 0.00000000 35.59012926 0.00000000 0.00000000 -7.20474753 0.00000000 0.00000000 0.00000000 0.00000000 0.00000000 1.47266919 0.00000000 0.00000000 36.01145578 0.00000000 0.00000000 -37.48412497 0.00000000 0.00000000 0.00000000 0.00000000 0.00000000
0.00000000 0.54095445 2.28000000 0.00000000 0.00000000 0.00000000 0.00000000 0.00000000 0.00000000 0.00000000 0.00000000 0.00000000 0.00000000 0.00000000 0.00000000 0.00000000 0.00000000 0.00000000 0.00000000 0.00000000 0.00000000 45.18710619 0.00000000 0.00000000 -54.47892006 0.00000000 0.00000000 9.29181387 0.00000000 0.00000000 0.00000000 0.00000000 0.00000000 8.37970446 0.00000000 0.00000000 -34.58850580 0.00000000 0.00000000 26.20880134 0.00000000 0.00000000 0.00000000 0.00000000 0.00000000 0.00000000 15.83804492 0.00000000 0.00000000 0.00000000 0.00000000 -25.52268094 0.00000000 0.00000000 34.58850580 0.00000000 0.00000000 -9.06582486 0.00000000 0.00000000 0.00000000 0.00000000 0.00000000 -8.15739205 0.00000000 0.00000000 54.47892006 0.00000000 0.00000000 -46.32152801 0.00000000 0.00000000 0.00000000 0.00000000 0.00000000
0.00000000 0.54606220 2.30000000 0.00000000 0.00000000 0.00000000 0.00000000 0.00000000 0.00000000 0.00000000 0.00000000 0.00000000 0.00000000 0.00000000 0.00000000 0.00000000 0.00000000 0.00000000 0.00000000 0.00000000 0.00000000 51.73596365 0.00000000 0.00000000 -72.45119019 0.00000000 0.00000000 20.71522654 0.00000000 0.00000000 0.00000000 0.00000000 0.00000000 9.80895861 0.00000000 0.00000000 -32.68938342 0.00000000 0.00000000 22.88042481 0.00000000 0.00000000 0.00000000 0.00000000 0.00000000 0.00000000 18.19263991 0.00000000 0.00000000 0.00000000 0.00000000 -22.23416309 0.00000000 0.00000000 32.68938342 0.00000000 0.00000000 -10.45522033 0.00000000 0.00000000 0.00000000 0.00000000 0.00000000 -19.10096834 0.00000000 0.00000000 72.45119019 0.00000000 0.00000000 -53.35022185 0.00000000 0.00000000 0.00000000 0.00000000 0.00000000
0.00000000 0.55040075 2.32000000 0.00000000 0.00000000 0.00000000 0.00000000 0.00000000 0.00000000 0.00000000 0.00000000 0.00000000 0.00000000 0.00000000 0.00000000 0.00000000 0.00000000 0.00000000 0.00000000 0.00000000 0.00000000 54.39660700 0.00000000 0.00000000 -86.78815257 0.00000000 0.00000000 32.39154558 0.00000000 0.00000000 0.00000000 0.00000000 0.00000000 11.12067689 0.00000000 0.00000000 -30.61863005 0.00000000 0.00000000 19.49795316 0.00000000 0.00000000 0.00000000 0.00000000 0.00000000 0.00000000 19.60165122 0.00000000 0.00000000 0.00000000 0.00000000 -18.89471396 0.00000000 0.00000000 30.61863005 0.00000000 0.00000000 -11.72391610 0.00000000 0.00000000 0.00000000 0.00000000 0.00000000 -30.30828645 0.00000000 0.00000000 86.78815257 0.00000000 0.00000000 -56.47986612 0.00000000 0.00000000 0.00000000 0.00000000 0.00000000
0.00000000 0.55307981 2.34000000 0.00000000 0.00000000 0.00000000 0.00000000 0.00000000 0.00000000 0.00000000 0.00000000 0.00000000 0.00000000 0.00000000 0.00000000 0.00000000 0.00000000 0.00000000 0.00000000 0.00000000 0.00000000 52.00381235 0.00000000 0.00000000 -95.43848643 0.00000000 0.00000000 43.43467408 0.00000000 0.00000000 0.00000000 0.00000000 0.00000000 12.69344458 0.00000000 0.00000000 -29.14793018 0.00000000 0.00000000 16.45448561 0.00000000 0.00000000 0.00000000 0.00000000 0.00000000 0.00000000 19.99184386 0.00000000 0.00000000 0.00000000 0.00000000 -15.88154290 0.00000000 0.00000000 29.14793018 0.00000000 0.00000000 -13.26638729 0.00000000 0.00000000 0.00000000 0.00000000 0.00000000 -41.01158376 0.00000000 0.00000000 95.43848643 0.00000000 0.00000000 -54.42690267 0.00000000 0.00000000 0.00000000 0.00000000 0.00000000
0.00000000 0.55354962 2.36000000 0.00000000 0.00000000 0.00000000 0.00000000 0.00000000 0.00000000 0.00000000 0.00000000 0.00000000 0.00000000 0.00000000 0.00000000 0.00000000 0.00000000 0.00000000 0.00000000 0.00000000 0.00000000 44.83017844 0.00000000 0.00000000 -96.94789266 0.00000000 0.00000000 52.11771422 0.00000000 0.00000000 0.00000000 0.00000000 0.00000000 14.83619663 0.00000000 0.00000000 -28.87438271 0.00000000 0.00000000 14.03818608 0.00000000 0.00000000 0.00000000 0.00000000 0.00000000 0.00000000 19.34293709 0.00000000 0.00000000 0.00000000 0.00000000 -13.47085588 0.00000000 0.00000000 28.87438271 0.00000000 0.00000000 -15.40352683 0.00000000 0.00000000 0.00000000 0.00000000 0.00000000 -49.62957495 0.00000000 0.00000000 96.94789266 0.00000000 0.00000000 -47.31831771 0.00000000 0.00000000 0.00000000 0.00000000 0.00000000
0.00000000 0.55171379 2.38000000 0.00000000 0.00000000 0.00000000 0.00000000 0.00000000 0.00000000 0.00000000 0.00000000 0.00000000 0.00000000 0.00000000 0.00000000 0.00000000 0.00000000 0.00000000 0.00000000 0.00000000 0.00000000 34.71429375 0.00000000 0.00000000 -91.02940964 0.00000000 0.00000000 56.31511589 0.00000000 0.00000000 0.00000000 0.00000000 0.00000000 17.62999232 0.00000000 0.00000000 -29.91561659 0.00000000 0.00000000 12.28562427 0.00000000 0.00000000 0.00000000 0.00000000 0.00000000 0.00000000 17.68865862 0.00000000 0.00000000 0.00000000 0.00000000 -11.69689307 0.00000000 0.00000000 29.91561659 0.00000000 0.00000000 -18.21872352 0.00000000 0.00000000 0.00000000 0.00000000 0.00000000 -54.07176604 0.00000000 0.00000000 91.02940964 0.00000000 0.00000000 -36.95764360 0.00000000 0.00000000 0.00000000 0.00000000 0.00000000
0.00000000 0.54794903 2.40000000 0.00000000 0.00000000 0.00000000 0.00000000 0.00000000 0.00000000 0.00000000 0.00000000 0.00000000 0.00000000 0.00000000 0.00000000 0.00000000 0.00000000 0.00000000 0.00000000 0.00000000 0.00000000 23.58536978 0.00000000 0.00000000 -78.74636024 0.00000000 0.00000000 55.16099046 0.00000000 0.00000000 0.00000000 0.00000000 0.00000000 20.88130637 0.00000000 0.00000000 -31.83518752 0.00000000 0.00000000 10.95388115 0.00000000 0.00000000 0.00000000 0.00000000 0.00000000 0.00000000 15.11499149 0.00000000 0.00000000 0.00000000 0.00000000 -10.32541995 0.00000000 0.00000000 31.83518752 0.00000000 0.00000000 -21.50976757 0.00000000 0.00000000 0.00000000 0.00000000 0.00000000 -53.35274112 0.00000000 0.00000000 78.74636024 0.00000000 0.00000000 -25.39361912 0.00000000 0.00000000 0.00000000 0.00000000 0.00000000
0.00000000 0.54302788 2.42000000 0.00000000 0.00000000 0.00000000 0.00000000 0.00000000 0.00000000 0.00000000 0.00000000 0.00000000 0.00000000 0.00000000 0.00000000 0.00000000 0.00000000 0.00000000 0.00000000 0.00000000 0.00000000 12.46054487 0.00000000 0.00000000 -61.94696886 0.00000000 0.00000000 49.48642399 0.00000000 0.00000000 0.00000000 0.00000000 0.00000000 24.23649707 0.00000000 0.00000000 -33.89518609 0.00000000 0.00000000 9.65868901 0.00000000 0.00000000 0.00000000 0.00000000 0.00000000 0.00000000 11.75570505 0.00000000 0.00000000 0.00000000 0.00000000 -8.98716638 0.00000000 0.00000000 33.89518609 0.00000000 0.00000000 -24.90801970 0.00000000 0.00000000 0.00000000 0.00000000 0.00000000 -48.16376354 0.00000000 0.00000000 61.94696886 0.00000000 0.00000000 -13.78320532 0.00000000 0.00000000 0.00000000 0.00000000 0.00000000
0.00000000 0.53796018 2.44000000 0.00000000 0.00000000 0.00000000 0.00000000 0.00000000 0.00000000 0.00000000 0.00000000 0.00000000 0.00000000 0.00000000 0.00000000 0.00000000 0.00000000 0.00000000 0.00000000 0.00000000 0.00000000 2.08395201 0.00000000 0.00000000 -43.13028776 0.00000000 0.00000000 41.04633575 0.00000000 0.00000000 0.00000000 0.00000000 0.00000000 27.31269716 0.00000000 0.00000000 -35.33656136 0.00000000 0.00000000 8.02386420 0.00000000 0.00000000 0.00000000 0.00000000 0.00000000 0.00000000 7.78540213 0.00000000 0.00000000 0.00000000 0.00000000 -7.32193175 0.00000000 0.00000000 35.33656136 0.00000000 0.00000000 -28.01462960 0.00000000 0.00000000 0.00000000 0.00000000 0.00000000 -40.17540277 0.00000000 0.00000000 43.13028776 0.00000000 0.00000000 -2.95488499 0.00000000 0.00000000 0.00000000 0.00000000 0.00000000
0.00000000 0.53378583 2.46000000 0.00000000 0.00000000 0.00000000 0.00000000 0.00000000 0.00000000 0.00000000 0.00000000 0.00000000 0.00000000 0.00000000 0.00000000 0.00000000 0.00000000 0.00000000 0.00000000 0.00000000 0.00000000 -5.21524175 0.00000000 0.00000000 -27.77188362 0.00000000 0.00000000 32.98712536 0.00000000 0.00000000 0.00000000 0.00000000 0.00000000 29.75330275 0.00000000 0.00000000 -35.49487496 0.00000000 0.00000000 5.74157221 0.00000000 0.00000000 0.00000000 0.00000000 0.00000000 0.00000000 3.41044385 0.00000000 0.00000000 0.00000000 0.00000000 -5.03628502 0.00000000 0.00000000 35.49487496 0.00000000 0.00000000 -30.45858994 0.00000000 0.00000000 0.00000000 0.00000000 0.00000000 -32.44234663 0.00000000 0.00000000 27.77188362 0.00000000 0.00000000 4.67046302 0.00000000 0.00000000 0.00000000 0.00000000 0.00000000
0.00000000 0.53136143 2.48000000 0.00000000 0.00000000 0.00000000 0.00000000 0.00000000 0.00000000 0.00000000 0.00000000 0.00000000 0.00000000 0.00000000 0.00000000 0.00000000 0.00000000 0.00000000 0.00000000 0.00000000 0.00000000 -3.18035947 0.00000000 0.00000000 -28.59962231 0.00000000 0.00000000 31.77998178 0.00000000 0.00000000 0.00000000 0.00000000 0.00000000 31.22356241 0.00000000 0.00000000 -33.77920894 0.00000000 0.00000000 2.55564653 0.00000000 0.00000000 0.00000000 0.00000000 0.00000000 0.00000000 -1.14177622 0.00000000 0.00000000 0.00000000 0.00000000 -1.88656051 0.00000000 0.00000000 33.77920894 0.00000000 0.00000000 -31.89264843 0.00000000 0.00000000 0.00000000 0.00000000 0.00000000 -31.21828205 0.00000000 0.00000000 28.59962231 0.00000000 0.00000000 2.61865974 0.00000000 0.00000000 0.00000000 0.00000000 0.00000000
0.00000000 0.53118447 2.50000000 0.00000000 0.00000000 0.00000000 0.00000000 0.00000000 0.00000000 0.00000000 0.00000000 0.00000000 0.00000000 0.00000000 0.00000000 0.00000000 0.00000000 0.00000000 0.00000000 0.00000000 0.00000000 1.32432804 0.00000000 0.00000000 -33.32306203 0.00000000 0.00000000 31.99873399 0.00000000 0.00000000 0.00000000 0.00000000 0.00000000 31.34880079 0.00000000 0.00000000 -29.52072703 0.00000000 0.00000000 -1.82807376 0.00000000 0.00000000 0.00000000 0.00000000 0.00000000 0.00000000 -5.63465114 0.00000000 0.00000000 0.00000000 0.00000000 2.40867657 0.00000000 0.00000000 29.52072703 0.00000000 0.00000000 -31.92940360 0.00000000 0.00000000 0.00000000 0.00000000 0.00000000 -31.33921687 0.00000000 0.00000000 33.32306203 0.00000000 0.00000000 -1.98384516 0.00000000 0.00000000 0.00000000 0.00000000 0.00000000
0.00000000 0.53329125 2.52000000 0.00000000 0.00000000 0.00000000 0.00000000 0.00000000 0.00000000 0.00000000 0.00000000 0.00000000 0.00000000 0.00000000 0.00000000 0.00000000 0.00000000 0.00000000 0.00000000 0.00000000 0.00000000 4.62547717 0.00000000 0.00000000 -35.37297552 0.00000000 0.00000000 30.74749834 0.00000000 0.00000000 0.00000000 0.00000000 0.00000000 31.70070896 0.00000000 0.00000000 -26.56547291 0.00000000 0.00000000 -5.13523604 0.00000000 0.00000000 0.00000000 0.00000000 0.00000000 0.00000000 -9.83465849 0.00000000 0.00000000 0.00000000 0.00000000 5.65546022 0.00000000 0.00000000 26.56547291 0.00000000 0.00000000 -32.22093313 0.00000000 0.00000000 0.00000000 0.00000000 0.00000000 -30.04479452 0.00000000 0.00000000 35.37297552 0.00000000 0.00000000 -5.32818099 0.00000000 0.00000000 0.00000000 0.00000000 0.00000000
0.00000000 0.53724948 2.54000000 0.00000000 0.00000000 0.00000000 0.00000000 0.00000000 0.00000000 0.00000000 0.00000000 0.00000000 0.00000000 0.00000000 0.00000000 0.00000000 0.00000000 0.00000000 0.00000000 0.00000000 0.00000000 7.02610410 0.00000000 0.00000000 -35.45957952 0.00000000 0.00000000 28.43347542 0.00000000 0.00000000 0.00000000 0.00000000 0.00000000 38.88522003 0.00000000 0.00000000 -40.38276502 0.00000000 0.00000000 1.49754499 0.00000000 0.00000000 0.00000000 0.00000000 0.00000000 0.00000000 -13.52349801 0.00000000 0.00000000 0.00000000 0.00000000 -0.68713701 0.00000000 0.00000000 40.38276502 0.00000000 0.00000000 -39.69562801 0.00000000 0.00000000 0.00000000 0.00000000 0.00000000 -27.72893641 0.00000000 0.00000000 35.45957952 0.00000000 0.00000000 -7.73064311 0.00000000 0.00000000 0.00000000 0.00000000 0.00000000
0.00000000 0.54224689 2.56000000 0.00000000 0.00000000 0.00000000 0.00000000 0.00000000 0.00000000 0.00000000 0.00000000 0.00000000 0.00000000 0.00000000 0.00000000 0.00000000 0.00000000 0.00000000 0.00000000 0.00000000 0.00000000 8.76761271 0.00000000 0.00000000 -34.17128140 0.00000000 0.00000000 25.40366869 0.00000000 0.00000000 0.00000000 0.00000000 0.00000000 47.09488169 0.00000000 0.00000000 -59.17765384 0.00000000 0.00000000 12.08277215 0.00000000 0.00000000 0.00000000 0.00000000 0.00000000 0.00000000 -16.50943794 0.00000000 0.00000000 0.00000000 0.00000000 -10.83152358 0.00000000 0.00000000 59.17765384 0.00000000 0.00000000 -48.34613026 0.00000000 0.00000000 0.00000000 0.00000000 0.00000000 -24.72633941 0.00000000 0.00000000 34.17128140 0.00000000 0.00000000 -9.44494198 0.00000000 0.00000000 0.00000000 0.00000000 0.00000000
0.00000000 0.54725802 2.58000000 0.00000000 0.00000000 0.00000000 0.00000000 0.00000000 0.00000000 0.00000000 0.00000000 0.00000000 0.00000000 0.00000000 0.00000000 0.00000000 0.00000000 0.00000000 0.00000000 0.00000000 0.00000000 10.13333177 0.00000000 0.00000000 -32.15738987 0.00000000 0.00000000 22.02405810 0.00000000 0.00000000 0.00000000 0.00000000 0.00000000 52.82701981 0.00000000 0.00000000 -76.46450359 0.00000000 0.00000000 23.63748378 0.00000000 0.00000000 0.00000000 0.00000000 0.00000000 0.00000000 -18.63728058 0.00000000 0.00000000 0.00000000 0.00000000 -21.90147893 0.00000000 0.00000000 76.46450359 0.00000000 0.00000000 -54.56302466 0.00000000 0.00000000 0.00000000 0.00000000 0.00000000 -21.38889155 0.00000000 0.00000000 32.15738987 0.00000000 0.00000000 -10.76849832 0.00000000 0.00000000 0.00000000 0.00000000 0.00000000
0.00000000 0.55125455 2.60000000 0.00000000 0.00000000 0.00000000 0.00000000 0.00000000 0.00000000 0.00000000 0.00000000 0.00000000 0.00000000 0.00000000 0.00000000 0.00000000 0.00000000 0.00000000 0.00000000 0.00000000 0.00000000 11.47488104 0.00000000 0.00000000 -30.16594764 0.00000000 0.00000000 18.69106660 0.00000000 0.00000000 0.00000000 0.00000000 0.00000000 54.29290078 0.00000000 0.00000000 -89.55398107 0.00000000 0.00000000 35.26108029 0.00000000 0.00000000 0.00000000 0.00000000 0.00000000 0.00000000 -19.79642884 0.00000000 0.00000000 0.00000000 0.00000000 -33.07474994 0.00000000 0.00000000 89.55398107 0.00000000 0.00000000 -56.47923113 0.00000000 0.00000000 0.00000000 0.00000000 0.00000000 -18.09717486 0.00000000 0.00000000 30.16594764 0.00000000 0.00000000 -12.06877278 0.00000000 0.00000000 0.00000000 0.00000000 0.00000000
0.00000000 0.55341639 2.62000000 0.00000000 0.00000000 0.00000000 0.00000000 0.00000000 0.00000000 0.00000000 0.00000000 0.00000000 0.00000000 0.00000000 0.00000000 0.00000000 0.00000000 0.00000000 0.00000000 0.00000000 0.00000000 13.16759770 0.00000000 0.00000000 -28.95256076 0.00000000 0.00000000 15.78496307 0.00000000 0.00000000 0.00000000 0.00000000 0.00000000 50.60650323 0.00000000 0.00000000 -96.52137164 0.00000000 0.00000000 45.91486840 0.00000000 0.00000000 0.00000000 0.00000000 0.00000000 0.00000000 -19.92663462 0.00000000 0.00000000 0.00000000 0.00000000 -43.44530456 0.00000000 0.00000000 96.52137164 0.00000000 0.00000000 -53.07606708 0.00000000 0.00000000 0.00000000 0.00000000 0.00000000 -15.21602956 0.00000000 0.00000000 28.95256076 0.00000000 0.00000000 -13.73653120 0.00000000 0.00000000 0.00000000 0.00000000 0.00000000
0.00000000 0.55329993 2.64000000 0.00000000 0.00000000 0.00000000 0.00000000 0.00000000 0.00000000 0.00000000 0.00000000 0.00000000 0.00000000 0.00000000 0.00000000 0.00000000 0.00000000 0.00000000 0.00000000 0.00000000 0.00000000 15.47695298 0.00000000 0.00000000 -29.02013946 0.00000000 0.00000000 13.54318647 0.00000000 0.00000000 0.00000000 0.00000000 0.00000000 42.48906311 0.00000000 0.00000000 -96.14319830 0.00000000 0.00000000 53.65413519 0.00000000 0.00000000 0.00000000 0.00000000 0.00000000 0.00000000 -19.02113033 0.00000000 0.00000000 0.00000000 0.00000000 -51.20091213 0.00000000 0.00000000 96.14319830 0.00000000 0.00000000 -44.94228617 0.00000000 0.00000000 0.00000000 0.00000000 0.00000000 -12.97286658 0.00000000 0.00000000 29.02013946 0.00000000 0.00000000 -16.04727288 0.00000000 0.00000000 0.00000000 0.00000000 0.00000000
0.00000000 0.55092905 2.66000000 0.00000000 0.00000000 0.00000000 0.00000000 0.00000000 0.00000000 0.00000000 0.00000000 0.00000000 0.00000000 0.00000000 0.00000000 0.00000000 0.00000000 0.00000000 0.00000000 0.00000000 0.00000000 18.41223039 0.00000000 0.00000000 -30.33946536 0.00000000 0.00000000 11.92723497 0.00000000 0.00000000 0.00000000 0.00000000 0.00000000 31.97209979 0.00000000 0.00000000 -88.49158612 0.00000000 0.00000000 56.51948633 0.00000000 0.00000000 0.00000000 0.00000000 0.00000000 0.00000000 -17.12698061 0.00000000 0.00000000 0.00000000 0.00000000 -54.37331890 0.00000000 0.00000000 88.49158612 0.00000000 0.00000000 -34.11826722 0.00000000 0.00000000 0.00000000 0.00000000 0.00000000 -11.32976262 0.00000000 0.00000000 30.33946536 0.00000000 0.00000000 -19.00970274 0.00000000 0.00000000 0.00000000 0.00000000 0.00000000
0.00000000 0.54679028 2.68000000 0.00000000 0.00000000 0.00000000 0.00000000 0.00000000 0.00000000 0.00000000 0.00000000 0.00000000 0.00000000 0.00000000 0.00000000 0.00000000 0.00000000 0.00000000 0.00000000 0.00000000 0.00000000 21.72552677 0.00000000 0.00000000 -32.36781523 0.00000000 0.00000000 10.64228846 0.00000000 0.00000000 0.00000000 0.00000000 0.00000000 20.77944629 0.00000000 0.00000000 -74.88778524 0.00000000 0.00000000 54.10833895 0.00000000 0.00000000 0.00000000 0.00000000 0.00000000 0.00000000 -14.34263610 0.00000000 0.00000000 0.00000000 0.00000000 -52.42094085 0.00000000 0.00000000 74.88778524 0.00000000 0.00000000 -22.46684439 0.00000000 0.00000000 0.00000000 0.00000000 0.00000000 -10.00273689 0.00000000 0.00000000 32.36781523 0.00000000 0.00000000 -22.36507834 0.00000000 0.00000000 0.00000000 0.00000000 0.00000000
0.00000000 0.54173290 2.70000000 0.00000000 0.00000000 0.00000000 0.00000000 0.00000000 0.00000000 0.00000000 0.00000000 0.00000000 0.00000000 0.00000000 0.00000000 0.00000000 0.00000000 0.00000000 0.00000000 0.00000000 0.00000000 25.04620520 0.00000000 0.00000000 -34.34131252 0.00000000 0.00000000 9.29510732 0.00000000 0.00000000 0.00000000 0.00000000 0.00000000 9.75415311 0.00000000 0.00000000 -57.30638181 0.00000000 0.00000000 47.55222870 0.00000000 0.00000000 0.00000000 0.00000000 0.00000000 0.00000000 -10.81281635 0.00000000 0.00000000 0.00000000 0.00000000 -46.34813030 0.00000000 0.00000000 57.30638181 0.00000000 0.00000000 -10.95825151 0.00000000 0.00000000 0.00000000 0.00000000 0.00000000 -8.61419780 0.00000000 0.00000000 34.34131252 0.00000000 0.00000000 -25.72711472 0.00000000 0.00000000 0.00000000 0.00000000 0.00000000
0.00000000 0.53679470 2.72000000 0.00000000 0.00000000 0.00000000 0.00000000 0.00000000 0.00000000 0.00000000 0.00000000 0.00000000 0.00000000 0.00000000 0.00000000 0.00000000 0.00000000 0.00000000 0.00000000 0.00000000 0.00000000 27.99567076 0.00000000 0.00000000 -35.52017115 0.00000000 0.00000000 7.52450039 0.00000000 0.00000000 0.00000000 0.00000000 0.00000000 -0.20636625 0.00000000 0.00000000 -38.59371906 0.00000000 0.00000000 38.80008531 0.00000000 0.00000000 0.00000000 0.00000000 0.00000000 0.00000000 -6.72098786 0.00000000 0.00000000 0.00000000 0.00000000 -38.02851347 0.00000000 0.00000000 38.59371906 0.00000000 0.00000000 -0.56520559 0.00000000 0.00000000 0.00000000 0.00000000 0.00000000 -6.81867689 0.00000000 0.00000000 35.52017115 0.00000000 0.00000000 -28.70149427 0.00000000 0.00000000 0.00000000 0.00000000 0.00000000
0.00000000 0.53298901 2.74000000 0.00000000 0.00000000 0.00000000 0.00000000 0.00000000 0.00000000 0.00000000 0.00000000 0.00000000 0.00000000 0.00000000 0.00000000 0.00000000 0.00000000 0.00000000 0.00000000 0.00000000 0.00000000 30.22494751 0.00000000 0.00000000 -35.26448346 0.00000000 0.00000000 5.03953595 0.00000000 0.00000000 0.00000000 0.00000000 0.00000000 -5.80325067 0.00000000 0.00000000 -26.02096393 0.00000000 0.00000000 31.82421460 0.00000000 0.00000000 0.00000000 0.00000000 0.00000000 0.00000000 -2.27982820 0.00000000 0.00000000 0.00000000 0.00000000 -31.31503280 0.00000000 0.00000000 26.02096393 0.00000000 0.00000000 5.29406887 0.00000000 0.00000000 0.00000000 0.00000000 0.00000000 -4.33912989 0.00000000 0.00000000 35.26448346 0.00000000 0.00000000 -30.92535357 0.00000000 0.00000000 0.00000000 0.00000000 0.00000000
0.00000000 0.53109678 2.76000000 0.00000000 0.00000000 0.00000000 0.00000000 0.00000000 0.00000000 0.00000000 0.00000000 0.00000000 0.00000000 0.00000000 0.00000000 0.00000000 0.00000000 0.00000000 0.00000000 0.00000000 0.00000000 31.39849908 0.00000000 0.00000000 -32.98537422 0.00000000 0.00000000 1.58687514 0.00000000 0.00000000 0.00000000 0.00000000 0.00000000 -1.91572132 0.00000000 0.00000000 -30.08740318 0.00000000 0.00000000 32.00312450 0.00000000 0.00000000 0.00000000 0.00000000 0.00000000 0.00000000 2.27982820 0.00000000 0.00000000 0.00000000 0.00000000 -31.41085259 0.00000000 0.00000000 30.08740318 0.00000000 0.00000000 1.32344941 0.00000000 0.00000000 0.00000000 0.00000000 0.00000000 -0.93442724 0.00000000 0.00000000 32.98537422 0.00000000 0.00000000 -32.05094699 0.00000000 0.00000000 0.00000000 0.00000000 0.00000000
0.00000000 0.53150630 2.78000000 0.00000000 0.00000000 0.00000000 0.00000000 0.00000000 0.00000000 0.00000000 0.00000000 0.00000000 0.00000000 0.00000000 0.00000000 0.00000000 0.00000000 0.00000000 0.00000000 0.00000000 0.00000000 31.10614025 0.00000000 0.00000000 -27.93767525 0.00000000 0.00000000 -3.16846501 0.00000000 0.00000000 0.00000000 0.00000000 0.00000000 2.24781919 0.00000000 0.00000000 -34.05311860 0.00000000 0.00000000 31.80529941 0.00000000 0.00000000 0.00000000 0.00000000 0.00000000 0.00000000 6.72098786 0.00000000 0.00000000 0.00000000 0.00000000 -31.13045630 0.00000000 0.00000000 34.05311860 0.00000000 0.00000000 -2.92266230 0.00000000 0.00000000 0.00000000 0.00000000 0.00000000 3.71662802 0.00000000 0.00000000 27.93767525 0.00000000 0.00000000 -31.65430327 0.00000000 0.00000000 0.00000000 0.00000000 0.00000000
0.00000000 0.53413353 2.80000000 0.00000000 0.00000000 0.00000000 0.00000000 0.00000000 0.00000000 0.00000000 0.00000000 0.00000000 0.00000000 0.00000000 0.00000000 0.00000000 0.00000000 0.00000000 0.00000000 0.00000000 0.00000000 33.03541192 0.00000000 0.00000000 -28.81366374 0.00000000 0.00000000 -4.22174819 0.00000000 0.00000000 0.00000000 0.00000000 0.00000000 5.30074964 0.00000000 0.00000000 -35.55576824 0.00000000 0.00000000 30.25501860 0.00000000 0.00000000 0.00000000 0.00000000 0.00000000 0.00000000 10.81281635 0.00000000 0.00000000 0.00000000 0.00000000 -29.54844026 0.00000000 0.00000000 35.55576824 0.00000000 0.00000000 -6.00732799 0.00000000 0.00000000 0.00000000 0.00000000 0.00000000 4.78783351 0.00000000 0.00000000 28.81366374 0.00000000 0.00000000 -33.60149725 0.00000000 0.00000000 0.00000000 0.00000000 0.00000000
0.00000000 0.53843935 2.82000000 0.00000000 0.00000000 0.00000000 0.00000000 0.00000000 0.00000000 0.00000000 0.00000000 0.00000000 0.00000000 0.00000000 0.00000000 0.00000000 0.00000000 0.00000000 0.00000000 0.00000000 0.00000000 41.03632295 0.00000000 0.00000000 -44.99886207 0.00000000 0.00000000 3.96253912 0.00000000 0.00000000 0.00000000 0.00000000 0.00000000 7.51333042 0.00000000 0.00000000 -35.24273294 0.00000000 0.00000000 27.72940252 0.00000000 0.00000000 0.00000000 0.00000000 0.00000000 0.00000000 14.34263610 0.00000000 0.00000000 0.00000000 0.00000000 -27.02945695 0.00000000 0.00000000 35.24273294 0.00000000 0.00000000 -8.21327599 0.00000000 0.00000000 0.00000000 0.00000000 0.00000000 -3.04978833 0.00000000 0.00000000 44.99886207 0.00000000 0.00000000 -41.94907374 0.00000000 0.00000000 0.00000000 0.00000000 0.00000000
0.00000000 0.54354020 2.84000000 0.00000000 0.00000000 0.00000000 0.00000000 0.00000000 0.00000000 0.00000000 0.00000000 0.00000000 0.00000000 0.00000000 0.00000000 0.00000000 0.00000000 0.00000000 0.00000000 0.00000000 0.00000000 48.84250411 0.00000000 0.00000000 -63.76925690 0.00000000 0.00000000 14.92675279 0.00000000 0.00000000 0.00000000 0.00000000 0.00000000 9.13165885 0.00000000 0.00000000 -33.70815079 0.00000000 0.00000000 24.57649194 0.00000000 0.00000000 0.00000000 0.00000000 0.00000000 0.00000000 17.12698061 0.00000000 0.00000000 0.00000000 0.00000000 -23.90889806 0.00000000 0.00000000 33.70815079 0.00000000 0.00000000 -9.79925272 0.00000000 0.00000000 0.00000000 0.00000000 0.00000000 -13.55596593 0.00000000 0.00000000 63.76925690 0.00000000 0.00000000 -50.21329096 0.00000000 0.00000000 0.00000000 0.00000000 0.00000000
0.00000000 0.54838937 2.86000000 0.00000000 0.00000000 0.00000000 0.00000000 0.00000000 0.00000000 0.00000000 0.00000000 0.00000000 0.00000000 0.00000000 0.00000000 0.00000000 0.00000000 0.00000000 0.00000000 0.00000000 0.00000000 53.64794286 0.00000000 0.00000000 -80.21311227 0.00000000 0.00000000 26.56516941 0.00000000 0.00000000 0.00000000 0.00000000 0.00000000 10.45601090 0.00000000 0.00000000 -31.62663278 0.00000000 0.00000000 21.17062188 0.00000000 0.00000000 0.00000000 0.00000000 0.00000000 0.00000000 19.02113033 0.00000000 0.00000000 0.00000000 0.00000000 -20.54649516 0.00000000 0.00000000 31.62663278 0.00000000 0.00000000 -11.08013761 0.00000000 0.00000000 0.00000000 0.00000000 0.00000000 -24.70922661 0.00000000 0.00000000 80.21311227 0.00000000 0.00000000 -55.50388566 0.00000000 0.00000000 0.00000000 0.00000000 0.00000000
0.00000000 0.55199179 2.88000000 0.00000000 0.00000000 0.00000000 0.00000000 0.00000000 0.00000000 0.00000000 0.00000000 0.00000000 0.00000000 0.00000000 0.00000000 0.00000000 0.00000000 0.00000000 0.00000000 0.00000000 0.00000000 53.85852782 0.00000000 0.00000000 -91.93422491 0.00000000 0.00000000 38.07569709 0.00000000 0.00000000 0.00000000 0.00000000 0.00000000 11.85154318 0.00000000 0.00000000 -29.76307792 0.00000000 0.00000000 17.91153475 0.00000000 0.00000000 0.00000000 0.00000000 0.00000000 0.00000000 19.92663462 0.00000000 0.00000000 0.00000000 0.00000000 -17.32594516 0.00000000 0.00000000 29.76307792 0.00000000 0.00000000 -12.43713276 0.00000000 0.00000000 0.00000000 0.00000000 0.00000000 -35.79663597 0.00000000 0.00000000 91.93422491 0.00000000 0.00000000 -56.13758894 0.00000000 0.00000000 0.00000000 0.00000000 0.00000000
0.00000000 0.55360824 2.90000000 0.00000000 0.00000000 0.00000000 0.00000000 0.00000000 0.00000000 0.00000000 0.00000000 0.00000000 0.00000000 0.00000000 0.00000000 0.00000000 0.00000000 0.00000000 0.00000000 0.00000000 0.00000000 48.92445261 0.00000000 0.00000000 -97.13822551 0.00000000 0.00000000 48.21377290 0.00000000 0.00000000 0.00000000 0.00000000 0.00000000 13.68166117 0.00000000 0.00000000 -28.84009468 0.00000000 0.00000000 15.15843351 0.00000000 0.00000000 0.00000000 0.00000000 0.00000000 0.00000000 19.79642884 0.00000000 0.00000000 0.00000000 0.00000000 -14.59180633 0.00000000 0.00000000 28.84009468 0.00000000 0.00000000 -14.24828835 0.00000000 0.00000000 0.00000000 0.00000000 0.00000000 -45.71729403 0.00000000 0.00000000 97.13822551 0.00000000 0.00000000 -51.42093148 0.00000000 0.00000000 0.00000000 0.00000000 0.00000000
0.00000000 0.55290701 2.92000000 0.00000000 0.00000000 0.00000000 0.00000000 0.00000000 0.00000000 0.00000000 0.00000000 0.00000000 0.00000000 0.00000000 0.00000000 0.00000000 0.00000000 0.00000000 0.00000000 0.00000000 0.00000000 40.00062594 0.00000000 0.00000000 -94.87730398 0.00000000 0.00000000 54.87667804 0.00000000 0.00000000 0.00000000 0.00000000 0.00000000 16.15819364 0.00000000 0.00000000 -29.24685722 0.00000000 0.00000000 13.08866357 0.00000000 0.00000000 0.00000000 0.00000000 0.00000000 0.00000000 18.63728058 0.00000000 0.00000000 0.00000000 0.00000000 -12.51368942 0.00000000 0.00000000 29.24685722 0.00000000 0.00000000 -16.73316780 0.00000000 0.00000000 0.00000000 0.00000000 0.00000000 -52.47729346 0.00000000 0.00000000 94.87730398 0.00000000 0.00000000 -42.40001052 0.00000000 0.00000000 0.00000000 0.00000000 0.00000000
0.00000000 0.55003200 2.94000000 0.00000000 0.00000000 0.00000000 0.00000000 0.00000000 0.00000000 0.00000000 0.00000000 0.00000000 0.00000000 0.00000000 0.00000000 0.00000000 0.00000000 0.00000000 0.00000000 0.00000000 0.00000000 29.19301536 0.00000000 0.00000000 -85.57911257 0.00000000 0.00000000 56.38609721 0.00000000 0.00000000 0.00000000 0.00000000 0.00000000 19.21866143 0.00000000 0.00000000 -30.80863735 0.00000000 0.00000000 11.58997591 0.00000000 0.00000000 0.00000000 0.00000000 0.00000000 0.00000000 16.50943794 0.00000000 0.00000000 0.00000000 0.00000000 -10.98280723 0.00000000 0.00000000 30.80863735 0.00000000 0.00000000 -19.82583012 0.00000000 0.00000000 0.00000000 0.00000000 0.00000000 -54.34642504 0.00000000 0.00000000 85.57911257 0.00000000 0.00000000 -31.23268753 0.00000000 0.00000000 0.00000000 0.00000000 0.00000000
0.00000000 0.54557316 2.96000000 0.00000000 0.00000000 0.00000000 0.00000000 0.00000000 0.00000000 0.00000000 0.00000000 0.00000000 0.00000000 0.00000000 0.00000000 0.00000000 0.00000000 0.00000000 0.00000000 0.00000000 0.00000000 17.98413561 0.00000000 0.00000000 -70.77789773 0.00000000 0.00000000 52.79376212 0.00000000 0.00000000 0.00000000 0.00000000 0.00000000 22.57018956 0.00000000 0.00000000 -32.89677118 0.00000000 0.00000000 10.32658162 0.00000000 0.00000000 0.00000000 0.00000000 0.00000000 0.00000000 13.52349801 0.00000000 0.00000000 0.00000000 0.00000000 -9.67598650 0.00000000 0.00000000 32.89677118 0.00000000 0.00000000 -23.22078468 0.00000000 0.00000000 0.00000000 0.00000000 0.00000000 -51.22842253 0.00000000 0.00000000 70.77789773 0.00000000 0.00000000 -19.54947520 0.00000000 0.00000000 0.00000000 0.00000000 0.00000000
0.00000000 0.54044548 2.98000000 0.00000000 0.00000000 0.00000000 0.00000000 0.00000000 0.00000000 0.00000000 0.00000000 0.00000000 0.00000000 0.00000000 0.00000000 0.00000000 0.00000000 0.00000000 0.00000000 0.00000000 0.00000000 7.10535715 0.00000000 0.00000000 -52.57966254 0.00000000 0.00000000 45.47430538 0.00000000 0.00000000 0.00000000 0.00000000 0.00000000 25.83253848 0.00000000 0.00000000 -34.73721607 0.00000000 0.00000000 8.90467758 0.00000000 0.00000000 0.00000000 0.00000000 0.00000000 0.00000000 9.83465849 0.00000000 0.00000000 0.00000000 0.00000000 -8.21541898 0.00000000 0.00000000 34.73721607 0.00000000 0.00000000 -26.52179709 0.00000000 0.00000000 0.00000000 0.00000000 0.00000000 -44.38569634 0.00000000 0.00000000 52.57966254 0.00000000 0.00000000 -8.19396619 0.00000000 0.00000000 0.00000000 0.00000000 0.00000000
0.00000000 0.53570116 3.00000000 0.00000000 0.00000000 0.00000000 0.00000000 0.00000000 0.00000000 0.00000000 0.00000000 0.00000000 0.00000000 0.00000000 0.00000000 0.00000000 0.00000000 0.00000000 0.00000000 0.00000000 0.00000000 -2.26186885 0.00000000 0.00000000 -34.36829359 0.00000000 0.00000000 36.63016244 0.00000000 0.00000000 0.00000000 0.00000000 0.00000000 28.63353525 0.00000000 0.00000000 -35.61379952 0.00000000 0.00000000 6.98026428 0.00000000 0.00000000 0.00000000 0.00000000 0.00000000 0.00000000 5.63465114 0.00000000 0.00000000 0.00000000 0.00000000 -6.27245506 0.00000000 0.00000000 35.61379952 0.00000000 0.00000000 -29.34134446 0.00000000 0.00000000 0.00000000 0.00000000 0.00000000 -35.94868449 0.00000000 0.00000000 34.36829359 0.00000000 0.00000000 1.58039090 0.00000000 0.00000000 0.00000000 0.00000000 0.00000000
0.00000000 0.53231375 3.02000000 0.00000000 0.00000000 0.00000000 0.00000000 0.00000000 0.00000000 0.00000000 0.00000000 0.00000000 0.00000000 0.00000000 0.00000000 0.00000000 0.00000000 0.00000000 0.00000000 0.00000000 0.00000000 -5.59965060 0.00000000 0.00000000 -25.69248999 0.00000000 0.00000000 31.29214059 0.00000000 0.00000000 0.00000000 0.00000000 0.00000000 30.63084561 0.00000000 0.00000000 -34.90812832 0.00000000 0.00000000 4.27728272 0.00000000 0.00000000 0.00000000 0.00000000 0.00000000 0.00000000 1.14177622 0.00000000 0.00000000 0.00000000 0.00000000 -3.58441423 0.00000000 0.00000000 34.90812832 0.00000000 0.00000000 -31.32371409 0.00000000 0.00000000 0.00000000 0.00000000 0.00000000 -30.78960832 0.00000000 0.00000000 25.69248999 0.00000000 0.00000000 5.09711833 0.00000000 0.00000000 0.00000000 0.00000000 0.00000000
0.00000000 0.53097836 3.04000000 0.00000000 0.00000000 0.00000000 0.00000000 0.00000000 0.00000000 0.00000000 0.00000000 0.00000000 0.00000000 0.00000000 0.00000000 0.00000000 0.00000000 0.00000000 0.00000000 0.00000000 0.00000000 -0.75014873 0.00000000 0.00000000 -31.35619907 0.00000000 0.00000000 32.10634780 0.00000000 0.00000000 0.00000000 0.00000000 0.00000000 31.48345033 0.00000000 0.00000000 -32.02200470 0.00000000 0.00000000 0.53855437 0.00000000 0.00000000 0.00000000 0.00000000 0.00000000 0.00000000 -3.41044385 0.00000000 0.00000000 0.00000000 0.00000000 0.09379337 0.00000000 0.00000000 32.02200470 0.00000000 0.00000000 -32.11579807 0.00000000 0.00000000 0.00000000 0.00000000 0.00000000 -31.48783500 0.00000000 0.00000000 31.35619907 0.00000000 0.00000000 0.13163592 0.00000000 0.00000000 0.00000000 0.00000000 0.00000000
0.00000000 0.53196902 3.06000000 0.00000000 0.00000000 0.00000000 0.00000000 0.00000000 0.00000000 0.00000000 0.00000000 0.00000000 0.00000000 0.00000000 0.00000000 0.00000000 0.00000000 0.00000000 0.00000000 0.00000000 0.00000000 3.10290583 0.00000000 0.00000000 -34.63115216 0.00000000 0.00000000 31.52824633 0.00000000 0.00000000 0.00000000 0.00000000 0.00000000 30.78153420 0.00000000 0.00000000 -26.22228663 0.00000000 0.00000000 -4.55924757 0.00000000 0.00000000 0.00000000 0.00000000 0.00000000 0.00000000 -7.78540213 0.00000000 0.00000000 0.00000000 0.00000000 5.07250924 0.00000000 0.00000000 26.22228663 0.00000000 0.00000000 -31.29479587 0.00000000 0.00000000 0.00000000 0.00000000 0.00000000 -30.84122623 0.00000000 0.00000000 34.63115216 0.00000000 0.00000000 -3.78992593 0.00000000 0.00000000 0.00000000 0.00000000 0.00000000
0.00000000 0.53508244 3.08000000 0.00000000 0.00000000 0.00000000 0.00000000 0.00000000 0.00000000 0.00000000 0.00000000 0.00000000 0.00000000 0.00000000 0.00000000 0.00000000 0.00000000 0.00000000 0.00000000 0.00000000 0.00000000 5.92354124 0.00000000 0.00000000 -35.62518739 0.00000000 0.00000000 29.70164615 0.00000000 0.00000000 0.00000000 0.00000000 0.00000000 34.77626545 0.00000000 0.00000000 -32.06974286 0.00000000 0.00000000 -2.70652259 0.00000000 0.00000000 0.00000000 0.00000000 0.00000000 0.00000000 -11.75570505 0.00000000 0.00000000 0.00000000 0.00000000 3.33986405 0.00000000 0.00000000 32.06974286 0.00000000 0.00000000 -35.40960691 0.00000000 0.00000000 0.00000000 0.00000000 0.00000000 -28.99359535 0.00000000 0.00000000 35.62518739 0.00000000 0.00000000 -6.63159204 0.00000000 0.00000000 0.00000000 0.00000000 0.00000000
0.00000000 0.53967973 3.10000000 0.00000000 0.00000000 0.00000000 0.00000000 0.00000000 0.00000000 0.00000000 0.00000000 0.00000000 0.00000000 0.00000000 0.00000000 0.00000000 0.00000000 0.00000000 0.00000000 0.00000000 0.00000000 7.96311669 0.00000000 0.00000000 -34.94908581 0.00000000 0.00000000 26.98596912 0.00000000 0.00000000 0.00000000 0.00000000 0.00000000 43.15394889 0.00000000 0.00000000 -49.72902545 0.00000000 0.00000000 6.57507656 0.00000000 0.00000000 0.00000000 0.00000000 0.00000000 0.00000000 -15.11499149 0.00000000 0.00000000 0.00000000 0.00000000 -5.55384613 0.00000000 0.00000000 49.72902545 0.00000000 0.00000000 -44.17517932 0.00000000 0.00000000 0.00000000 0.00000000 0.00000000 -26.29223506 0.00000000 0.00000000 34.94908581 0.00000000 0.00000000 -8.65685075 0.00000000 0.00000000 0.00000000 0.00000000 0.00000000
0.00000000 0.54481752 3.12000000 0.00000000 0.00000000 0.00000000 0.00000000 0.00000000 0.00000000 0.00000000 0.00000000 0.00000000 0.00000000 0.00000000 0.00000000 0.00000000 0.00000000 0.00000000 0.00000000 0.00000000 0.00000000 9.47696657 0.00000000 0.00000000 -33.21030816 0.00000000 0.00000000 23.73334159 0.00000000 0.00000000 0.00000000 0.00000000 0.00000000 50.39900450 0.00000000 0.00000000 -68.20724841 0.00000000 0.00000000 17.80824391 0.00000000 0.00000000 0.00000000 0.00000000 0.00000000 0.00000000 -17.68865862 0.00000000 0.00000000 0.00000000 0.00000000 -16.31611883 0.00000000 0.00000000 68.20724841 0.00000000 0.00000000 -51.89112958 0.00000000 0.00000000 0.00000000 0.00000000 0.00000000 -23.07618625 0.00000000 0.00000000 33.21030816 0.00000000 0.00000000 -10.13412190 0.00000000 0.00000000 0.00000000 0.00000000 0.00000000
0.00000000 0.54944152 3.14000000 0.00000000 0.00000000 0.00000000 0.00000000 0.00000000 0.00000000 0.00000000 0.00000000 0.00000000 0.00000000 0.00000000 0.00000000 0.00000000 0.00000000 0.00000000 0.00000000 0.00000000 0.00000000 10.78307851 0.00000000 0.00000000 -31.10957172 0.00000000 0.00000000 20.32649320 0.00000000 0.00000000 0.00000000 0.00000000 0.00000000 54.17715528 0.00000000 0.00000000 -83.66465842 0.00000000 0.00000000 29.48750315 0.00000000 0.00000000 0.00000000 0.00000000 0.00000000 0.00000000 -19.34293709 0.00000000 0.00000000 0.00000000 0.00000000 -27.51513862 0.00000000 0.00000000 83.66465842 0.00000000 0.00000000 -56.14951981 0.00000000 0.00000000 0.00000000 0.00000000 0.00000000 -19.71309364 0.00000000 0.00000000 31.10957172 0.00000000 0.00000000 -11.39647808 0.00000000 0.00000000 0.00000000 0.00000000 0.00000000
0.00000000 0.55260287 3.16000000 0.00000000 0.00000000 0.00000000 0.00000000 0.00000000 0.00000000 0.00000000 0.00000000 0.00000000 0.00000000 0.00000000 0.00000000 0.00000000 0.00000000 0.00000000 0.00000000 0.00000000 0.00000000 12.25611329 0.00000000 0.00000000 -29.42063810 0.00000000 0.00000000 17.16452481 0.00000000 0.00000000 0.00000000 0.00000000 0.00000000 53.09302357 0.00000000 0.00000000 -93.90324687 0.00000000 0.00000000 40.81022330 0.00000000 0.00000000 0.00000000 0.00000000 0.00000000 0.00000000 -19.99184386 0.00000000 0.00000000 0.00000000 0.00000000 -38.45139165 0.00000000 0.00000000 93.90324687 0.00000000 0.00000000 -55.45185523 0.00000000 0.00000000 0.00000000 0.00000000 0.00000000 -16.58597988 0.00000000 0.00000000 29.42063810 0.00000000 0.00000000 -12.83465822 0.00000000 0.00000000 0.00000000 0.00000000 0.00000000
0.00000000 0.55365284 3.18000000 0.00000000 0.00000000 0.00000000 0.00000000 0.00000000 0.00000000 0.00000000 0.00000000 0.00000000 0.00000000 0.00000000 0.00000000 0.00000000 0.00000000 0.00000000 0.00000000 0.00000000 0.00000000 14.23760678 0.00000000 0.00000000 -28.81378067 0.00000000 0.00000000 14.57617389 0.00000000 0.00000000 0.00000000 0.00000000 0.00000000 46.98752860 0.00000000 0.00000000 -97.28102659 0.00000000 0.00000000 50.29349800 0.00000000 0.00000000 0.00000000 0.00000000 0.00000000 0.00000000 -19.60165122 0.00000000 0.00000000 0.00000000 0.00000000 -47.79074155 0.00000000 0.00000000 97.28102659 0.00000000 0.00000000 -49.49028505 0.00000000 0.00000000 0.00000000 0.00000000 0.00000000 -14.01008616 0.00000000 0.00000000 28.81378067 0.00000000 0.00000000 -14.80369451 0.00000000 0.00000000 0.00000000 0.00000000 0.00000000
0.00000000 0.55237599 3.20000000 0.00000000 0.00000000 0.00000000 0.00000000 0.00000000 0.00000000 0.00000000 0.00000000 0.00000000 0.00000000 0.00000000 0.00000000 0.00000000 0.00000000 0.00000000 0.00000000 0.00000000 0.00000000 16.87712687 0.00000000 0.00000000 -29.54812395 0.00000000 0.00000000 12.67099708 0.00000000 0.00000000 0.00000000 0.00000000 0.00000000 37.39896595 0.00000000 0.00000000 -93.16594781 0.00000000 0.00000000 55.76698186 0.00000000 0.00000000 0.00000000 0.00000000 0.00000000 0.00000000 -18.19263991 0.00000000 0.00000000 0.00000000 0.00000000 -53.43835883 0.00000000 0.00000000 93.16594781 0.00000000 0.00000000 -39.72758898 0.00000000 0.00000000 0.00000000 0.00000000 0.00000000 -12.08983081 0.00000000 0.00000000 29.54812395 0.00000000 0.00000000 -17.45829313 0.00000000 0.00000000 0.00000000 0.00000000 0.00000000
0.00000000 0.54903432 3.22000000 0.00000000 0.00000000 0.00000000 0.00000000 0.00000000 0.00000000 0.00000000 0.00000000 0.00000000 0.00000000 0.00000000 0.00000000 0.00000000 0.00000000 0.00000000 0.00000000 0.00000000 0.00000000 20.04365913 0.00000000 0.00000000 -31.31130671 0.00000000 0.00000000 11.26764757 0.00000000 0.00000000 0.00000000 0.00000000 0.00000000 26.39324081 0.00000000 0.00000000 -82.32064216 0.00000000 0.00000000 55.92740135 0.00000000 0.00000000 0.00000000 0.00000000 0.00000000 0.00000000 -15.83804492 0.00000000 0.00000000 0.00000000 0.00000000 -54.00109753 0.00000000 0.00000000 82.32064216 0.00000000 0.00000000 -28.31954463 0.00000000 0.00000000 0.00000000 0.00000000 0.00000000 -10.65006597 0.00000000 0.00000000 31.31130671 0.00000000 0.00000000 -20.66124074 0.00000000 0.00000000 0.00000000 0.00000000 0.00000000
0.00000000 0.54431356 3.24000000 0.00000000 0.00000000 0.00000000 0.00000000 0.00000000 0.00000000 0.00000000 0.00000000 0.00000000 0.00000000 0.00000000 0.00000000 0.00000000 0.00000000 0.00000000 0.00000000 0.00000000 0.00000000 23.40918843 0.00000000 0.00000000 -33.40985161 0.00000000 0.00000000 10.00066319 0.00000000 0.00000000 0.00000000 0.00000000 0.00000000 15.20795077 0.00000000 0.00000000 -66.45165228 0.00000000 0.00000000 51.24370151 0.00000000 0.00000000 0.00000000 0.00000000 0.00000000 0.00000000 -12.66024908 0.00000000 0.00000000 0.00000000 0.00000000 -49.80030848 0.00000000 0.00000000 66.45165228 0.00000000 0.00000000 -16.65134380 0.00000000 0.00000000 0.00000000 0.00000000 0.00000000 -9.33932719 0.00000000 0.00000000 33.40985161 0.00000000 0.00000000 -24.07052443 0.00000000 0.00000000 0.00000000 0.00000000 0.00000000
0.00000000 0.53918242 3.26000000 0.00000000 0.00000000 0.00000000 0.00000000 0.00000000 0.00000000 0.00000000 0.00000000 0.00000000 0.00000000 0.00000000 0.00000000 0.00000000 0.00000000 0.00000000 0.00000000 0.00000000 0.00000000 26.58986596 0.00000000 0.00000000 -35.07233826 0.00000000 0.00000000 8.48247230 0.00000000 0.00000000 0.00000000 0.00000000 0.00000000 4.53746346 0.00000000 0.00000000 -47.82795433 0.00000000 0.00000000 43.29049088 0.00000000 0.00000000 0.00000000 0.00000000 0.00000000 0.00000000 -8.82442202 0.00000000 0.00000000 0.00000000 0.00000000 -42.31333309 0.00000000 0.00000000 47.82795433 0.00000000 0.00000000 -5.51462124 0.00000000 0.00000000 0.00000000 0.00000000 0.00000000 -7.78613231 0.00000000 0.00000000 35.07233826 0.00000000 0.00000000 -27.28620595 0.00000000 0.00000000 0.00000000 0.00000000 0.00000000
0.00000000 0.53469383 3.28000000 0.00000000 0.00000000 0.00000000 0.00000000 0.00000000 0.00000000 0.00000000 0.00000000 0.00000000 0.00000000 0.00000000 0.00000000 0.00000000 0.00000000 0.00000000 0.00000000 0.00000000 0.00000000 29.22112108 0.00000000 0.00000000 -35.60834596 0.00000000 0.00000000 6.38722488 0.00000000 0.00000000 0.00000000 0.00000000 0.00000000 -3.97881539 0.00000000 0.00000000 -30.66577836 0.00000000 0.00000000 34.64459376 0.00000000 0.00000000 0.00000000 0.00000000 0.00000000 0.00000000 -4.52993535 0.00000000 0.00000000 0.00000000 0.00000000 -34.04037983 0.00000000 0.00000000 30.66577836 0.00000000 0.00000000 3.37460146 0.00000000 0.00000000 0.00000000 0.00000000 0.00000000 -5.67953135 0.00000000 0.00000000 35.60834596 0.00000000 0.00000000 -29.92881460 0.00000000 0.00000000 0.00000000 0.00000000 0.00000000
0.00000000 0.53176886 3.30000000 0.00000000 0.00000000 0.00000000 0.00000000 0.00000000 0.00000000 0.00000000 0.00000000 0.00000000 0.00000000 0.00000000 0.00000000 0.00000000 0.00000000 0.00000000 0.00000000 0.00000000 0.00000000 30.96561416 0.00000000 0.00000000 -34.41639867 0.00000000 0.00000000 3.45078451 0.00000000 0.00000000 0.00000000 0.00000000 0.00000000 -4.55900484 0.00000000 0.00000000 -26.86174904 0.00000000 0.00000000 31.42075388 0.00000000 0.00000000 0.00000000 0.00000000 0.00000000 0.00000000 -0.00000000 0.00000000 0.00000000 0.00000000 0.00000000 -30.89451100 0.00000000 0.00000000 26.86174904 0.00000000 0.00000000 4.03276196 0.00000000 0.00000000 0.00000000 0.00000000 0.00000000 -2.76829289 0.00000000 0.00000000 34.41639867 0.00000000 0.00000000 -31.64810578 0.00000000 0.00000000 0.00000000 0.00000000 0.00000000
0.00000000 0.53100772 3.32000000 0.00000000 0.00000000 0.00000000 0.00000000 0.00000000 0.00000000 0.00000000 0.00000000 0.00000000 0.00000000 0.00000000 0.00000000 0.00000000 0.00000000 0.00000000 0.00000000 0.00000000 0.00000000 31.47023492 0.00000000 0.00000000 -30.87361116 0.00000000 0.00000000 -0.59662377 0.00000000 0.00000000 0.00000000 0.00000000 0.00000000 0.32714893 0.00000000 0.00000000 -32.42886182 0.00000000 0.00000000 32.10171289 0.00000000 0.00000000 0.00000000 0.00000000 0.00000000 0.00000000 4.52993535 0.00000000 0.00000000 0.00000000 0.00000000 -31.46088831 0.00000000 0.00000000 32.42886182 0.00000000 0.00000000 -0.96797351 0.00000000 0.00000000 0.00000000 0.00000000 0.00000000 1.20513697 0.00000000 0.00000000 30.87361116 0.00000000 0.00000000 -32.07874813 0.00000000 0.00000000 0.00000000 0.00000000 0.00000000
0.00000000 0.53256660 3.34000000 0.00000000 0.00000000 0.00000000 0.00000000 0.00000000 0.00000000 0.00000000 0.00000000 0.00000000 0.00000000 0.00000000 0.00000000 0.00000000 0.00000000 0.00000000 0.00000000 0.00000000 0.00000000 30.92375785 0.00000000 0.00000000 -25.64432036 0.00000000 0.00000000 -5.27943749 0.00000000 0.00000000 0.00000000 0.00000000 0.00000000 3.89411252 0.00000000 0.00000000 -35.06784718 0.00000000 0.00000000 31.17373467 0.00000000 0.00000000 0.00000000 0.00000000 0.00000000 0.00000000 8.82442202 0.00000000 0.00000000 0.00000000 0.00000000 -30.47748966 0.00000000 0.00000000 35.06784718 0.00000000 0.00000000 -4.59035752 0.00000000 0.00000000 0.00000000 0.00000000 0.00000000 5.78099536 0.00000000 0.00000000 25.64432036 0.00000000 0.00000000 -31.42531572 0.00000000 0.00000000 0.00000000 0.00000000 0.00000000
0.00000000 0.53612562 3.36000000 0.00000000 0.00000000 0.00000000 0.00000000 0.00000000 0.00000000 0.00000000 0.00000000 0.00000000 0.00000000 0.00000000 0.00000000 0.00000000 0.00000000 0.00000000 0.00000000 0.00000000 0.00000000 36.76787044 0.00000000 0.00000000 -36.01145578 0.00000000 0.00000000 -0.75641467 0.00000000 0.00000000 0.00000000 0.00000000 0.00000000 6.49744042 0.00000000 0.00000000 -35.59012926 0.00000000 0.00000000 29.09268884 0.00000000 0.00000000 0.00000000 0.00000000 0.00000000 0.00000000 12.66024908 0.00000000 0.00000000 0.00000000 0.00000000 -28.38538173 0.00000000 0.00000000 35.59012926 0.00000000 0.00000000 -7.20474753 0.00000000 0.00000000 0.00000000 0.00000000 0.00000000 1.47266919 0.00000000 0.00000000 36.01145578 0.00000000 0.00000000 -37.48412497 0.00000000 0.00000000 0.00000000 0.00000000 0.00000000
0.00000000 0.54095445 3.38000000 0.00000000 0.00000000 0.00000000 0.00000000 0.00000000 0.00000000 0.00000000 0.00000000 0.00000000 0.00000000 0.00000000 0.00000000 0.00000000 0.00000000 0.00000000 0.00000000 0.00000000 0.00000000 45.18710619 0.00000000 0.00000000 -54.47892006 0.00000000 0.00000000 9.29181387 0.00000000 0.00000000 0.00000000 0.00000000 0.00000000 8.37970446 0.00000000 0.00000000 -34.58850580 0.00000000 0.00000000 26.20880134 0.00000000 0.00000000 0.00000000 0.00000000 0.00000000 0.00000000 15.83804492 0.00000000 0.00000000 0.00000000 0.00000000 -25.52268094 0.00000000 0.00000000 34.58850580 0.00000000 0.00000000 -9.06582486 0.00000000 0.00000000 0.00000000 0.00000000 0.00000000 -8.15739205 0.00000000 0.00000000 54.47892006 0.00000000 0.00000000 -46.32152801 0.00000000 0.00000000 0.00000000 0.00000000 0.00000000
0.00000000 0.54606220 3.40000000 0.00000000 0.00000000 0.00000000 0.00000000 0.00000000 0.00000000 0.00000000 0.00000000 0.00000000 0.00000000 0.00000000 0.00000000 0.00000000 0.00000000 0.00000000 0.00000000 0.00000000 0.00000000 51.73596365 0.00000000 0.00000000 -72.45119019 0.00000000 0.00000000 20.71522654 0.00000000 0.00000000 0.00000000 0.00000000 0.00000000 9.80895861 0.00000000 0.00000000 -32.68938342 0.00000000 0.00000000 22.88042481 0.00000000 0.00000000 0.00000000 0.00000000 0.00000000 0.00000000 18.19263991 0.00000000 0.00000000 0.00000000 0.00000000 -22.23416309 0.00000000 0.00000000 32.68938342 0.00000000 0.00000000 -10.45522033 0.00000000 0.00000000 0.00000000 0.00000000 0.00000000 -19.10096834 0.00000000 0.00000000 72.45119019 0.00000000 0.00000000 -53.35022185 0.00000000 0.00000000 0.00000000 0.00000000 0.00000000
0.00000000 0.55040075 3.42000000 0.00000000 0.00000000 0.00000000 0.00000000 0.00000000 0.00000000 0.00000000 0.00000000 0.00000000 0.00000000 0.00000000 0.00000000 0.00000000 0.00000000 0.00000000 0.00000000 0.00000000 0.00000000 54.39660700 0.00000000 0.00000000 -86.78815257 0.00000000 0.00000000 32.39154558 0.00000000 0.00000000 0.00000000 0.00000000 0.00000000 11.12067689 0.00000000 0.00000000 -30.61863005 0.00000000 0.00000000 19.49795316 0.00000000 0.00000000 0.00000000 0.00000000 0.00000000 0.00000000 19.60165122 0.00000000 0.00000000 0.00000000 0.00000000 -18.89471396 0.00000000 0.00000000 30.61863005 0.00000000 0.00000000 -11.72391610 0.00000000 0.00000000 0.00000000 0.00000000 0.00000000 -30.30828645 0.00000000 0.00000000 86.78815257 0.00000000 0.00000000 -56.47986612 0.00000000 0.00000000 0.00000000 0.00000000 0.00000000
0.00000000 0.55307981 3.44000000 0.00000000 0.00000000 0.00000000 0.00000000 0.00000000 0.00000000 0.00000000 0.00000000 0.00000000 0.00000000 0.00000000 0.00000000 0.00000000 0.00000000 0.00000000 0.00000000 0.00000000 0.00000000 52.00381235 0.00000000 0.00000000 -95.43848643 0.00000000 0.00000000 43.43467408 0.00000000 0.00000000 0.00000000 0.00000000 0.00000000 12.69344458 0.00000000 0.00000000 -29.14793018 0.00000000 0.00000000 16.45448561 0.00000000 0.00000000 0.00000000 0.00000000 0.00000000 0.00000000 19.99184386 0.00000000 0.00000000 0.00000000 0.00000000 -15.88154290 0.00000000 0.00000000 29.14793018 0.00000000 0.00000000 -13.26638729 0.00000000 0.00000000 0.00000000 0.00000000 0.00000000 -41.01158376 0.00000000 0.00000000 95.43848643 0.00000000 0.00000000 -54.42690267 0.00000000 0.00000000 0.00000000 0.00000000 0.00000000
0.00000000 0.55354962 3.46000000 0.00000000 0.00000000 0.00000000 0.00000000 0.00000000 0.00000000 0.00000000 0.00000000 0.00000000 0.00000000 0.00000000 0.00000000 0.00000000 0.00000000 0.00000000 0.00000000 0.00000000 0.00000000 44.83017844 0.00000000 0.00000000 -96.94789266 0.00000000 0.00000000 52.11771422 0.00000000 0.00000000 0.00000000 0.00000000 0.00000000 14.83619663 0.00000000 0.00000000 -28.87438271 0.00000000 0.00000000 14.03818608 0.00000000 0.00000000 0.00000000 0.00000000 0.00000000 0.00000000 19.34293709 0.00000000 0.00000000 0.00000000 0.00000000 -13.47085588 0.00000000 0.00000000 28.87438271 0.00000000 0.00000000 -15.40352683 0.00000000 0.00000000 0.00000000 0.00000000 0.00000000 -49.62957495 0.00000000 0.00000000 96.94789266 0.00000000 0.00000000 -47.31831771 0.00000000 0.00000000 0.00000000 0.00000000 0.00000000
0.00000000 0.55171379 3.48000000 0.00000000 0.00000000 0.00000000 0.00000000 0.00000000 0.00000000 0.00000000 0.00000000 0.00000000 0.00000000 0.00000000 0.00000000 0.00000000 0.00000000 0.00000000 0.00000000 0.00000000 0.00000000 34.71429375 0.00000000 0.00000000 -91.02940964 0.00000000 0.00000000 56.31511589 0.00000000 0.00000000 0.00000000 0.00000000 0.00000000 17.62999232 0.00000000 0.00000000 -29.91561659 0.00000000 0.00000000 12.28562427 0.00000000 0.00000000 0.00000000 0.00000000 0.00000000 0.00000000 17.68865862 0.00000000 0.00000000 0.00000000 0.00000000 -11.69689307 0.00000000 0.00000000 29.91561659 0.00000000 0.00000000 -18.21872352 0.00000000 0.00000000 0.00000000 0.00000000 0.00000000 -54.07176604 0.00000000 0.00000000 91.02940964 0.00000000 0.00000000 -36.95764360 0.00000000 0.00000000 0.00000000 0.00000000 0.00000000
0.00000000 0.54794903 3.50000000 0.00000000 0.00000000 0.00000000 0.00000000 0.00000000 0.00000000 0.00000000 0.00000000 0.00000000 0.00000000 0.00000000 0.00000000 0.00000000 0.00000000 0.00000000 0.00000000 0.00000000 0.00000000 23.58536978 0.00000000 0.00000000 -78.74636024 0.00000000 0.00000000 55.16099046 0.00000000 0.00000000 0.00000000 0.00000000 0.00000000 20.88130637 0.00000000 0.00000000 -31.83518752 0.00000000 0.00000000 10.95388115 0.00000000 0.00000000 0.00000000 0.00000000 0.00000000 0.00000000 15.11499149 0.00000000 0.00000000 0.00000000 0.00000000 -10.32541995 0.00000000 0.00000000 31.83518752 0.00000000 0.00000000 -21.50976757 0.00000000 0.00000000 0.00000000 0.00000000 0.00000000 -53.35274112 0.00000000 0.00000000 78.74636024 0.00000000 0.00000000 -25.39361912 0.00000000 0.00000000 0.00000000 0.00000000 0.00000000
0.00000000 0.54302788 3.52000000 0.00000000 0.00000000 0.00000000 0.00000000 0.00000000 0.00000000 0.00000000 0.00000000 0.00000000 0.00000000 0.00000000 0.00000000 0.00000000 0.00000000 0.00000000 0.00000000 0.00000000 0.00000000 12.46054487 0.00000000 0.00000000 -61.94696886 0.00000000 0.00000000 49.48642399 0.00000000 0.00000000 0.00000000 0.00000000 0.00000000 24.23649707 0.00000000 0.00000000 -33.89518609 0.00000000 0.00000000 9.65868901 0.00000000 0.00000000 0.00000000 0.00000000 0.00000000 0.00000000 11.75570505 0.00000000 0.00000000 0.00000000 0.00000000 -8.98716638 0.00000000 0.00000000 33.89518609 0.00000000 0.00000000 -24.90801970 0.00000000 0.00000000 0.00000000 0.00000000 0.00000000 -48.16376354 0.00000000 0.00000000 61.94696886 0.00000000 0.00000000 -13.78320532 0.00000000 0.00000000 0.00000000 0.00000000 0.00000000
0.00000000 0.53796018 3.54000000 0.00000000 0.00000000 0.00000000 0.00000000 0.00000000 0.00000000 0.00000000 0.00000000 0.00000000 0.00000000 0.00000000 0.00000000 0.00000000 0.00000000 0.00000000 0.00000000 0.00000000 0.00000000 2.08395201 0.00000000 0.00000000 -43.13028776 0.00000000 0.00000000 41.04633575 0.00000000 0.00000000 0.00000000 0.00000000 0.00000000 27.31269716 0.00000000 0.00000000 -35.33656136 0.00000000 0.00000000 8.02386420 0.00000000 0.00000000 0.00000000 0.00000000 0.00000000 0.00000000 7.78540213 0.00000000 0.00000000 0.00000000 0.00000000 -7.32193175 0.00000000 0.00000000 35.33656136 0.00000000 0.00000000 -28.01462960 0.00000000 0.00000000 0.00000000 0.00000000 0.00000000 -40.17540277 0.00000000 0.00000000 43.13028776 0.00000000 0.00000000 -2.95488499 0.00000000 0.00000000 0.00000000 0.00000000 0.00000000
0.00000000 0.53378583 3.56000000 0.00000000 0.00000000 0.00000000 0.00000000 0.00000000 0.00000000 0.00000000 0.00000000 0.00000000 0.00000000 0.00000000 0.00000000 0.00000000 0.00000000 0.00000000 0.00000000 0.00000000 0.00000000 -5.21524175 0.00000000 0.00000000 -27.77188362 0.00000000 0.00000000 32.98712536 0.00000000 0.00000000 0.00000000 0.00000000 0.00000000 29.75330275 0.00000000 0.00000000 -35.49487496 0.00000000 0.00000000 5.74157221 0.00000000 0.00000000 0.00000000 0.00000000 0.00000000 0.00000000 3.41044385 0.00000000 0.00000000 0.00000000 0.00000000 -5.03628502 0.00000000 0.00000000 35.49487496 0.00000000 0.00000000 -30.45858994 0.00000000 0.00000000 0.00000000 0.00000000 0.00000000 -32.44234663 0.00000000 0.00000000 27.77188362 0.00000000 0.00000000 4.67046302 0.00000000 0.00000000 0.00000000 0.00000000 0.00000000
0.00000000 0.53136143 3.58000000 0.00000000 0.00000000 0.00000000 0.00000000 0.00000000 0.00000000 0.00000000 0.00000000 0.00000000 0.00000000 0.00000000 0.00000000 0.00000000 0.00000000 0.00000000 0.00000000 0.00000000 0.00000000 -3.18035947 0.00000000 0.00000000 -28.59962231 0.00000000 0.00000000 31.77998178 0.00000000 0.00000000 0.00000000 0.00000000 0.00000000 31.22356241 0.00000000 0.00000000 -33.77920894 0.00000000 0.00000000 2.55564653 0.00000000 0.00000000 0.00000000 0.00000000 0.00000000 0.00000000 -1.14177622 0.00000000 0.00000000 0.00000000 0.00000000 -1.88656051 0.00000000 0.00000000 33.77920894 0.00000000 0.00000000 -31.89264843 0.00000000 0.00000000 0.00000000 0.00000000 0.00000000 -31.21828205 0.00000000 0.00000000 28.59962231 0.00000000 0.00000000 2.61865974 0.00000000 0.00000000 0.00000000 0.00000000 0.00000000
0.00000000 0.53118447 3.60000000 0.00000000 0.00000000 0.00000000 0.00000000 0.00000000 0.00000000 0.00000000 0.00000000 0.00000000 0.00000000 0.00000000 0.00000000 0.00000000 0.00000000 0.00000000 0.00000000 0.00000000 0.00000000 1.32432804 0.00000000 0.00000000 -33.32306203 0.00000000 0.00000000 31.99873399 0.00000000 0.00000000 0.00000000 0.00000000 0.00000000 31.34880079 0.00000000 0.00000000 -29.52072703 0.00000000 0.00000000 -1.82807376 0.00000000 0.00000000 0.00000000 0.00000000 0.00000000 0.00000000 -5.63465114 0.00000000 0.00000000 0.00000000 0.00000000 2.40867657 0.00000000 0.00000000 29.52072703 0.00000000 0.00000000 -31.92940360 0.00000000 0.00000000 0.00000000 0.00000000 0.00000000 -31.33921687 0.00000000 0.00000000 33.32306203 0.00000000 0.00000000 -1.98384516 0.00000000 0.00000000 0.00000000 0.00000000 0.00000000
0.00000000 0.53329125 3.62000000 0.00000000 0.00000000 0.00000000 0.00000000 0.00000000 0.00000000 0.00000000 0.00000000 0.00000000 0.00000000 0.00000000 0.00000000 0.00000000 0.00000000 0.00000000 0.00000000 0.00000000 0.00000000 4.62547717 0.00000000 0.00000000 -35.37297552 0.00000000 0.00000000 30.74749834 0.00000000 0.00000000 0.00000000 0.00000000 0.00000000 31.70070896 0.00000000 0.00000000 -26.56547291 0.00000000 0.00000000 -5.13523604 0.00000000 0.00000000 0.00000000 0.00000000 0.00000000 0.00000000 -9.83465849 0.00000000 0.00000000 0.00000000 0.00000000 5.65546022 0.00000000 0.00000000 26.56547291 0.00000000 0.00000000 -32.22093313 0.00000000 0.00000000 0.00000000 0.00000000 0.00000000 -30.04479452 0.00000000 0.00000000 35.37297552 0.00000000 0.00000000 -5.32818099 0.00000000 0.00000000 0.00000000 0.00000000 0.00000000
0.00000000 0.53724948 3.64000000 0.00000000 0.00000000 0.00000000 0.00000000 0.00000000 0.00000000 0.00000000 0.00000000 0.00000000 0.00000000 0.00000000 0.00000000 0.00000000 0.00000000 0.00000000 0.00000000 0.00000000 0.00000000 7.02610410 0.00000000 0.00000000 -35.45957952 0.00000000 0.00000000 28.43347542 0.00000000 0.00000000 0.00000000 0.00000000 0.00000000 38.88522003 0.00000000 0.00000000 -40.38276502 0.00000000 0.00000000 1.49754499 0.00000000 0.00000000 0.00000000 0.00000000 0.00000000 0.00000000 -13.52349801 0.00000000 0.00000000 0.00000000 0.00000000 -0.68713701 0.00000000 0.00000000 40.38276502 0.00000000 0.00000000 -39.69562801 0.00000000 0.00000000 0.00000000 0.00000000 0.00000000 -27.72893641 0.00000000 0.00000000 35.45957952 0.00000000 0.00000000 -7.73064311 0.00000000 0.00000000 0.00000000 0.00000000 0.00000000
0.00000000 0.54224689 3.66000000 0.00000000 0.00000000 0.00000000 0.00000000 0.00000000 0.00000000 0.00000000 0.00000000 0.00000000 0.00000000 0.00000000 0.00000000 0.00000000 0.00000000 0.00000000 0.00000000 0.00000000 0.00000000 8.76761271 0.00000000 0.00000000 -34.17128140 0.00000000 0.00000000 25.40366869 0.00000000 0.00000000 0.00000000 0.00000000 0.00000000 47.09488169 0.00000000 0.00000000 -59.17765384 0.00000000 0.00000000 12.08277215 0.00000000 0.00000000 0.00000000 0.00000000 0.00000000 0.00000000 -16.50943794 0.00000000 0.00000000 0.00000000 0.00000000 -10.83152358 0.00000000 0.00000000 59.17765384 0.00000000 0.00000000 -48.34613026 0.00000000 0.00000000 0.00000000 0.00000000 0.00000000 -24.72633941 0.00000000 0.00000000 34.17128140 0.00000000 0.00000000 -9.44494198 0.00000000 0.00000000 0.00000000 0.00000000 0.00000000
0.00000000 0.54725802 3.68000000 0.00000000 0.00000000 0.00000000 0.00000000 0.00000000 0.00000000 0.00000000 0.00000000 0.00000000 0.00000000 0.00000000 0.00000000 0.00000000 0.00000000 0.00000000 0.00000000 0.00000000 0.00000000 10.13333177 0.00000000 0.00000000 -32.15738987 0.00000000 0.00000000 22.02405810 0.00000000 0.00000000 0.00000000 0.00000000 0.00000000 52.82701981 0.00000000 0.00000000 -76.46450359 0.00000000 0.00000000 23.63748378 0.00000000 0.00000000 0.00000000 0.00000000 0.00000000 0.00000000 -18.63728058 0.00000000 0.00000000 0.00000000 0.00000000 -21.90147893 0.00000000 0.00000000 76.46450359 0.00000000 0.00000000 -54.56302466 0.00000000 0.00000000 0.00000000 0.00000000 0.00000000 -21.38889155 0.00000000 0.00000000 32.15738987 0.00000000 0.00000000 -10.76849832 0.00000000 0.00000000 0.00000000 0.00000000 0.00000000
0.00000000 0.55125455 3.70000000 0.00000000 0.00000000 0.00000000 0.00000000 0.00000000 0.00000000 0.00000000 0.00000000 0.00000000 0.00000000 0.00000000 0.00000000 0.00000000 0.00000000 0.00000000 0.00000000 0.00000000 0.00000000 11.47488104 0.00000000 0.00000000 -30.16594764 0.00000000 0.00000000 18.69106660 0.00000000 0.00000000 0.00000000 0.00000000 0.00000000 54.29290078 0.00000000 0.00000000 -89.55398107 0.00000000 0.00000000 35.26108029 0.00000000 0.00000000 0.00000000 0.00000000 0.00000000 0.00000000 -19.79642884 0.00000000 0.00000000 0.00000000 0.00000000 -33.07474994 0.00000000 0.00000000 89.55398107 0.00000000 0.00000000 -56.47923113 0.00000000 0.00000000 0.00000000 0.00000000 0.00000000 -18.09717486 0.00000000 0.00000000 30.16594764 0.00000000 0.00000000 -12.06877278 0.00000000 0.00000000 0.00000000 0.00000000 0.00000000
0.00000000 0.55341639 3.72000000 0.00000000 0.00000000 0.00000000 0.00000000 0.00000000 0.00000000 0.00000000 0.00000000 0.00000000 0.00000000 0.00000000 0.00000000 0.00000000 0.00000000 0.00000000 0.00000000 0.00000000 0.00000000 13.16759770 0.00000000 0.00000000 -28.95256076 0.00000000 0.00000000 15.78496307 0.00000000 0.00000000 0.00000000 0.00000000 0.00000000 50.60650323 0.00000000 0.00000000 -96.52137164 0.00000000 0.00000000 45.91486840 0.00000000 0.00000000 0.00000000 0.00000000 0.00000000 0.00000000 -19.92663462 0.00000000 0.00000000 0.00000000 0.00000000 -43.44530456 0.00000000 0.00000000 96.52137164 0.00000000 0.00000000 -53.07606708 0.00000000 0.00000000 0.00000000 0.00000000 0.00000000 -15.21602956 0.00000000 0.00000000 28.95256076 0.00000000 0.00000000 -13.73653120 0.00000000 0.00000000 0.00000000 0.00000000 0.00000000
0.00000000 0.55329993 3.74000000 0.00000000 0.00000000 0.00000000 0.00000000 0.00000000 0.00000000 0.00000000 0.00000000 0.00000000 0.00000000 0.00000000 0.00000000 0.00000000 0.00000000 0.00000000 0.00000000 0.00000000 0.00000000 15.47695298 0.00000000 0.00000000 -29.02013946 0.00000000 0.00000000 13.54318647 0.00000000 0.00000000 0.00000000 0.00000000 0.00000000 42.48906311 0.00000000 0.00000000 -96.14319830 0.00000000 0.00000000 53.65413519 0.00000000 0.00000000 0.00000000 0.00000000 0.00000000 0.00000000 -19.02113033 0.00000000 0.00000000 0.00000000 0.00000000 -51.20091213 0.00000000 0.00000000 96.14319830 0.00000000 0.00000000 -44.94228617 0.00000000 0.00000000 0.00000000 0.00000000 0.00000000 -12.97286658 0.00000000 0.00000000 29.02013946 0.00000000 0.00000000 -16.04727288 0.00000000 0.00000000 0.00000000 0.00000000 0.00000000
0.00000000 0.55092905 3.76000000 0.00000000 0.00000000 0.00000000 0.00000000 0.00000000 0.00000000 0.00000000 0.00000000 0.00000000 0.00000000 0.00000000 0.00000000 0.00000000 0.00000000 0.00000000 0.00000000 0.00000000 0.00000000 18.41223039 0.00000000 0.00000000 -30.33946536 0.00000000 0.00000000 11.92723497 0.00000000 0.00000000 0.00000000 0.00000000 0.00000000 31.97209979 0.00000000 0.00000000 -88.49158612 0.00000000 0.00000000 56.51948633 0.00000000 0.00000000 0.00000000 0.00000000 0.00000000 0.00000000 -17.12698061 0.00000000 0.00000000 0.00000000 0.00000000 -54.37331890 0.00000000 0.00000000 88.49158612 0.00000000 0.00000000 -34.11826722 0.00000000 0.00000000 0.00000000 0.00000000 0.00000000 -11.32976262 0.00000000 0.00000000 30.33946536 0.00000000 0.00000000 -19.00970274 0.00000000 0.00000000 0.00000000 0.00000000 0.00000000
0.00000000 0.54679028 3.78000000 0.00000000 0.00000000 0.00000000 0.00000000 0.00000000 0.00000000 0.00000000 0.00000000 0.00000000 0.00000000 0.00000000 0.00000000 0.00000000 0.00000000 0.00000000 0.00000000 0.00000000 0.00000000 21.72552677 0.00000000 0.00000000 -32.36781523 0.00000000 0.00000000 10.64228846 0.00000000 0.00000000 0.00000000 0.00000000 0.00000000 20.77944629 0.00000000 0.00000000 -74.88778524 0.00000000 0.00000000 54.10833895 0.00000000 0.00000000 0.00000000 0.00000000 0.00000000 0.00000000 -14.34263610 0.00000000 0.00000000 0.00000000 0.00000000 -52.42094085 0.00000000 0.00000000 74.88778524 0.00000000 0.00000000 -22.46684439 0.00000000 0.00000000 0.00000000 0.00000000 0.00000000 -10.00273689 0.00000000 0.00000000 32.36781523 0.00000000 0.00000000 -22.36507834 0.00000000 0.00000000 0.00000000 0.00000000 0.00000000
0.00000000 0.54173290 3.80000000 0.00000000 0.00000000 0.00000000 0.00000000 0.00000000 0.00000000 0.00000000 0.00000000 0.00000000 0.00000000 0.00000000 0.00000000 0.00000000 0.00000000 0.00000000 0.00000000 0.00000000 0.00000000 25.04620520 0.00000000 0.00000000 -34.34131252 0.00000000 0.00000000 9.29510732 0.00000000 0.00000000 0.00000000 0.00000000 0.00000000 9.75415311 0.00000000 0.00000000 -57.30638181 0.00000000 0.00000000 47.55222870 0.00000000 0.00000000 0.00000000 0.00000000 0.00000000 0.00000000 -10.81281635 0.00000000 0.00000000 0.00000000 0.00000000 -46.34813030 0.00000000 0.00000000 57.30638181 0.00000000 0.00000000 -10.95825151 0.00000000 0.00000000 0.00000000 0.00000000 0.00000000 -8.61419780 0.00000000 0.00000000 34.34131252 0.00000000 0.00000000 -25.72711472 0.00000000 0.00000000 0.00000000 0.00000000 0.00000000
0.00000000 0.53679470 3.82000000 0.00000000 0.00000000 0.00000000 0.00000000 0.00000000 0.00000000 0.00000000 0.00000000 0.00000000 0.00000000 0.00000000 0.00000000 0.00000000 0.00000000 0.00000000 0.00000000 0.00000000 0.00000000 27.99567076 0.00000000 0.00000000 -35.52017115 0.00000000 0.00000000 7.52450039 0.00000000 0.00000000 0.00000000 0.00000000 0.00000000 -0.20636625 0.00000000 0.00000000 -38.59371906 0.00000000 0.00000000 38.80008531 0.00000000 0.00000000 0.00000000 0.00000000 0.00000000 0.00000000 -6.72098786 0.00000000 0.00000000 0.00000000 0.00000000 -38.02851347 0.00000000 0.00000000 38.59371906 0.00000000 0.00000000 -0.56520559 0.00000000 0.00000000 0.00000000 0.00000000 0.00000000 -6.81867689 0.00000000 0.00000000 35.52017115 0.00000000 0.00000000 -28.70149427 0.00000000 0.00000000 0.00000000 0.00000000 0.00000000
0.00000000 0.53298901 3.84000000 0.00000000 0.00000000 0.00000000 0.00000000 0.00000000 0.00000000 0.00000000 0.00000000 0.00000000 0.00000000 0.00000000 0.00000000 0.00000000 0.00000000 0.00000000 0.00000000 0.00000000 0.00000000 30.22494751 0.00000000 0.00000000 -35.26448346 0.00000000 0.00000000 5.03953595 0.00000000 0.00000000 0.00000000 0.00000000 0.00000000 -5.80325067 0.00000000 0.00000000 -26.02096393 0.00000000 0.00000000 31.82421460 0.00000000 0.00000000 0.00000000 0.00000000 0.00000000 0.00000000 -2.27982820 0.00000000 0.00000000 0.00000000 0.00000000 -31.31503280 0.00000000 0.00000000 26.02096393 0.00000000 0.00000000 5.29406887 0.00000000 0.00000000 0.00000000 0.00000000 0.00000000 -4.33912989 0.00000000 0.00000000 35.26448346 0.00000000 0.00000000 -30.92535357 0.00000000 0.00000000 0.00000000 0.00000000 0.00000000
0.00000000 0.53109678 3.86000000 0.00000000 0.00000000 0.00000000 0.00000000 0.00000000 0.00000000 0.00000000 0.00000000 0.00000000 0.00000000 0.00000000 0.00000000 0.00000000 0.00000000 0.00000000 0.00000000 0.00000000 0.00000000 31.39849908 0.00000000 0.00000000 -32.98537422 0.00000000 0.00000000 1.58687514 0.00000000 0.00000000 0.00000000 0.00000000 0.00000000 -1.91572132 0.00000000 0.00000000 -30.08740318 0.00000000 0.00000000 32.00312450 0.00000000 0.00000000 0.00000000 0.00000000 0.00000000 0.00000000 2.27982820 0.00000000 0.00000000 0.00000000 0.00000000 -31.41085259 0.00000000 0.00000000 30.08740318 0.00000000 0.00000000 1.32344941 0.00000000 0.00000000 0.00000000 0.00000000 0.00000000 -0.93442724 0.00000000 0.00000000 32.98537422 0.00000000 0.00000000 -32.05094699 0.00000000 0.00000000 0.00000000 0.00000000 0.00000000
0.00000000 0.53150630 3.88000000 0.00000000 0.00000000 0.00000000 0.00000000 0.00000000 0.00000000 0.00000000 0.00000000 0.00000000 0.00000000 0.00000000 0.00000000 0.00000000 0.00000000 0.00000000 0.00000000 0.00000000 0.00000000 31.10614025 0.00000000 0.00000000 -27.93767525 0.00000000 0.00000000 -3.16846501 0.00000000 0.00000000 0.00000000 0.00000000 0.00000000 2.24781919 0.00000000 0.00000000 -34.05311860 0.00000000 0.00000000 31.80529941 0.00000000 0.00000000 0.00000000 0.00000000 0.00000000 0.00000000 6.72098786 0.00000000 0.00000000 0.00000000 0.00000000 -31.13045630 0.00000000 0.00000000 34.05311860 0.00000000 0.00000000 -2.92266230 0.00000000 0.00000000 0.00000000 0.00000000 0.00000000 3.71662802 0.00000000 0.00000000 27.93767525 0.00000000 0.00000000 -31.65430327 0.00000000 0.00000000 0.00000000 0.00000000 0.00000000
0.00000000 0.53413353 3.90000000 0.00000000 0.00000000 0.00000000 0.00000000 0.00000000 0.00000000 0.00000000 0.00000000 0.00000000 0.00000000 0.00000000 0.00000000 0.00000000 0.00000000 0.00000000 0.00000000 0.00000000 0.00000000 33.03541192 0.00000000 0.00000000 -28.81366374 0.00000000 0.00000000 -4.22174819 0.00000000 0.00000000 0.00000000 0.00000000 0.00000000 5.30074964 0.00000000 0.00000000 -35.55576824 0.00000000 0.00000000 30.25501860 0.00000000 0.00000000 0.00000000 0.00000000 0.00000000 0.00000000 10.81281635 0.00000000 0.00000000 0.00000000 0.00000000 -29.54844026 0.00000000 0.00000000 35.55576824 0.00000000 0.00000000 -6.00732799 0.00000000 0.00000000 0.00000000 0.00000000 0.00000000 4.78783351 0.00000000 0.00000000 28.81366374 0.00000000 0.00000000 -33.60149725 0.00000000 0.00000000 0.00000000 0.00000000 0.00000000
0.00000000 0.53843935 3.92000000 0.00000000 0.00000000 0.00000000 0.00000000 0.00000000 0.00000000 0.00000000 0.00000000 0.00000000 0.00000000 0.00000000 0.00000000 0.00000000 0.00000000 0.00000000 0.00000000 0.00000000 0.00000000 41.03632295 0.00000000 0.00000000 -44.99886207 0.00000000 0.00000000 3.96253912 0.00000000 0.00000000 0.00000000 0.00000000 0.00000000 7.51333042 0.00000000 0.00000000 -35.24273294 0.00000000 0.00000000 27.72940252 0.00000000 0.00000000 0.00000000 0.00000000 0.00000000 0.00000000 14.34263610 0.00000000 0.00000000 0.00000000 0.00000000 -27.02945695 0.00000000 0.00000000 35.24273294 0.00000000 0.00000000 -8.21327599 0.00000000 0.00000000 0.00000000 0.00000000 0.00000000 -3.04978833 0.00000000 0.00000000 44.99886207 0.00000000 0.00000000 -41.94907374 0.00000000 0.00000000 0.00000000 0.00000000 0.00000000
0.00000000 0.54354020 3.94000000 0.00000000 0.00000000 0.00000000 0.00000000 0.00000000 0.00000000 0.00000000 0.00000000 0.00000000 0.00000000 0.00000000 0.00000000 0.00000000 0.00000000 0.00000000 0.00000000 0.00000000 0.00000000 48.84250411 0.00000000 0.00000000 -63.76925690 0.00000000 0.00000000 14.92675279 0.00000000 0.00000000 0.00000000 0.00000000 0.00000000 9.13165885 0.00000000 0.00000000 -33.70815079 0.00000000 0.00000000 24.57649194 0.00000000 0.00000000 0.00000000 0.00000000 0.00000000 0.00000000 17.12698061 0.00000000 0.00000000 0.00000000 0.00000000 -23.90889806 0.00000000 0.00000000 33.70815079 0.00000000 0.00000000 -9.79925272 0.00000000 0.00000000 0.00000000 0.00000000 0.00000000 -13.55596593 0.00000000 0.00000000 63.76925690 0.00000000 0.00000000 -50.21329096 0.00000000 0.00000000 0.00000000 0.00000000 0.00000000
0.00000000 0.54838937 3.96000000 0.00000000 0.00000000 0.00000000 0.00000000 0.00000000 0.00000000 0.00000000 0.00000000 0.00000000 0.00000000 0.00000000 0.00000000 0.00000000 0.00000000 0.00000000 0.00000000 0.00000000 0.00000000 53.64794286 0.00000000 0.00000000 -80.21311227 0.00000000 0.00000000 26.56516941 0.00000000 0.00000000 0.00000000 0.00000000 0.00000000 10.45601090 0.00000000 0.00000000 -31.62663278 0.00000000 0.00000000 21.17062188 0.00000000 0.00000000 0.00000000 0.00000000 0.00000000 0.00000000 19.02113033 0.00000000 0.00000000 0.00000000 0.00000000 -20.54649516 0.00000000 0.00000000 31.62663278 0.00000000 0.00000000 -11.08013761 0.00000000 0.00000000 0.00000000 0.00000000 0.00000000 -24.70922661 0.00000000 0.00000000 80.21311227 0.00000000 0.00000000 -55.50388566 0.00000000 0.00000000 0.00000000 0.00000000 0.00000000
0.00000000 0.55199179 3.98000000 0.00000000 0.00000000 0.00000000 0.00000000 0.00000000 0.00000000 0.00000000 0.00000000 0.00000000 0.00000000 0.00000000 0.00000000 0.00000000 0.00000000 0.00000000 0.00000000 0.00000000 0.00000000 53.85852782 0.00000000 0.00000000 -91.93422491 0.00000000 0.00000000 38.07569709 0.00000000 0.00000000 0.00000000 0.00000000 0.00000000 11.85154318 0.00000000 0.00000000 -29.76307792 0.00000000 0.00000000 17.91153475 0.00000000 0.00000000 0.00000000 0.00000000 0.00000000 0.00000000 19.92663462 0.00000000 0.00000000 0.00000000 0.00000000 -17.32594516 0.00000000 0.00000000 29.76307792 0.00000000 0.00000000 -12.43713276 0.00000000 0.00000000 0.00000000 0.00000000 0.00000000 -35.79663597 0.00000000 0.00000000 91.93422491 0.00000000 0.00000000 -56.13758894 0.00000000 0.00000000 0.00000000 0.00000000 0.00000000
0.00000000 0.55360824 4.00000000 0.00000000 0.00000000 0.00000000 0.00000000 0.00000000 0.00000000 0.00000000 0.00000000 0.00000000 0.00000000 0.00000000 0.00000000 0.00000000 0.00000000 0.00000000 0.00000000 0.00000000 0.00000000 48.92445261 0.00000000 0.00000000 -97.13822551 0.00000000 0.00000000 48.21377290 0.00000000 0.00000000 0.00000000 0.00000000 0.00000000 13.68166117 0.00000000 0.00000000 -28.84009468 0.00000000 0.00000000 15.15843351 0.00000000 0.00000000 0.00000000 0.00000000 0.00000000 0.00000000 19.79642884 0.00000000 0.00000000 0.00000000 0.00000000 -14.59180633 0.00000000 0.00000000 28.84009468 0.00000000 0.00000000 -14.24828835 0.00000000 0.00000000 0.00000000 0.00000000 0.00000000 -45.71729403 0.00000000 0.00000000 97.13822551 0.00000000 0.00000000 -51.42093148 0.00000000 0.00000000 0.00000000 0.00000000 0.00000000
0.00000000 0.55290701 4.02000000 0.00000000 0.00000000 0.00000000 0.00000000 0.00000000 0.00000000 0.00000000 0.00000000 0.00000000 0.00000000 0.00000000 0.00000000 0.00000000 0.00000000 0.00000000 0.00000000 0.00000000 0.00000000 40.00062594 0.00000000 0.00000000 -94.87730398 0.00000000 0.00000000 54.87667804 0.00000000 0.00000000 0.00000000 0.00000000 0.00000000 16.15819364 0.00000000 0.00000000 -29.24685722 0.00000000 0.00000000 13.08866357 0.00000000 0.00000000 0.00000000 0.00000000 0.00000000 0.00000000 18.63728058 0.00000000 0.00000000 0.00000000 0.00000000 -12.51368942 0.00000000 0.00000000 29.24685722 0.00000000 0.00000000 -16.73316780 0.00000000 0.00000000 0.00000000 0.00000000 0.00000000 -52.47729346 0.00000000 0.00000000 94.87730398 0.00000000 0.00000000 -42.40001052 0.00000000 0.00000000 0.00000000 0.00000000 0.00000000
0.00000000 0.55003200 4.04000000 0.00000000 0.00000000 0.00000000 0.00000000 0.00000000 0.00000000 0.00000000 0.00000000 0.00000000 0.00000000 0.00000000 0.00000000 0.00000000 0.00000000 0.00000000 0.00000000 0.00000000 0.00000000 29.19301536 0.00000000 0.00000000 -85.57911257 0.00000000 0.00000000 56.38609721 0.00000000 0.00000000 0.00000000 0.00000000 0.00000000 19.21866143 0.00000000 0.00000000 -30.80863735 0.00000000 0.00000000 11.58997591 0.00000000 0.00000000 0.00000000 0.00000000 0.00000000 0.00000000 16.50943794 0.00000000 0.00000000 0.00000000 0.00000000 -10.98280723 0.00000000 0.00000000 30.80863735 0.00000000 0.00000000 -19.82583012 0.00000000 0.00000000 0.00000000 0.00000000 0.00000000 -54.34642504 0.00000000 0.00000000 85.57911257 0.00000000 0.00000000 -31.23268753 0.00000000 0.00000000 0.00000000 0.00000000 0.00000000
0.00000000 0.54557316 4.06000000 0.00000000 0.00000000 0.00000000 0.00000000 0.00000000 0.00000000 0.00000000 0.00000000 0.00000000 0.00000000 0.00000000 0.00000000 0.00000000 0.00000000 0.00000000 0.00000000 0.00000000 0.00000000 17.98413561 0.00000000 0.00000000 -70.77789773 0.00000000 0.00000000 52.79376212 0.00000000 0.00000000 0.00000000 0.00000000 0.00000000 22.57018956 0.00000000 0.00000000 -32.89677118 0.00000000 0.00000000 10.32658162 0.00000000 0.00000000 0.00000000 0.00000000 0.00000000 0.00000000 13.52349801 0.00000000 0.00000000 0.00000000 0.00000000 -9.67598650 0.00000000 0.00000000 32.89677118 0.00000000 0.00000000 -23.22078468 0.00000000 0.00000000 0.00000000 0.00000000 0.00000000 -51.22842253 0.00000000 0.00000000 70.77789773 0.00000000 0.00000000 -19.54947520 0.00000000 0.00000000 0.00000000 0.00000000 0.00000000
0.00000000 0.54044548 4.08000000 0.00000000 0.00000000 0.00000000 0.00000000 0.00000000 0.00000000 0.00000000 0.00000000 0.00000000 0.00000000 0.00000000 0.00000000 0.00000000 0.00000000 0.00000000 0.00000000 0.00000000 0.00000000 7.10535715 0.00000000 0.00000000 -52.57966254 0.00000000 0.00000000 45.47430538 0.00000000 0.00000000 0.00000000 0.00000000 0.00000000 25.83253848 0.00000000 0.00000000 -34.73721607 0.00000000 0.00000000 8.90467758 0.00000000 0.00000000 0.00000000 0.00000000 0.00000000 0.00000000 9.83465849 0.00000000 0.00000000 0.00000000 0.00000000 -8.21541898 0.00000000 0.00000000 34.73721607 0.00000000 0.00000000 -26.52179709 0.00000000 0.00000000 0.00000000 0.00000000 0.00000000 -44.38569634 0.00000000 0.00000000 52.57966254 0.00000000 0.00000000 -8.19396619 0.00000000 0.00000000 0.00000000 0.00000000 0.00000000
0.00000000 0.53570116 4.10000000 0.00000000 0.00000000 0.00000000 0.00000000 0.00000000 0.00000000 0.00000000 0.00000000 0.00000000 0.00000000 0.00000000 0.00000000 0.00000000 0.00000000 0.00000000 0.00000000 0.00000000 0.00000000 -2.26186885 0.00000000 0.00000000 -34.36829359 0.00000000 0.00000000 36.63016244 0.00000000 0.00000000 0.00000000 0.00000000 0.00000000 28.63353525 0.00000000 0.00000000 -35.61379952 0.00000000 0.00000000 6.98026428 0.00000000 0.00000000 0.00000000 0.00000000 0.00000000 0.00000000 5.63465114 0.00000000 0.00000000 0.00000000 0.00000000 -6.27245506 0.00000000 0.00000000 35.61379952 0.00000000 0.00000000 -29.34134446 0.00000000 0.00000000 0.00000000 0.00000000 0.00000000 -35.94868449 0.00000000 0.00000000 34.36829359 0.00000000 0.00000000 1.58039090 0.00000000 0.00000000 0.00000000 0.00000000 0.00000000
0.00000000 0.53231375 4.12000000 0.00000000 0.00000000 0.00000000 0.00000000 0.00000000 0.00000000 0.00000000 0.00000000 0.00000000 0.00000000 0.00000000 0.00000000 0.00000000 0.00000000 0.00000000 0.00000000 0.00000000 0.00000000 -5.59965060 0.00000000 0.00000000 -25.69248999 0.00000000 0.00000000 31.29214059 0.00000000 0.00000000 0.00000000 0.00000000 0.00000000 30.63084561 0.00000000 0.00000000 -34.90812832 0.00000000 0.00000000 4.27728272 0.00000000 0.00000000 0.00000000 0.00000000 0.00000000 0.00000000 1.14177622 0.00000000 0.00000000 0.00000000 0.00000000 -3.58441423 0.00000000 0.00000000 34.90812832 0.00000000 0.00000000 -31.32371409 0.00000000 0.00000000 0.00000000 0.00000000 0.00000000 -30.78960832 0.00000000 0.00000000 25.69248999 0.00000000 0.00000000 5.09711833 0.00000000 0.00000000 0.00000000 0.00000000 0.00000000
0.00000000 0.53097836 4.14000000 0.00000000 0.00000000 0.00000000 0.00000000 0.00000000 0.00000000 0.00000000 0.00000000 0.00000000 0.00000000 0.00000000 0.00000000 0.00000000 0.00000000 0.00000000 0.00000000 0.00000000 0.00000000 -0.75014873 0.00000000 0.00000000 -31.35619907 0.00000000 0.00000000 32.10634780 0.00000000 0.00000000 0.00000000 0.00000000 0.00000000 31.48345033 0.00000000 0.00000000 -32.02200470 0.00000000 0.00000000 0.53855437 0.00000000 0.00000000 0.00000000 0.00000000 0.00000000 0.00000000 -3.41044385 0.00000000 0.00000000 0.00000000 0.00000000 0.09379337 0.00000000 0.00000000 32.02200470 0.00000000 0.00000000 -32.11579807 0.00000000 0.00000000 0.00000000 0.00000000 0.00000000 -31.48783500 0.00000000 0.00000000 31.35619907 0.00000000 0.00000000 0.13163592 0.00000000 0.00000000 0.00000000 0.00000000 0.00000000
0.00000000 0.53196902 4.16000000 0.00000000 0.00000000 0.00000000 0.00000000 0.00000000 0.00000000 0.00000000 0.00000000 0.00000000 0.00000000 0.00000000 0.00000000 0.00000000 0.00000000 0.00000000 0.00000000 0.00000000 0.00000000 3.10290583 0.00000000 0.00000000 -34.63115216 0.00000000 0.00000000 31.52824633 0.00000000 0.00000000 0.00000000 0.00000000 0.00000000 30.78153420 0.00000000 0.00000000 -26.22228663 0.00000000 0.00000000 -4.55924757 0.00000000 0.00000000 0.00000000 0.00000000 0.00000000 0.00000000 -7.78540213 0.00000000 0.00000000 0.00000000 0.00000000 5.07250924 0.00000000 0.00000000 26.22228663 0.00000000 0.00000000 -31.29479587 0.00000000 0.00000000 0.00000000 0.00000000 0.00000000 -30.84122623 0.00000000 0.00000000 34.63115216 0.00000000 0.00000000 -3.78992593 0.00000000 0.00000000 0.00000000 0.00000000 0.00000000
0.00000000 0.53508244 4.18000000 0.00000000 0.00000000 0.00000000 0.00000000 0.00000000 0.00000000 0.00000000 0.00000000 0.00000000 0.00000000 0.00000000 0.00000000 0.00000000 0.00000000 0.00000000 0.00000000 0.00000000 0.00000000 5.92354124 0.00000000 0.00000000 -35.62518739 0.00000000 0.00000000 29.70164615 0.00000000 0.00000000 0.00000000 0.00000000 0.00000000 34.77626545 0.00000000 0.00000000 -32.06974286 0.00000000 0.00000000 -2.70652259 0.00000000 0.00000000 0.00000000 0.00000000 0.00000000 0.00000000 -11.75570505 0.00000000 0.00000000 0.00000000 0.00000000 3.33986405 0.00000000 0.00000000 32.06974286 0.00000000 0.00000000 -35.40960691 0.00000000 0.00000000 0.00000000 0.00000000 0.00000000 -28.99359535 0.00000000 0.00000000 35.62518739 0.00000000 0.00000000 -6.63159204 0.00000000 0.00000000 0.00000000 0.00000000 0.00000000
0.00000000 0.53967973 4.20000000 0.00000000 0.00000000 0.00000000 0.00000000 0.00000000 0.00000000 0.00000000 0.00000000 0.00000000 0.00000000 0.00000000 0.00000000 0.00000000 0.00000000 0.00000000 0.00000000 0.00000000 0.00000000 7.96311669 0.00000000 0.00000000 -34.94908581 0.00000000 0.00000000 26.98596912 0.00000000 0.00000000 0.00000000 0.00000000 0.00000000 43.15394889 0.00000000 0.00000000 -49.72902545 0.00000000 0.00000000 6.57507656 0.00000000 0.00000000 0.00000000 0.00000000 0.00000000 0.00000000 -15.11499149 0.00000000 0.00000000 0.00000000 0.00000000 -5.55384613 0.00000000 0.00000000 49.72902545 0.00000000 0.00000000 -44.17517932 0.00000000 0.00000000 0.00000000 0.00000000 0.00000000 -26.29223506 0.00000000 0.00000000 34.94908581 0.00000000 0.00000000 -8.65685075 0.00000000 0.00000000 0.00000000 0.00000000 0.00000000
0.00000000 0.54481752 4.22000000 0.00000000 0.00000000 0.00000000 0.00000000 0.00000000 0.00000000 0.00000000 0.00000000 0.00000000 0.00000000 0.00000000 0.00000000 0.00000000 0.00000000 0.00000000 0.00000000 0.00000000 0.00000000 9.47696657 0.00000000 0.00000000 -33.21030816 0.00000000 0.00000000 23.73334159 0.00000000 0.00000000 0.00000000 0.00000000 0.00000000 50.39900450 0.00000000 0.00000000 -68.20724841 0.00000000 0.00000000 17.80824391 0.00000000 0.00000000 0.00000000 0.00000000 0.00000000 0.00000000 -17.68865862 0.00000000 0.00000000 0.00000000 0.00000000 -16.31611883 0.00000000 0.00000000 68.20724841 0.00000000 0.00000000 -51.89112958 0.00000000 0.00000000 0.00000000 0.00000000 0.00000000 -23.07618625 0.00000000 0.00000000 33.21030816 0.00000000 0.00000000 -10.13412190 0.00000000 0.00000000 0.00000000 0.00000000 0.00000000
0.00000000 0.54944152 4.24000000 0.00000000 0.00000000 0.00000000 0.00000000 0.00000000 0.00000000 0.00000000 0.00000000 0.00000000 0.00000000 0.00000000 0.00000000 0.00000000 0.00000000 0.00000000 0.00000000 0.00000000 0.00000000 10.78307851 0.00000000 0.00000000 -31.10957172 0.00000000 0.00000000 20.32649320 0.00000000 0.00000000 0.00000000 0.00000000 0.00000000 54.17715528 0.00000000 0.00000000 -83.66465842 0.00000000 0.00000000 29.48750315 0.00000000 0.00000000 0.00000000 0.00000000 0.00000000 0.00000000 -19.34293709 0.00000000 0.00000000 0.00000000 0.00000000 -27.51513862 0.00000000 0.00000000 83.66465842 0.00000000 0.00000000 -56.14951981 0.00000000 0.00000000 0.00000000 0.00000000 0.00000000 -19.71309364 0.00000000 0.00000000 31.10957172 0.00000000 0.00000000 -11.39647808 0.00000000 0.00000000 0.00000000 0.00000000 0.00000000
0.00000000 0.55260287 4.26000000 0.00000000 0.00000000 0.00000000 0.00000000 0.00000000 0.00000000 0.00000000 0.00000000 0.00000000 0.00000000 0.00000000 0.00000000 0.00000000 0.00000000 0.00000000 0.00000000 0.00000000 0.00000000 12.25611329 0.00000000 0.00000000 -29.42063810 0.00000000 0.00000000 17.16452481 0.00000000 0.00000000 0.00000000 0.00000000 0.00000000 53.09302357 0.00000000 0.00000000 -93.90324687 0.00000000 0.00000000 40.81022330 0.00000000 0.00000000 0.00000000 0.00000000 0.00000000 0.00000000 -19.99184386 0.00000000 0.00000000 0.00000000 0.00000000 -38.45139165 0.00000000 0.00000000 93.90324687 0.00000000 0.00000000 -55.45185523 0.00000000 0.00000000 0.00000000 0.00000000 0.00000000 -16.58597988 0.00000000 0.00000000 29.42063810 0.00000000 0.00000000 -12.83465822 0.00000000 0.00000000 0.00000000 0.00000000 0.00000000
0.00000000 0.55365284 4.28000000 0.00000000 0.00000000 0.00000000 0.00000000 0.00000000 0.00000000 0.00000000 0.00000000 0.00000000 0.00000000 0.00000000 0.00000000 0.00000000 0.00000000 0.00000000 0.00000000 0.00000000 0.00000000 14.23760678 0.00000000 0.00000000 -28.81378067 0.00000000 0.00000000 14.57617389 0.00000000 0.00000000 0.00000000 0.00000000 0.00000000 46.98752860 0.00000000 0.00000000 -97.28102659 0.00000000 0.00000000 50.29349800 0.00000000 0.00000000 0.00000000 0.00000000 0.00000000 0.00000000 -19.60165122 0.00000000 0.00000000 0.00000000 0.00000000 -47.79074155 0.00000000 0.00000000 97.28102659 0.00000000 0.00000000 -49.49028505 0.00000000 0.00000000 0.00000000 0.00000000 0.00000000 -14.01008616 0.00000000 0.00000000 28.81378067 0.00000000 0.00000000 -14.80369451 0.00000000 0.00000000 0.00000000 0.00000000 0.00000000
0.00000000 0.55237599 4.30000000 0.00000000 0.00000000 0.00000000 0.00000000 0.00000000 0.00000000 0.00000000 0.00000000 0.00000000 0.00000000 0.00000000 0.00000000 0.00000000 0.00000000 0.00000000 0.00000000 0.00000000 0.00000000 16.87712687 0.00000000 0.00000000 -29.54812395 0.00000000 0.00000000 12.67099708 0.00000000 0.00000000 0.00000000 0.00000000 0.00000000 37.39896595 0.00000000 0.00000000 -93.16594781 0.00000000 0.00000000 55.76698186 0.00000000 0.00000000 0.00000000 0.00000000 0.00000000 0.00000000 -18.19263991 0.00000000 0.00000000 0.00000000 0.00000000 -53.43835883 0.00000000 0.00000000 93.16594781 0.00000000 0.00000000 -39.72758898 0.00000000 0.00000000 0.00000000 0.00000000 0.00000000 -12.08983081 0.00000000 0.00000000 29.54812395 0.00000000 0.00000000 -17.45829313 0.00000000 0.00000000 0.00000000 0.00000000 0.00000000
0.00000000 0.54903432 4.32000000 0.00000000 0.00000000 0.00000000 0.00000000 0.00000000 0.00000000 0.00000000 0.00000000 0.00000000 0.00000000 0.00000000 0.00000000 0.00000000 0.00000000 0.00000000 0.00000000 0.00000000 0.00000000 20.04365913 0.00000000 0.00000000 -31.31130671 0.00000000 0.00000000 11.26764757 0.00000000 0.00000000 0.00000000 0.00000000 0.00000000 26.39324081 0.00000000 0.00000000 -82.32064216 0.00000000 0.00000000 55.92740135 0.00000000 0.00000000 0.00000000 0.00000000 0.00000000 0.00000000 -15.83804492 0.00000000 0.00000000 0.00000000 0.00000000 -54.00109753 0.00000000 0.00000000 82.32064216 0.00000000 0.00000000 -28.31954463 0.00000000 0.00000000 0.00000000 0.00000000 0.00000000 -10.65006597 0.00000000 0.00000000 31.31130671 0.00000000 0.00000000 -20.66124074 0.00000000 0.00000000 0.00000000 0.00000000 0.00000000
0.00000000 0.54431356 4.34000000 0.00000000 0.00000000 0.00000000 0.00000000 0.00000000 0.00000000 0.00000000 0.00000000 0.00000000 0.00000000 0.00000000 0.00000000 0.00000000 0.00000000 0.00000000 0.00000000 0.00000000 0.00000000 23.40918843 0.00000000 0.00000000 -33.40985161 0.00000000 0.00000000 10.00066319 0.00000000 0.00000000 0.00000000 0.00000000 0.00000000 15.20795077 0.00000000 0.00000000 -66.45165228 0.00000000 0.00000000 51.24370151 0.00000000 0.00000000 0.00000000 0.00000000 0.00000000 0.00000000 -12.66024908 0.00000000 0.00000000 0.00000000 0.00000000 -49.80030848 0.00000000 0.00000000 66.45165228 0.00000000 0.00000000 -16.65134380 0.00000000 0.00000000 0.00000000 0.00000000 0.00000000 -9.33932719 0.00000000 0.00000000 33.40985161 0.00000000 0.00000000 -24.07052443 0.00000000 0.00000000 0.00000000 0.00000000 0.00000000
0.00000000 0.53918242 4.36000000 0.00000000 0.00000000 0.00000000 0.00000000 0.00000000 0.00000000 0.00000000 0.00000000 0.00000000 0.00000000 0.00000000 0.00000000 0.00000000 0.00000000 0.00000000 0.00000000 0.00000000 0.00000000 26.58986596 0.00000000 0.00000000 -35.07233826 0.00000000 0.00000000 8.48247230 0.00000000 0.00000000 0.00000000 0.00000000 0.00000000 4.53746346 0.00000000 0.00000000 -47.82795433 0.00000000 0.00000000 43.29049088 0.00000000 0.00000000 0.00000000 0.00000000 0.00000000 0.00000000 -8.82442202 0.00000000 0.00000000 0.00000000 0.00000000 -42.31333309 0.00000000 0.00000000 47.82795433 0.00000000 0.00000000 -5.51462124 0.00000000 0.00000000 0.00000000 0.00000000 0.00000000 -7.78613231 0.00000000 0.00000000 35.07233826 0.00000000 0.00000000 -27.28620595 0.00000000 0.00000000 0.00000000 0.00000000 0.00000000
0.00000000 0.53469383 4.38000000 0.00000000 0.00000000 0.00000000 0.00000000 0.00000000 0.00000000 0.00000000 0.00000000 0.00000000 0.00000000 0.00000000 0.00000000 0.00000000 0.00000000 0.00000000 0.00000000 0.00000000 0.00000000 29.22112108 0.00000000 0.00000000 -35.60834596 0.00000000 0.00000000 6.38722488 0.00000000 0.00000000 0.00000000 0.00000000 0.00000000 -3.97881539 0.00000000 0.00000000 -30.66577836 0.00000000 0.00000000 34.64459376 0.00000000 0.00000000 0.00000000 0.00000000 0.00000000 0.00000000 -4.52993535 0.00000000 0.00000000 0.00000000 0.00000000 -34.04037983 0.00000000 0.00000000 30.66577836 0.00000000 0.00000000 3.37460146 0.00000000 0.00000000 0.00000000 0.00000000 0.00000000 -5.67953135 0.00000000 0.00000000 35.60834596 0.00000000 0.00000000 -29.92881460 0.00000000 0.00000000 0.00000000 0.00000000 0.00000000
0.00000000 0.53176886 4.40000000 0.00000000 0.00000000 0.00000000 0.00000000 0.00000000 0.00000000 0.00000000 0.00000000 0.00000000 0.00000000 0.00000000 0.00000000 0.00000000 0.00000000 0.00000000 0.00000000 0.00000000 0.00000000 30.96561416 0.00000000 0.00000000 -34.41639867 0.00000000 0.00000000 3.45078451 0.00000000 0.00000000 0.00000000 0.00000000 0.00000000 -4.55900484 0.00000000 0.00000000 -26.86174904 0.00000000 0.00000000 31.42075388 0.00000000 0.00000000 0.00000000 0.00000000 0.00000000 0.00000000 -0.00000000 0.00000000 0.00000000 0.00000000 0.00000000 -30.89451100 0.00000000 0.00000000 26.86174904 0.00000000 0.00000000 4.03276196 0.00000000 0.00000000 0.00000000 0.00000000 0.00000000 -2.76829289 0.00000000 0.00000000 34.41639867 0.00000000 0.00000000 -31.64810578 0.00000000 0.00000000 0.00000000 0.00000000 0.00000000
0.00000000 0.53100772 4.42000000 0.00000000 0.00000000 0.00000000 0.00000000 0.00000000 0.00000000 0.00000000 0.00000000 0.00000000 0.00000000 0.00000000 0.00000000 0.00000000 0.00000000 0.00000000 0.00000000 0.00000000 0.00000000 31.47023492 0.00000000 0.00000000 -30.87361116 0.00000000 0.00000000 -0.59662377 0.00000000 0.00000000 0.00000000 0.00000000 0.00000000 0.32714893 0.00000000 0.00000000 -32.42886182 0.00000000 0.00000000 32.10171289 0.00000000 0.00000000 0.00000000 0.00000000 0.00000000 0.00000000 4.52993535 0.00000000 0.00000000 0.00000000 0.00000000 -31.46088831 0.00000000 0.00000000 32.42886182 0.00000000 0.00000000 -0.96797351 0.00000000 0.00000000 0.00000000 0.00000000 0.00000000 1.20513697 0.00000000 0.00000000 30.87361116 0.00000000 0.00000000 -32.07874813 0.00000000 0.00000000 0.00000000 0.00000000 0.00000000
0.00000000 0.53256660 4.44000000 0.00000000 0.00000000 0.00000000 0.00000000 0.00000000 0.00000000 0.00000000 0.00000000 0.00000000 0.00000000 0.00000000 0.00000000 0.00000000 0.00000000 0.00000000 0.00000000 0.00000000 0.00000000 30.92375785 0.00000000 0.00000000 -25.64432036 0.00000000 0.00000000 -5.27943749 0.00000000 0.00000000 0.00000000 0.00000000 0.00000000 3.89411252 0.00000000 0.00000000 -35.06784718 0.00000000 0.00000000 31.17373467 0.00000000 0.00000000 0.00000000 0.00000000 0.00000000 0.00000000 8.82442202 0.00000000 0.00000000 0.00000000 0.00000000 -30.47748966 0.00000000 0.00000000 35.06784718 0.00000000 0.00000000 -4.59035752 0.00000000 0.00000000 0.00000000 0.00000000 0.00000000 5.78099536 0.00000000 0.00000000 25.64432036 0.00000000 0.00000000 -31.42531572 0.00000000 0.00000000 0.00000000 0.00000000 0.00000000
0.00000000 0.53612562 4.46000000 0.00000000 0.00000000 0.00000000 0.00000000 0.00000000 0.00000000 0.00000000 0.00000000 0.00000000 0.00000000 0.00000000 0.00000000 0.00000000 0.00000000 0.00000000 0.00000000 0.00000000 0.00000000 36.76787044 0.00000000 0.00000000 -36.01145578 0.00000000 0.00000000 -0.75641467 0.00000000 0.00000000 0.00000000 0.00000000 0.00000000 6.49744042 0.00000000 0.00000000 -35.59012926 0.00000000 0.00000000 29.09268884 0.00000000 0.00000000 0.00000000 0.00000000 0.00000000 0.00000000 12.66024908 0.00000000 0.00000000 0.00000000 0.00000000 -28.38538173 0.00000000 0.00000000 35.59012926 0.00000000 0.00000000 -7.20474753 0.00000000 0.00000000 0.00000000 0.00000000 0.00000000 1.47266919 0.00000000 0.00000000 36.01145578 0.00000000 0.00000000 -37.48412497 0.00000000 0.00000000 0.00000000 0.00000000 0.00000000
0.00000000 0.54095445 4.48000000 0.00000000 0.00000000 0.00000000 0.00000000 0.00000000 0.00000000 0.00000000 0.00000000 0.00000000 0.00000000 0.00000000 0.00000000 0.00000000 0.00000000 0.00000000 0.00000000 0.00000000 0.00000000 45.18710619 0.00000000 0.00000000 -54.47892006 0.00000000 0.00000000 9.29181387 0.00000000 0.00000000 0.00000000 0.00000000 0.00000000 8.37970446 0.00000000 0.00000000 -34.58850580 0.00000000 0.00000000 26.20880134 0.00000000 0.00000000 0.00000000 0.00000000 0.00000000 0.00000000 15.83804492 0.00000000 0.00000000 0.00000000 0.00000000 -25.52268094 0.00000000 0.00000000 34.58850580 0.00000000 0.00000000 -9.06582486 0.00000000 0.00000000 0.00000000 0.00000000 0.00000000 -8.15739205 0.00000000 0.00000000 54.47892006 0.00000000 0.00000000 -46.32152801 0.00000000 0.00000000 0.00000000 0.00000000 0.00000000
0.00000000 0.54606220 4.50000000 0.00000000 0.00000000 0.00000000 0.00000000 0.00000000 0.00000000 0.00000000 0.00000000 0.00000000 0.00000000 0.00000000 0.00000000 0.00000000 0.00000000 0.00000000 0.00000000 0.00000000 0.00000000 51.73596365 0.00000000 0.00000000 -72.45119019 0.00000000 0.00000000 20.71522654 0.00000000 0.00000000 0.00000000 0.00000000 0.00000000 9.80895861 0.00000000 0.00000000 -32.68938342 0.00000000 0.00000000 22.88042481 0.00000000 0.00000000 0.00000000 0.00000000 0.00000000 0.00000000 18.19263991 0.00000000 0.00000000 0.00000000 0.00000000 -22.23416309 0.00000000 0.00000000 32.68938342 0.00000000 0.00000000 -10.45522033 0.00000000 0.00000000 0.00000000 0.00000000 0.00000000 -19.10096834 0.00000000 0.00000000 72.45119019 0.00000000 0.00000000 -53.35022185 0.00000000 0.00000000 0.00000000 0.00000000 0.00000000
0.00000000 0.55040075 4.52000000 0.00000000 0.00000000 0.00000000 0.00000000 0.00000000 0.00000000 0.00000000 0.00000000 0.00000000 0.00000000 0.00000000 0.00000000 0.00000000 0.00000000 0.00000000 0.00000000 0.00000000 0.00000000 54.39660700 0.00000000 0.00000000 -86.78815257 0.00000000 0.00000000 32.39154558 0.00000000 0.00000000 0.00000000 0.00000000 0.00000000 11.12067689 0.00000000 0.00000000 -30.61863005 0.00000000 0.00000000 19.49795316 0.00000000 0.00000000 0.00000000 0.00000000 0.00000000 0.00000000 19.60165122 0.00000000 0.00000000 0.00000000 0.00000000 -18.89471396 0.00000000 0.00000000 30.61863005 0.00000000 0.00000000 -11.72391610 0.00000000 0.00000000 0.00000000 0.00000000 0.00000000 -30.30828645 0.00000000 0.00000000 86.78815257 0.00000000 0.00000000 -56.47986612 0.00000000 0.00000000 0.00000000 0.00000000 0.00000000
0.00000000 0.55307981 4.54000000 0.00000000 0.00000000 0.00000000 0.00000000 0.00000000 0.00000000 0.00000000 0.00000000 0.00000000 0.00000000 0.00000000 0.00000000 0.00000000 0.00000000 0.00000000 0.00000000 0.00000000 0.00000000 52.00381235 0.00000000 0.00000000 -95.43848643 0.00000000 0.00000000 43.43467408 0.00000000 0.00000000 0.00000000 0.00000000 0.00000000 12.69344458 0.00000000 0.00000000 -29.14793018 0.00000000 0.00000000 16.45448561 0.00000000 0.00000000 0.00000000 0.00000000 0.00000000 0.00000000 19.99184386 0.00000000 0.00000000 0.00000000 0.00000000 -15.88154290 0.00000000 0.00000000 29.14793018 0.00000000 0.00000000 -13.26638729 0.00000000 0.00000000 0.00000000 0.00000000 0.00000000 -41.01158376 0.00000000 0.00000000 95.43848643 0.00000000 0.00000000 -54.42690267 0.00000000 0.00000000 0.00000000 0.00000000 0.00000000
0.00000000 0.55354962 4.56000000 0.00000000 0.00000000 0.00000000 0.00000000 0.00000000 0.00000000 0.00000000 0.00000000 0.00000000 0.00000000 0.00000000 0.00000000 0.00000000 0.00000000 0.00000000 0.00000000 0.00000000 0.00000000 44.83017844 0.00000000 0.00000000 -96.94789266 0.00000000 0.00000000 52.11771422 0.00000000 0.00000000 0.00000000 0.00000000 0.00000000 14.83619663 0.00000000 0.00000000 -28.87438271 0.00000000 0.00000000 14.03818608 0.00000000 0.00000000 0.00000000 0.00000000 0.00000000 0.00000000 19.34293709 0.00000000 0.00000000 0.00000000 0.00000000 -13.47085588 0.00000000 0.00000000 28.87438271 0.00000000 0.00000000 -15.40352683 0.00000000 0.00000000 0.00000000 0.00000000 0.00000000 -49.62957495 0.00000000 0.00000000 96.94789266 0.00000000 0.00000000 -47.31831771 0.00000000 0.00000000 0.00000000 0.00000000 0.00000000
0.00000000 0.55171379 4.58000000 0.00000000 0.00000000 0.00000000 0.00000000 0.00000000 0.00000000 0.00000000 0.00000000 0.00000000 0.00000000 0.00000000 0.00000000 0.00000000 0.00000000 0.00000000 0.00000000 0.00000000 0.00000000 34.71429375 0.00000000 0.00000000 -91.02940964 0.00000000 0.00000000 56.31511589 0.00000000 0.00000000 0.00000000 0.00000000 0.00000000 17.62999232 0.00000000 0.00000000 -29.91561659 0.00000000 0.00000000 12.28562427 0.00000000 0.00000000 0.00000000 0.00000000 0.00000000 0.00000000 17.68865862 0.00000000 0.00000000 0.00000000 0.00000000 -11.69689307 0.00000000 0.00000000 29.91561659 0.00000000 0.00000000 -18.21872352 0.00000000 0.00000000 0.00000000 0.00000000 0.00000000 -54.07176604 0.00000000 0.00000000 91.02940964 0.00000000 0.00000000 -36.95764360 0.00000000 0.00000000 0.00000000 0.00000000 0.00000000
0.00000000 0.54794903 4.60000000 0.00000000 0.00000000 0.00000000 0.00000000 0.00000000 0.00000000 0.00000000 0.00000000 0.00000000 0.00000000 0.00000000 0.00000000 0.00000000 0.00000000 0.00000000 0.00000000 0.00000000 0.00000000 23.58536978 0.00000000 0.00000000 -78.74636024 0.00000000 0.00000000 55.16099046 0.00000000 0.00000000 0.00000000 0.00000000 0.00000000 20.88130637 0.00000000 0.00000000 -31.83518752 0.00000000 0.00000000 10.95388115 0.00000000 0.00000000 0.00000000 0.00000000 0.00000000 0.00000000 15.11499149 0.00000000 0.00000000 0.00000000 0.00000000 -10.32541995 0.00000000 0.00000000 31.83518752 0.00000000 0.00000000 -21.50976757 0.00000000 0.00000000 0.00000000 0.00000000 0.00000000 -53.35274112 0.00000000 0.00000000 78.74636024 0.00000000 0.00000000 -25.39361912 0.00000000 0.00000000 0.00000000 0.00000000 0.00000000
0.00000000 0.54302788 4.62000000 0.00000000 0.00000000 0.00000000 0.00000000 0.00000000 0.00000000 0.00000000 0.00000000 0.00000000 0.00000000 0.00000000 0.00000000 0.00000000 0.00000000 0.00000000 0.00000000 0.00000000 0.00000000 12.46054487 0.00000000 0.00000000 -61.94696886 0.00000000 0.00000000 49.48642399 0.00000000 0.00000000 0.00000000 0.00000000 0.00000000 24.23649707 0.00000000 0.00000000 -33.89518609 0.00000000 0.00000000 9.65868901 0.00000000 0.00000000 0.00000000 0.00000000 0.00000000 0.00000000 11.75570505 0.00000000 0.00000000 0.00000000 0.00000000 -8.98716638 0.00000000 0.00000000 33.89518609 0.00000000 0.00000000 -24.90801970 0.00000000 0.00000000 0.00000000 0.00000000 0.00000000 -48.16376354 0.00000000 0.00000000 61.94696886 0.00000000 0.00000000 -13.78320532 0.00000000 0.00000000 0.00000000 0.00000000 0.00000000
0.00000000 0.53796018 4.64000000 0.00000000 0.00000000 0.00000000 0.00000000 0.00000000 0.00000000 0.00000000 0.00000000 0.00000000 0.00000000 0.00000000 0.00000000 0.00000000 0.00000000 0.00000000 0.00000000 0.00000000 0.00000000 2.08395201 0.00000000 0.00000000 -43.13028776 0.00000000 0.00000000 41.04633575 0.00000000 0.00000000 0.00000000 0.00000000 0.00000000 27.31269716 0.00000000 0.00000000 -35.33656136 0.00000000 0.00000000 8.02386420 0.00000000 0.00000000 0.00000000 0.00000000 0.00000000 0.00000000 7.78540213 0.00000000 0.00000000 0.00000000 0.00000000 -7.32193175 0.00000000 0.00000000 35.33656136 0.00000000 0.00000000 -28.01462960 0.00000000 0.00000000 0.00000000 0.00000000 0.00000000 -40.17540277 0.00000000 0.00000000 43.13028776 0.00000000 0.00000000 -2.95488499 0.00000000 0.00000000 0.00000000 0.00000000 0.00000000
0.00000000 0.53378583 4.66000000 0.00000000 0.00000000 0.00000000 0.00000000 0.00000000 0.00000000 0.00000000 0.00000000 0.00000000 0.00000000 0.00000000 0.00000000 0.00000000 0.00000000 0.00000000 0.00000000 0.00000000 0.00000000 -5.21524175 0.00000000 0.00000000 -27.77188362 0.00000000 0.00000000 32.98712536 0.00000000 0.00000000 0.00000000 0.00000000 0.00000000 29.75330275 0.00000000 0.00000000 -35.49487496 0.00000000 0.00000000 5.74157221 0.00000000 0.00000000 0.00000000 0.00000000 0.00000000 0.00000000 3.41044385 0.00000000 0.00000000 0.00000000 0.00000000 -5.03628502 0.00000000 0.00000000 35.49487496 0.00000000 0.00000000 -30.45858994 0.00000000 0.00000000 0.00000000 0.00000000 0.00000000 -32.44234663 0.00000000 0.00000000 27.77188362 0.00000000 0.00000000 4.67046302 0.00000000 0.00000000 0.00000000 0.00000000 0.00000000
0.00000000 0.53136143 4.68000000 0.00000000 0.00000000 0.00000000 0.00000000 0.00000000 0.00000000 0.00000000 0.00000000 0.00000000 0.00000000 0.00000000 0.00000000 0.00000000 0.00000000 0.00000000 0.00000000 0.00000000 0.00000000 -3.18035947 0.00000000 0.00000000 -28.59962231 0.00000000 0.00000000 31.77998178 0.00000000 0.00000000 0.00000000 0.00000000 0.00000000 31.22356241 0.00000000 0.00000000 -33.77920894 0.00000000 0.00000000 2.55564653 0.00000000 0.00000000 0.00000000 0.00000000 0.00000000 0.00000000 -1.14177622 0.00000000 0.00000000 0.00000000 0.00000000 -1.88656051 0.00000000 0.00000000 33.77920894 0.00000000 0.00000000 -31.89264843 0.00000000 0.00000000 0.00000000 0.00000000 0.00000000 -31.21828205 0.00000000 0.00000000 28.59962231 0.00000000 0.00000000 2.61865974 0.00000000 0.00000000 0.00000000 0.00000000 0.00000000
0.00000000 0.53118447 4.70000000 0.00000000 0.00000000 0.00000000 0.00000000 0.00000000 0.00000000 0.00000000 0.00000000 0.00000000 0.00000000 0.00000000 0.00000000 0.00000000 0.00000000 0.00000000 0.00000000 0.00000000 0.00000000 1.32432804 0.00000000 0.00000000 -33.32306203 0.00000000 0.00000000 31.99873399 0.00000000 0.00000000 0.00000000 0.00000000 0.00000000 31.34880079 0.00000000 0.00000000 -29.52072703 0.00000000 0.00000000 -1.82807376 0.00000000 0.00000000 0.00000000 0.00000000 0.00000000 0.00000000 -5.63465114 0.00000000 0.00000000 0.00000000 0.00000000 2.40867657 0.00000000 0.00000000 29.52072703 0.00000000 0.00000000 -31.92940360 0.00000000 0.00000000 0.00000000 0.00000000 0.00000000 -31.33921687 0.00000000 0.00000000 33.32306203 0.00000000 0.00000000 -1.98384516 0.00000000 0.00000000 0.00000000 0.00000000 0.00000000
0.00000000 0.53329125 4.72000000 0.00000000 0.00000000 0.00000000 0.00000000 0.00000000 0.00000000 0.00000000 0.00000000 0.00000000 0.00000000 0.00000000 0.00000000 0.00000000 0.00000000 0.00000000 0.00000000 0.00000000 0.00000000 4.62547717 0.00000000 0.00000000 -35.37297552 0.00000000 0.00000000 30.74749834 0.00000000 0.00000000 0.00000000 0.00000000 0.00000000 31.70070896 0.00000000 0.00000000 -26.56547291 0.00000000 0.00000000 -5.13523604 0.00000000 0.00000000 0.00000000 0.00000000 0.00000000 0.00000000 -9.83465849 0.00000000 0.00000000 0.00000000 0.00000000 5.65546022 0.00000000 0.00000000 26.56547291 0.00000000 0.00000000 -32.22093313 0.00000000 0.00000000 0.00000000 0.00000000 0.00000000 -30.04479452 0.00000000 0.00000000 35.37297552 0.00000000 0.00000000 -5.32818099 0.00000000 0.00000000 0.00000000 0.00000000 0.00000000
0.00000000 0.53724948 4.74000000 0.00000000 0.00000000 0.00000000 0.00000000 0.00000000 0.00000000 0.00000000 0.00000000 0.00000000 0.00000000 0.00000000 0.00000000 0.00000000 0.00000000 0.00000000 0.00000000 0.00000000 0.00000000 7.02610410 0.00000000 0.00000000 -35.45957952 0.00000000 0.00000000 28.43347542 0.00000000 0.00000000 0.00000000 0.00000000 0.00000000 38.88522003 0.00000000 0.00000000 -40.38276502 0.00000000 0.00000000 1.49754499 0.00000000 0.00000000 0.00000000 0.00000000 0.00000000 0.00000000 -13.52349801 0.00000000 0.00000000 0.00000000 0.00000000 -0.68713701 0.00000000 0.00000000 40.38276502 0.00000000 0.00000000 -39.69562801 0.00000000 0.00000000 0.00000000 0.00000000 0.00000000 -27.72893641 0.00000000 0.00000000 35.45957952 0.00000000 0.00000000 -7.73064311 0.00000000 0.00000000 0.00000000 0.00000000 0.00000000
0.00000000 0.54224689 4.76000000 0.00000000 0.00000000 0.00000000 0.00000000 0.00000000 0.00000000 0.00000000 0.00000000 0.00000000 0.00000000 0.00000000 0.00000000 0.00000000 0.00000000 0.00000000 0.00000000 0.00000000 0.00000000 8.76761271 0.00000000 0.00000000 -34.17128140 0.00000000 0.00000000 25.40366869 0.00000000 0.00000000 0.00000000 0.00000000 0.00000000 47.09488169 0.00000000 0.00000000 -59.17765384 0.00000000 0.00000000 12.08277215 0.00000000 0.00000000 0.00000000 0.00000000 0.00000000 0.00000000 -16.50943794 0.00000000 0.00000000 0.00000000 0.00000000 -10.83152358 0.00000000 0.00000000 59.17765384 0.00000000 0.00000000 -48.34613026 0.00000000 0.00000000 0.00000000 0.00000000 0.00000000 -24.72633941 0.00000000 0.00000000 34.17128140 0.00000000 0.00000000 -9.44494198 0.00000000 0.00000000 0.00000000 0.00000000 0.00000000
0.00000000 0.54725802 4.78000000 0.00000000 0.00000000 0.00000000 0.00000000 0.00000000 0.00000000 0.00000000 0.00000000 0.00000000 0.00000000 0.00000000 0.00000000 0.00000000 0.00000000 0.00000000 0.00000000 0.00000000 0.00000000 10.13333177 0.00000000 0.00000000 -32.15738987 0.00000000 0.00000000 22.02405810 0.00000000 0.00000000 0.00000000 0.00000000 0.00000000 52.82701981 0.00000000 0.00000000 -76.46450359 0.00000000 0.00000000 23.63748378 0.00000000 0.00000000 0.00000000 0.00000000 0.00000000 0.00000000 -18.63728058 0.00000000 0.00000000 0.00000000 0.00000000 -21.90147893 0.00000000 0.00000000 76.46450359 0.00000000 0.00000000 -54.56302466 0.00000000 0.00000000 0.00000000 0.00000000 0.00000000 -21.38889155 0.00000000 0.00000000 32.15738987 0.00000000 0.00000000 -10.76849832 0.00000000 0.00000000 0.00000000 0.00000000 0.00000000
0.00000000 0.55125455 4.80000000 0.00000000 0.00000000 0.00000000 0.00000000 0.00000000 0.00000000 0.00000000 0.00000000 0.00000000 0.00000000 0.00000000 0.00000000 0.00000000 0.00000000 0.00000000 0.00000000 0.00000000 0.00000000 11.47488104 0.00000000 0.00000000 -30.16594764 0.00000000 0.00000000 18.69106660 0.00000000 0.00000000 0.00000000 0.00000000 0.00000000 54.29290078 0.00000000 0.00000000 -89.55398107 0.00000000 0.00000000 35.26108029 0.00000000 0.00000000 0.00000000 0.00000000 0.00000000 0.00000000 -19.79642884 0.00000000 0.00000000 0.00000000 0.00000000 -33.07474994 0.00000000 0.00000000 89.55398107 0.00000000 0.00000000 -56.47923113 0.00000000 0.00000000 0.00000000 0.00000000 0.00000000 -18.09717486 0.00000000 0.00000000 30.16594764 0.00000000 0.00000000 -12.06877278 0.00000000 0.00000000 0.00000000 0.00000000 0.00000000
