HIERARCHY
ROOT pelvis
{
  OFFSET 0.00000000 0.00000000 0.00000000
  CHANNELS 6 Xposition Yposition Zposition Xrotation Yrotation Zrotation
  JOINT spine
  {
    OFFSET 0.00000000 0.16000000 0.00000000
    CHANNELS 3 Xrotation Yrotation Zrotation
    JOINT chest
    {
      OFFSET 0.00000000 0.21000000 0.00000000
      CHANNELS 3 Xrotation Yrotation Zrotation
      JOINT neck
      {
        OFFSET 0.00000000 0.17000000 0.00000000
        CHANNELS 3 Xrotation Yrotation Zrotation
        JOINT head
        {
          OFFSET 0.00000000 0.12000000 0.00000000
          CHANNELS 3 Xrotation Yrotation Zrotation
          JOINT head_tip
          {
            OFFSET 0.00000000 0.16000000 0.00000000
            CHANNELS 3 Xrotation Yrotation Zrotation
            End Site
            {
              OFFSET 0 0 0
            }
          }
        }
      }
      JOINT left_shoulder
      {
        OFFSET -0.18500000 0.10500000 0.00000000
        CHANNELS 3 Xrotation Yrotation Zrotation
        JOINT left_elbow
        {
          OFFSET 0.00000000 -0.28500000 0.00000000
          CHANNELS 3 Xrotation Yrotation Zrotation
          JOINT left_wrist
          {
            OFFSET 0.00000000 -0.25500000 0.00000000
            CHANNELS 3 Xrotation Yrotation Zrotation
            JOINT left_hand
            {
              OFFSET 0.00000000 -0.11500000 0.00000000
              CHANNELS 3 Xrotation Yrotation Zrotation
              End Site
              {
                OFFSET 0 0 0
              }
            }
          }
        }
      }
      JOINT right_shoulder
      {
        OFFSET 0.18500000 0.10500000 0.00000000
        CHANNELS 3 Xrotation Yrotation Zrotation
        JOINT right_elbow
        {
          OFFSET 0.00000000 -0.28500000 0.00000000
          CHANNELS 3 Xrotation Yrotation Zrotation
          JOINT right_wrist
          {
            OFFSET 0.00000000 -0.25500000 0.00000000
            CHANNELS 3 Xrotation Yrotation Zrotation
            JOINT right_hand
            {
              OFFSET 0.00000000 -0.11500000 0.00000000
              CHANNELS 3 Xrotation Yrotation Zrotation
              End Site
              {
                OFFSET 0 0 0
              }
            }
          }
        }
      }
    }
  }
  JOINT left_hip
  {
    OFFSET -0.10000000 0.00000000 0.00000000
    CHANNELS 3 Xrotation Yrotation Zrotation
    JOINT left_knee
    {
      OFFSET 0.00000000 -0.43000000 0.00000000
      CHANNELS 3 Xrotation Yrotation Zrotation
      JOINT left_ankle
      {
        OFFSET 0.00000000 -0.43000000 0.00000000
        CHANNELS 3 Xrotation Yrotation Zrotation
        JOINT left_toe
        {
          OFFSET 0.00000000 -0.04500000 0.15000000
          CHANNELS 3 Xrotation Yrotation Zrotation
          End Site
          {
            OFFSET 0 0 0
          }
        }
      }
    }
  }
  JOINT right_hip
  {
    OFFSET 0.10000000 0.00000000 0.00000000
    CHANNELS 3 Xrotation Yrotation Zrotation
    JOINT right_knee
    {
      OFFSET 0.00000000 -0.43000000 0.00000000
      CHANNELS 3 Xrotation Yrotation Zrotation
      JOINT right_ankle
      {
        OFFSET 0.00000000 -0.43000000 0.00000000
        CHANNELS 3 Xrotation Yrotation Zrotation
        JOINT right_toe
        {
          OFFSET 0.00000000 -0.04500000 0.15000000
          CHANNELS 3 Xrotation Yrotation Zrotation
          End Site
          {
            OFFSET 0 0 0
          }
        }
      }
    }
  }
}
MOTION
Frames: 241
Frame Time: 0.0166666667
0.00000000 0.86852019 0.00000000 0.00000000 0.00000000 0.00000000 0.00000000 0.00000000 0.00000000 0.00000000 0.00000000 0.00000000 0.00000000 0.00000000 0.00000000 0.00000000 0.00000000 0.00000000 0.00000000 0.00000000 0.00000000 0.00000000 0.00000000 0.00000000 -12.00000000 0.00000000 0.00000000 0.00000000 0.00000000 0.00000000 0.00000000 0.00000000 0.00000000 0.00000000 0.00000000 0.00000000 -12.00000000 0.00000000 0.00000000 0.00000000 0.00000000 0.00000000 0.00000000 0.00000000 0.00000000 -30.25492126 0.00000000 0.00000000 23.58485608 0.00000000 0.00000000 6.67006518 0.00000000 0.00000000 0.00000000 0.00000000 0.00000000 -7.03821077 0.00000000 0.00000000 37.20581863 0.00000000 0.00000000 -30.16760786 0.00000000 0.00000000 0.00000000 0.00000000 0.00000000
0.00000000 0.86477581 0.02000000 0.00000000 0.00000000 0.00000000 0.00000000 0.00000000 0.00000000 0.00000000 0.00000000 0.00000000 0.00000000 0.00000000 0.00000000 0.00000000 0.00000000 0.00000000 0.00000000 0.00000000 0.00000000 2.47521985 0.00000000 0.00000000 -12.00000000 0.00000000 0.00000000 0.00000000 0.00000000 0.00000000 0.00000000 0.00000000 0.00000000 -2.47521985 0.00000000 0.00000000 -12.00000000 0.00000000 0.00000000 0.00000000 0.00000000 0.00000000 0.00000000 0.00000000 0.00000000 -31.85793709 0.00000000 0.00000000 29.24013102 0.00000000 0.00000000 2.61780607 0.00000000 0.00000000 0.00000000 0.00000000 0.00000000 -5.48432331 0.00000000 0.00000000 36.95653846 0.00000000 0.00000000 -31.47221516 0.00000000 0.00000000 0.00000000 0.00000000 0.00000000
0.00000000 0.86274047 0.04000000 0.00000000 0.00000000 0.00000000 0.00000000 0.00000000 0.00000000 0.00000000 0.00000000 0.00000000 0.00000000 0.00000000 0.00000000 0.00000000 0.00000000 0.00000000 0.00000000 0.00000000 0.00000000 4.89768469 0.00000000 0.00000000 -12.00000000 0.00000000 0.00000000 0.00000000 0.00000000 0.00000000 0.00000000 0.00000000 0.00000000 -4.89768469 0.00000000 0.00000000 -12.00000000 0.00000000 0.00000000 0.00000000 0.00000000 0.00000000 0.00000000 0.00000000 0.00000000 -32.47434591 0.00000000 0.00000000 33.04417233 0.00000000 0.00000000 -0.56982642 0.00000000 0.00000000 0.00000000 0.00000000 0.00000000 -3.49929112 0.00000000 0.00000000 35.77943894 0.00000000 0.00000000 -32.28014782 0.00000000 0.00000000 0.00000000 0.00000000 0.00000000
0.00000000 0.86258677 0.06000000 0.00000000 0.00000000 0.00000000 0.00000000 0.00000000 0.00000000 0.00000000 0.00000000 0.00000000 0.00000000 0.00000000 0.00000000 0.00000000 0.00000000 0.00000000 0.00000000 0.00000000 0.00000000 7.21576388 0.00000000 0.00000000 -12.00000000 0.00000000 0.00000000 0.00000000 0.00000000 0.00000000 0.00000000 0.00000000 0.00000000 -7.21576388 0.00000000 0.00000000 -12.00000000 0.00000000 0.00000000 0.00000000 0.00000000 0.00000000 0.00000000 0.00000000 0.00000000 -32.35759954 0.00000000 0.00000000 35.49534996 0.00000000 0.00000000 -3.13775042 0.00000000 0.00000000 0.00000000 0.00000000 0.00000000 -1.01864959 0.00000000 0.00000000 33.51954146 0.00000000 0.00000000 -32.50089186 0.00000000 0.00000000 0.00000000 0.00000000 0.00000000
0.00000000 0.86432774 0.08000000 0.00000000 0.00000000 0.00000000 0.00000000 0.00000000 0.00000000 0.00000000 0.00000000 0.00000000 0.00000000 0.00000000 0.00000000 0.00000000 0.00000000 0.00000000 0.00000000 0.00000000 0.00000000 9.38005159 0.00000000 0.00000000 -12.00000000 0.00000000 0.00000000 0.00000000 0.00000000 0.00000000 0.00000000 0.00000000 0.00000000 -9.38005159 0.00000000 0.00000000 -12.00000000 0.00000000 0.00000000 0.00000000 0.00000000 0.00000000 0.00000000 0.00000000 0.00000000 -31.63733572 0.00000000 0.00000000 36.83473168 0.00000000 0.00000000 -5.19739596 0.00000000 0.00000000 0.00000000 0.00000000 0.00000000 2.05856537 0.00000000 0.00000000 29.95536922 0.00000000 0.00000000 -32.01393458 0.00000000 0.00000000 0.00000000 0.00000000 0.00000000
0.00000000 0.86781576 0.10000000 0.00000000 0.00000000 0.00000000 0.00000000 0.00000000 0.00000000 0.00000000 0.00000000 0.00000000 0.00000000 0.00000000 0.00000000 0.00000000 0.00000000 0.00000000 0.00000000 0.00000000 0.00000000 11.34441979 0.00000000 0.00000000 -12.00000000 0.00000000 0.00000000 0.00000000 0.00000000 0.00000000 0.00000000 0.00000000 0.00000000 -11.34441979 0.00000000 0.00000000 -12.00000000 0.00000000 0.00000000 0.00000000 0.00000000 0.00000000 0.00000000 0.00000000 0.00000000 -30.40670242 0.00000000 0.00000000 37.22336858 0.00000000 0.00000000 -6.81666616 0.00000000 0.00000000 0.00000000 0.00000000 0.00000000 5.94357762 0.00000000 0.00000000 24.65427052 0.00000000 0.00000000 -30.59784814 0.00000000 0.00000000 0.00000000 0.00000000 0.00000000
0.00000000 0.87275504 0.12000000 0.00000000 0.00000000 0.00000000 0.00000000 0.00000000 0.00000000 0.00000000 0.00000000 0.00000000 0.00000000 0.00000000 0.00000000 0.00000000 0.00000000 0.00000000 0.00000000 0.00000000 0.00000000 13.06700138 0.00000000 0.00000000 -12.00000000 0.00000000 0.00000000 0.00000000 0.00000000 0.00000000 0.00000000 0.00000000 0.00000000 -13.06700138 0.00000000 0.00000000 -12.00000000 0.00000000 0.00000000 0.00000000 0.00000000 0.00000000 0.00000000 0.00000000 0.00000000 -28.74979095 0.00000000 0.00000000 36.80083935 0.00000000 0.00000000 -8.05104840 0.00000000 0.00000000 0.00000000 0.00000000 0.00000000 9.08015283 0.00000000 0.00000000 19.99397236 0.00000000 0.00000000 -29.07412519 0.00000000 0.00000000 0.00000000 0.00000000 0.00000000
0.00000000 0.87872674 0.14000000 0.00000000 0.00000000 0.00000000 0.00000000 0.00000000 0.00000000 0.00000000 0.00000000 0.00000000 0.00000000 0.00000000 0.00000000 0.00000000 0.00000000 0.00000000 0.00000000 0.00000000 0.00000000 14.51108251 0.00000000 0.00000000 -12.00000000 0.00000000 0.00000000 0.00000000 0.00000000 0.00000000 0.00000000 0.00000000 0.00000000 -14.51108251 0.00000000 0.00000000 -12.00000000 0.00000000 0.00000000 0.00000000 0.00000000 0.00000000 0.00000000 0.00000000 0.00000000 -26.75258484 0.00000000 0.00000000 35.71114817 0.00000000 0.00000000 -8.95856333 0.00000000 0.00000000 0.00000000 0.00000000 0.00000000 7.61442582 0.00000000 0.00000000 22.56468979 0.00000000 0.00000000 -30.17911561 0.00000000 0.00000000 0.00000000 0.00000000 0.00000000
0.00000000 0.88522446 0.16000000 0.00000000 0.00000000 0.00000000 0.00000000 0.00000000 0.00000000 0.00000000 0.00000000 0.00000000 0.00000000 0.00000000 0.00000000 0.00000000 0.00000000 0.00000000 0.00000000 0.00000000 0.00000000 15.64588512 0.00000000 0.00000000 -12.00000000 0.00000000 0.00000000 0.00000000 0.00000000 0.00000000 0.00000000 0.00000000 0.00000000 -15.64588512 0.00000000 0.00000000 -12.00000000 0.00000000 0.00000000 0.00000000 0.00000000 0.00000000 0.00000000 0.00000000 0.00000000 -24.50841328 0.00000000 0.00000000 34.11719565 0.00000000 0.00000000 -9.60878238 0.00000000 0.00000000 0.00000000 0.00000000 0.00000000 2.88518632 0.00000000 0.00000000 29.90115336 0.00000000 0.00000000 -32.78633968 0.00000000 0.00000000 0.00000000 0.00000000 0.00000000
0.00000000 0.89169720 0.18000000 0.00000000 0.00000000 0.00000000 0.00000000 0.00000000 0.00000000 0.00000000 0.00000000 0.00000000 0.00000000 0.00000000 0.00000000 0.00000000 0.00000000 0.00000000 0.00000000 0.00000000 0.00000000 16.44722285 0.00000000 0.00000000 -12.00000000 0.00000000 0.00000000 0.00000000 0.00000000 0.00000000 0.00000000 0.00000000 0.00000000 -16.44722285 0.00000000 0.00000000 -12.00000000 0.00000000 0.00000000 0.00000000 0.00000000 0.00000000 0.00000000 0.00000000 0.00000000 -22.12157363 0.00000000 0.00000000 32.21057610 0.00000000 0.00000000 -10.08900247 0.00000000 0.00000000 0.00000000 0.00000000 0.00000000 -3.23739872 0.00000000 0.00000000 38.38089270 0.00000000 0.00000000 -35.14349398 0.00000000 0.00000000 0.00000000 0.00000000 0.00000000
0.00000000 0.89759609 0.20000000 0.00000000 0.00000000 0.00000000 0.00000000 0.00000000 0.00000000 0.00000000 0.00000000 0.00000000 0.00000000 0.00000000 0.00000000 0.00000000 0.00000000 0.00000000 0.00000000 0.00000000 0.00000000 16.89801658 0.00000000 0.00000000 -12.00000000 0.00000000 0.00000000 0.00000000 0.00000000 0.00000000 0.00000000 0.00000000 0.00000000 -16.89801658 0.00000000 0.00000000 -12.00000000 0.00000000 0.00000000 0.00000000 0.00000000 0.00000000 0.00000000 0.00000000 0.00000000 -19.70983321 0.00000000 0.00000000 30.21785055 0.00000000 0.00000000 -10.50801734 0.00000000 0.00000000 0.00000000 0.00000000 0.00000000 -9.84376918 0.00000000 0.00000000 46.25705690 0.00000000 0.00000000 -36.41328773 0.00000000 0.00000000 0.00000000 0.00000000 0.00000000
0.00000000 0.90242091 0.22000000 0.00000000 0.00000000 0.00000000 0.00000000 0.00000000 0.00000000 0.00000000 0.00000000 0.00000000 0.00000000 0.00000000 0.00000000 0.00000000 0.00000000 0.00000000 0.00000000 0.00000000 0.00000000 16.98865842 0.00000000 0.00000000 -12.00000000 0.00000000 0.00000000 0.00000000 0.00000000 0.00000000 0.00000000 0.00000000 0.00000000 -16.98865842 0.00000000 0.00000000 -12.00000000 0.00000000 0.00000000 0.00000000 0.00000000 0.00000000 0.00000000 0.00000000 0.00000000 -17.40380779 0.00000000 0.00000000 28.39932052 0.00000000 0.00000000 -10.99551273 0.00000000 0.00000000 0.00000000 0.00000000 0.00000000 -16.44511456 0.00000000 0.00000000 52.66683390 0.00000000 0.00000000 -36.22171934 0.00000000 0.00000000 0.00000000 0.00000000 0.00000000
0.00000000 0.90576251 0.24000000 0.00000000 0.00000000 0.00000000 0.00000000 0.00000000 0.00000000 0.00000000 0.00000000 0.00000000 0.00000000 0.00000000 0.00000000 0.00000000 0.00000000 0.00000000 0.00000000 0.00000000 0.00000000 16.71721651 0.00000000 0.00000000 -12.00000000 0.00000000 0.00000000 0.00000000 0.00000000 0.00000000 0.00000000 0.00000000 0.00000000 -16.71721651 0.00000000 0.00000000 -12.00000000 0.00000000 0.00000000 0.00000000 0.00000000 0.00000000 0.00000000 0.00000000 0.00000000 -15.33790402 0.00000000 0.00000000 27.02990764 0.00000000 0.00000000 -11.69200362 0.00000000 0.00000000 0.00000000 0.00000000 0.00000000 -22.65333847 0.00000000 0.00000000 57.07807224 0.00000000 0.00000000 -34.42473377 0.00000000 0.00000000 0.00000000 0.00000000 0.00000000
0.00000000 0.90733754 0.26000000 0.00000000 0.00000000 0.00000000 0.00000000 0.00000000 0.00000000 0.00000000 0.00000000 0.00000000 0.00000000 0.00000000 0.00000000 0.00000000 0.00000000 0.00000000 0.00000000 0.00000000 0.00000000 16.08947614 0.00000000 0.00000000 -12.00000000 0.00000000 0.00000000 0.00000000 0.00000000 0.00000000 0.00000000 0.00000000 0.00000000 -16.08947614 0.00000000 0.00000000 -12.00000000 0.00000000 0.00000000 0.00000000 0.00000000 0.00000000 0.00000000 0.00000000 0.00000000 -13.62657928 0.00000000 0.00000000 26.34995214 0.00000000 0.00000000 -12.72337287 0.00000000 0.00000000 0.00000000 0.00000000 0.00000000 -28.08563319 0.00000000 0.00000000 59.14971246 0.00000000 0.00000000 -31.06407927 0.00000000 0.00000000 0.00000000 0.00000000 0.00000000
0.00000000 0.90701242 0.28000000 0.00000000 0.00000000 0.00000000 0.00000000 0.00000000 0.00000000 0.00000000 0.00000000 0.00000000 0.00000000 0.00000000 0.00000000 0.00000000 0.00000000 0.00000000 0.00000000 0.00000000 0.00000000 15.11881653 0.00000000 0.00000000 -12.00000000 0.00000000 0.00000000 0.00000000 0.00000000 0.00000000 0.00000000 0.00000000 0.00000000 -15.11881653 0.00000000 0.00000000 -12.00000000 0.00000000 0.00000000 0.00000000 0.00000000 0.00000000 0.00000000 0.00000000 0.00000000 -12.32888216 0.00000000 0.00000000 26.49214059 0.00000000 0.00000000 -14.16325843 0.00000000 0.00000000 0.00000000 0.00000000 0.00000000 -32.37216646 0.00000000 0.00000000 58.72157485 0.00000000 0.00000000 -26.34940839 0.00000000 0.00000000 0.00000000 0.00000000 0.00000000
0.00000000 0.90481474 0.30000000 0.00000000 0.00000000 0.00000000 0.00000000 0.00000000 0.00000000 0.00000000 0.00000000 0.00000000 0.00000000 0.00000000 0.00000000 0.00000000 0.00000000 0.00000000 0.00000000 0.00000000 0.00000000 13.82592559 0.00000000 0.00000000 -12.00000000 0.00000000 0.00000000 0.00000000 0.00000000 0.00000000 0.00000000 0.00000000 0.00000000 -13.82592559 0.00000000 0.00000000 -12.00000000 0.00000000 0.00000000 0.00000000 0.00000000 0.00000000 0.00000000 0.00000000 0.00000000 -11.42283287 0.00000000 0.00000000 27.42790137 0.00000000 0.00000000 -16.00506850 0.00000000 0.00000000 0.00000000 0.00000000 0.00000000 -35.21678061 0.00000000 0.00000000 55.82688584 0.00000000 0.00000000 -20.61010523 0.00000000 0.00000000 0.00000000 0.00000000 0.00000000
0.00000000 0.90093086 0.32000000 0.00000000 0.00000000 0.00000000 0.00000000 0.00000000 0.00000000 0.00000000 0.00000000 0.00000000 0.00000000 0.00000000 0.00000000 0.00000000 0.00000000 0.00000000 0.00000000 0.00000000 0.00000000 12.23835905 0.00000000 0.00000000 -12.00000000 0.00000000 0.00000000 0.00000000 0.00000000 0.00000000 0.00000000 0.00000000 0.00000000 -12.23835905 0.00000000 0.00000000 -12.00000000 0.00000000 0.00000000 0.00000000 0.00000000 0.00000000 0.00000000 0.00000000 0.00000000 -10.81281255 0.00000000 0.00000000 28.97977001 0.00000000 0.00000000 -18.16695746 0.00000000 0.00000000 0.00000000 0.00000000 0.00000000 -36.46337657 0.00000000 0.00000000 50.68885777 0.00000000 0.00000000 -14.22548120 0.00000000 0.00000000 0.00000000 0.00000000 0.00000000
0.00000000 0.89569011 0.34000000 0.00000000 0.00000000 0.00000000 0.00000000 0.00000000 0.00000000 0.00000000 0.00000000 0.00000000 0.00000000 0.00000000 0.00000000 0.00000000 0.00000000 0.00000000 0.00000000 0.00000000 0.00000000 10.38995314 0.00000000 0.00000000 -12.00000000 0.00000000 0.00000000 0.00000000 0.00000000 0.00000000 0.00000000 0.00000000 0.00000000 -10.38995314 0.00000000 0.00000000 -12.00000000 0.00000000 0.00000000 0.00000000 0.00000000 0.00000000 0.00000000 0.00000000 0.00000000 -10.36409356 0.00000000 0.00000000 30.88813586 0.00000000 0.00000000 -20.52404230 0.00000000 0.00000000 0.00000000 0.00000000 0.00000000 -36.13200034 0.00000000 0.00000000 43.70908051 0.00000000 0.00000000 -7.57708017 0.00000000 0.00000000 0.00000000 0.00000000 0.00000000
0.00000000 0.88953692 0.36000000 0.00000000 0.00000000 0.00000000 0.00000000 0.00000000 0.00000000 0.00000000 0.00000000 0.00000000 0.00000000 0.00000000 0.00000000 0.00000000 0.00000000 0.00000000 0.00000000 0.00000000 0.00000000 8.32010341 0.00000000 0.00000000 -12.00000000 0.00000000 0.00000000 0.00000000 0.00000000 0.00000000 0.00000000 0.00000000 0.00000000 -8.32010341 0.00000000 0.00000000 -12.00000000 0.00000000 0.00000000 0.00000000 0.00000000 0.00000000 0.00000000 0.00000000 0.00000000 -9.93783711 0.00000000 0.00000000 32.87920275 0.00000000 0.00000000 -22.94136564 0.00000000 0.00000000 0.00000000 0.00000000 0.00000000 -34.43524107 0.00000000 0.00000000 35.50436749 0.00000000 0.00000000 -1.06912642 0.00000000 0.00000000 0.00000000 0.00000000 0.00000000
0.00000000 0.88299305 0.38000000 0.00000000 0.00000000 0.00000000 0.00000000 0.00000000 0.00000000 0.00000000 0.00000000 0.00000000 0.00000000 0.00000000 0.00000000 0.00000000 0.00000000 0.00000000 0.00000000 0.00000000 0.00000000 6.07292513 0.00000000 0.00000000 -12.00000000 0.00000000 0.00000000 0.00000000 0.00000000 0.00000000 0.00000000 0.00000000 0.00000000 -6.07292513 0.00000000 0.00000000 -12.00000000 0.00000000 0.00000000 0.00000000 0.00000000 0.00000000 0.00000000 0.00000000 0.00000000 -9.41093351 0.00000000 0.00000000 34.70315703 0.00000000 0.00000000 -25.29222353 0.00000000 0.00000000 0.00000000 0.00000000 0.00000000 -31.86133356 0.00000000 0.00000000 27.14124127 0.00000000 0.00000000 4.72009229 0.00000000 0.00000000 0.00000000 0.00000000 0.00000000
0.00000000 0.87661344 0.40000000 0.00000000 0.00000000 0.00000000 0.00000000 0.00000000 0.00000000 0.00000000 0.00000000 0.00000000 0.00000000 0.00000000 0.00000000 0.00000000 0.00000000 0.00000000 0.00000000 0.00000000 0.00000000 3.69631298 0.00000000 0.00000000 -12.00000000 0.00000000 0.00000000 0.00000000 0.00000000 0.00000000 0.00000000 0.00000000 0.00000000 -3.69631298 0.00000000 0.00000000 -12.00000000 0.00000000 0.00000000 0.00000000 0.00000000 0.00000000 0.00000000 0.00000000 0.00000000 -8.68211085 0.00000000 0.00000000 36.14569384 0.00000000 0.00000000 -27.46358299 0.00000000 0.00000000 0.00000000 0.00000000 0.00000000 -29.52321015 0.00000000 0.00000000 20.92391823 0.00000000 0.00000000 8.59929192 0.00000000 0.00000000 0.00000000 0.00000000 0.00000000
0.00000000 0.87093905 0.42000000 0.00000000 0.00000000 0.00000000 0.00000000 0.00000000 0.00000000 0.00000000 0.00000000 0.00000000 0.00000000 0.00000000 0.00000000 0.00000000 0.00000000 0.00000000 0.00000000 0.00000000 0.00000000 1.24092035 0.00000000 0.00000000 -12.00000000 0.00000000 0.00000000 0.00000000 0.00000000 0.00000000 0.00000000 0.00000000 0.00000000 -1.24092035 0.00000000 0.00000000 -12.00000000 0.00000000 0.00000000 0.00000000 0.00000000 0.00000000 0.00000000 0.00000000 0.00000000 -7.67064585 0.00000000 0.00000000 37.02586242 0.00000000 0.00000000 -29.35521656 0.00000000 0.00000000 0.00000000 0.00000000 0.00000000 -29.34474532 0.00000000 0.00000000 20.85172071 0.00000000 0.00000000 8.49302461 0.00000000 0.00000000 0.00000000 0.00000000 0.00000000
0.00000000 0.86645108 0.44000000 0.00000000 0.00000000 0.00000000 0.00000000 0.00000000 0.00000000 0.00000000 0.00000000 0.00000000 0.00000000 0.00000000 0.00000000 0.00000000 0.00000000 0.00000000 0.00000000 0.00000000 0.00000000 -1.24092035 0.00000000 0.00000000 -12.00000000 0.00000000 0.00000000 0.00000000 0.00000000 0.00000000 0.00000000 0.00000000 0.00000000 1.24092035 0.00000000 0.00000000 -12.00000000 0.00000000 0.00000000 0.00000000 0.00000000 0.00000000 0.00000000 0.00000000 0.00000000 -6.31169182 0.00000000 0.00000000 37.18843745 0.00000000 0.00000000 -30.87674564 0.00000000 0.00000000 0.00000000 0.00000000 0.00000000 -31.20628724 0.00000000 0.00000000 26.69684884 0.00000000 0.00000000 4.50943840 0.00000000 0.00000000 0.00000000 0.00000000 0.00000000
0.00000000 0.86353009 0.46000000 0.00000000 0.00000000 0.00000000 0.00000000 0.00000000 0.00000000 0.00000000 0.00000000 0.00000000 0.00000000 0.00000000 0.00000000 0.00000000 0.00000000 0.00000000 0.00000000 0.00000000 0.00000000 -3.69631298 0.00000000 0.00000000 -12.00000000 0.00000000 0.00000000 0.00000000 0.00000000 0.00000000 0.00000000 0.00000000 0.00000000 3.69631298 0.00000000 0.00000000 -12.00000000 0.00000000 0.00000000 0.00000000 0.00000000 0.00000000 0.00000000 0.00000000 0.00000000 -4.54929313 0.00000000 0.00000000 36.49289080 0.00000000 0.00000000 -31.94359767 0.00000000 0.00000000 0.00000000 0.00000000 0.00000000 -32.26884012 0.00000000 0.00000000 31.33258674 0.00000000 0.00000000 0.93625338 0.00000000 0.00000000 0.00000000 0.00000000 0.00000000
0.00000000 0.86242378 0.48000000 0.00000000 0.00000000 0.00000000 0.00000000 0.00000000 0.00000000 0.00000000 0.00000000 0.00000000 0.00000000 0.00000000 0.00000000 0.00000000 0.00000000 0.00000000 0.00000000 0.00000000 0.00000000 -6.07292513 0.00000000 0.00000000 -12.00000000 0.00000000 0.00000000 0.00000000 0.00000000 0.00000000 0.00000000 0.00000000 0.00000000 6.07292513 0.00000000 0.00000000 -12.00000000 0.00000000 0.00000000 0.00000000 0.00000000 0.00000000 0.00000000 0.00000000 0.00000000 -2.32589067 0.00000000 0.00000000 34.79619191 0.00000000 0.00000000 -32.47030124 0.00000000 0.00000000 0.00000000 0.00000000 0.00000000 -32.49812876 0.00000000 0.00000000 34.42082793 0.00000000 0.00000000 -1.92269917 0.00000000 0.00000000 0.00000000 0.00000000 0.00000000
0.00000000 0.86322597 0.50000000 0.00000000 0.00000000 0.00000000 0.00000000 0.00000000 0.00000000 0.00000000 0.00000000 0.00000000 0.00000000 0.00000000 0.00000000 0.00000000 0.00000000 0.00000000 0.00000000 0.00000000 0.00000000 -8.32010341 0.00000000 0.00000000 -12.00000000 0.00000000 0.00000000 0.00000000 0.00000000 0.00000000 0.00000000 0.00000000 0.00000000 8.32010341 0.00000000 0.00000000 -12.00000000 0.00000000 0.00000000 0.00000000 0.00000000 0.00000000 0.00000000 0.00000000 0.00000000 0.43629048 0.00000000 0.00000000 31.91956208 0.00000000 0.00000000 -32.35585256 0.00000000 0.00000000 0.00000000 0.00000000 0.00000000 -32.06667752 0.00000000 0.00000000 36.29300820 0.00000000 0.00000000 -4.22633068 0.00000000 0.00000000 0.00000000 0.00000000 0.00000000
0.00000000 0.86586862 0.52000000 0.00000000 0.00000000 0.00000000 0.00000000 0.00000000 0.00000000 0.00000000 0.00000000 0.00000000 0.00000000 0.00000000 0.00000000 0.00000000 0.00000000 0.00000000 0.00000000 0.00000000 0.00000000 -10.38995314 0.00000000 0.00000000 -12.00000000 0.00000000 0.00000000 0.00000000 0.00000000 0.00000000 0.00000000 0.00000000 0.00000000 10.38995314 0.00000000 0.00000000 -12.00000000 0.00000000 0.00000000 0.00000000 0.00000000 0.00000000 0.00000000 0.00000000 0.00000000 3.87796436 0.00000000 0.00000000 27.56642420 0.00000000 0.00000000 -31.44438856 0.00000000 0.00000000 0.00000000 0.00000000 0.00000000 -31.08051692 0.00000000 0.00000000 37.13905283 0.00000000 0.00000000 -6.05853591 0.00000000 0.00000000 0.00000000 0.00000000 0.00000000
0.00000000 0.87012766 0.54000000 0.00000000 0.00000000 0.00000000 0.00000000 0.00000000 0.00000000 0.00000000 0.00000000 0.00000000 0.00000000 0.00000000 0.00000000 0.00000000 0.00000000 0.00000000 0.00000000 0.00000000 0.00000000 -12.23835905 0.00000000 0.00000000 -12.00000000 0.00000000 0.00000000 0.00000000 0.00000000 0.00000000 0.00000000 0.00000000 0.00000000 12.23835905 0.00000000 0.00000000 -12.00000000 0.00000000 0.00000000 0.00000000 0.00000000 0.00000000 0.00000000 0.00000000 0.00000000 8.02490121 0.00000000 0.00000000 21.55578413 0.00000000 0.00000000 -29.58068534 0.00000000 0.00000000 0.00000000 0.00000000 0.00000000 -29.62627971 0.00000000 0.00000000 37.10480454 0.00000000 0.00000000 -7.47852483 0.00000000 0.00000000 0.00000000 0.00000000 0.00000000
0.00000000 0.87564191 0.56000000 0.00000000 0.00000000 0.00000000 0.00000000 0.00000000 0.00000000 0.00000000 0.00000000 0.00000000 0.00000000 0.00000000 0.00000000 0.00000000 0.00000000 0.00000000 0.00000000 0.00000000 0.00000000 -13.82592559 0.00000000 0.00000000 -12.00000000 0.00000000 0.00000000 0.00000000 0.00000000 0.00000000 0.00000000 0.00000000 0.00000000 13.82592559 0.00000000 0.00000000 -12.00000000 0.00000000 0.00000000 0.00000000 0.00000000 0.00000000 0.00000000 0.00000000 0.00000000 8.90258722 0.00000000 0.00000000 20.40023596 0.00000000 0.00000000 -29.30282318 0.00000000 0.00000000 0.00000000 0.00000000 0.00000000 -27.78811092 0.00000000 0.00000000 36.32978068 0.00000000 0.00000000 -8.54166976 0.00000000 0.00000000 0.00000000 0.00000000 0.00000000
0.00000000 0.88194377 0.58000000 0.00000000 0.00000000 0.00000000 0.00000000 0.00000000 0.00000000 0.00000000 0.00000000 0.00000000 0.00000000 0.00000000 0.00000000 0.00000000 0.00000000 0.00000000 0.00000000 0.00000000 0.00000000 -15.11881653 0.00000000 0.00000000 -12.00000000 0.00000000 0.00000000 0.00000000 0.00000000 0.00000000 0.00000000 0.00000000 0.00000000 15.11881653 0.00000000 0.00000000 -12.00000000 0.00000000 0.00000000 0.00000000 0.00000000 0.00000000 0.00000000 0.00000000 0.00000000 5.51428521 0.00000000 0.00000000 25.91472418 0.00000000 0.00000000 -31.42900939 0.00000000 0.00000000 0.00000000 0.00000000 0.00000000 -25.65514460 0.00000000 0.00000000 34.96599655 0.00000000 0.00000000 -9.31085195 0.00000000 0.00000000 0.00000000 0.00000000 0.00000000
0.00000000 0.88849886 0.60000000 0.00000000 0.00000000 0.00000000 0.00000000 0.00000000 0.00000000 0.00000000 0.00000000 0.00000000 0.00000000 0.00000000 0.00000000 0.00000000 0.00000000 0.00000000 0.00000000 0.00000000 0.00000000 -16.08947614 0.00000000 0.00000000 -12.00000000 0.00000000 0.00000000 0.00000000 0.00000000 0.00000000 0.00000000 0.00000000 0.00000000 16.08947614 0.00000000 0.00000000 -12.00000000 0.00000000 0.00000000 0.00000000 0.00000000 0.00000000 0.00000000 0.00000000 0.00000000 -0.07493510 0.00000000 0.00000000 34.13951102 0.00000000 0.00000000 -34.06457592 0.00000000 0.00000000 0.00000000 0.00000000 0.00000000 -23.32579949 0.00000000 0.00000000 33.18966918 0.00000000 0.00000000 -9.86386969 0.00000000 0.00000000 0.00000000 0.00000000 0.00000000
0.00000000 0.89475131 0.62000000 0.00000000 0.00000000 0.00000000 0.00000000 0.00000000 0.00000000 0.00000000 0.00000000 0.00000000 0.00000000 0.00000000 0.00000000 0.00000000 0.00000000 0.00000000 0.00000000 0.00000000 0.00000000 -16.71721651 0.00000000 0.00000000 -12.00000000 0.00000000 0.00000000 0.00000000 0.00000000 0.00000000 0.00000000 0.00000000 0.00000000 16.71721651 0.00000000 0.00000000 -12.00000000 0.00000000 0.00000000 0.00000000 0.00000000 0.00000000 0.00000000 0.00000000 0.00000000 -6.51517790 0.00000000 0.00000000 42.45945950 0.00000000 0.00000000 -35.94428160 0.00000000 0.00000000 0.00000000 0.00000000 0.00000000 -20.91090615 0.00000000 0.00000000 31.20939597 0.00000000 0.00000000 -10.29848982 0.00000000 0.00000000 0.00000000 0.00000000 0.00000000
0.00000000 0.90017092 0.64000000 0.00000000 0.00000000 0.00000000 0.00000000 0.00000000 0.00000000 0.00000000 0.00000000 0.00000000 0.00000000 0.00000000 0.00000000 0.00000000 0.00000000 0.00000000 0.00000000 0.00000000 0.00000000 -16.98865842 0.00000000 0.00000000 -12.00000000 0.00000000 0.00000000 0.00000000 0.00000000 0.00000000 0.00000000 0.00000000 0.00000000 16.98865842 0.00000000 0.00000000 -12.00000000 0.00000000 0.00000000 0.00000000 0.00000000 0.00000000 0.00000000 0.00000000 0.00000000 -13.16990753 0.00000000 0.00000000 49.68358022 0.00000000 0.00000000 -36.51367269 0.00000000 0.00000000 0.00000000 0.00000000 0.00000000 -18.53509865 0.00000000 0.00000000 29.26956190 0.00000000 0.00000000 -10.73446325 0.00000000 0.00000000 0.00000000 0.00000000 0.00000000
0.00000000 0.90429811 0.66000000 0.00000000 0.00000000 0.00000000 0.00000000 0.00000000 0.00000000 0.00000000 0.00000000 0.00000000 0.00000000 0.00000000 0.00000000 0.00000000 0.00000000 0.00000000 0.00000000 0.00000000 0.00000000 -16.89801658 0.00000000 0.00000000 -12.00000000 0.00000000 0.00000000 0.00000000 0.00000000 0.00000000 0.00000000 0.00000000 0.00000000 16.89801658 0.00000000 0.00000000 -12.00000000 0.00000000 0.00000000 0.00000000 0.00000000 0.00000000 0.00000000 0.00000000 0.00000000 -19.62214253 0.00000000 0.00000000 55.14767370 0.00000000 0.00000000 -35.52553117 0.00000000 0.00000000 0.00000000 0.00000000 0.00000000 -16.33282867 0.00000000 0.00000000 27.64183716 0.00000000 0.00000000 -11.30900849 0.00000000 0.00000000 0.00000000 0.00000000 0.00000000
0.00000000 0.90678290 0.68000000 0.00000000 0.00000000 0.00000000 0.00000000 0.00000000 0.00000000 0.00000000 0.00000000 0.00000000 0.00000000 0.00000000 0.00000000 0.00000000 0.00000000 0.00000000 0.00000000 0.00000000 0.00000000 -16.44722285 0.00000000 0.00000000 -12.00000000 0.00000000 0.00000000 0.00000000 0.00000000 0.00000000 0.00000000 0.00000000 0.00000000 16.44722285 0.00000000 0.00000000 -12.00000000 0.00000000 0.00000000 0.00000000 0.00000000 0.00000000 0.00000000 0.00000000 0.00000000 -25.49045691 0.00000000 0.00000000 58.42077356 0.00000000 0.00000000 -32.93031664 0.00000000 0.00000000 0.00000000 0.00000000 0.00000000 -14.43250689 0.00000000 0.00000000 26.59205816 0.00000000 0.00000000 -12.15955127 0.00000000 0.00000000 0.00000000 0.00000000 0.00000000
0.00000000 0.90741459 0.70000000 0.00000000 0.00000000 0.00000000 0.00000000 0.00000000 0.00000000 0.00000000 0.00000000 0.00000000 0.00000000 0.00000000 0.00000000 0.00000000 0.00000000 0.00000000 0.00000000 0.00000000 0.00000000 -15.64588512 0.00000000 0.00000000 -12.00000000 0.00000000 0.00000000 0.00000000 0.00000000 0.00000000 0.00000000 0.00000000 0.00000000 15.64588512 0.00000000 0.00000000 -12.00000000 0.00000000 0.00000000 0.00000000 0.00000000 0.00000000 0.00000000 0.00000000 0.00000000 -30.39322687 0.00000000 0.00000000 59.25063983 0.00000000 0.00000000 -28.85741296 0.00000000 0.00000000 0.00000000 0.00000000 0.00000000 -12.92540137 0.00000000 0.00000000 26.31605515 0.00000000 0.00000000 -13.39065378 0.00000000 0.00000000 0.00000000 0.00000000 0.00000000
0.00000000 0.90613961 0.72000000 0.00000000 0.00000000 0.00000000 0.00000000 0.00000000 0.00000000 0.00000000 0.00000000 0.00000000 0.00000000 0.00000000 0.00000000 0.00000000 0.00000000 0.00000000 0.00000000 0.00000000 0.00000000 -14.51108251 0.00000000 0.00000000 -12.00000000 0.00000000 0.00000000 0.00000000 0.00000000 0.00000000 0.00000000 0.00000000 0.00000000 14.51108251 0.00000000 0.00000000 -12.00000000 0.00000000 0.00000000 0.00000000 0.00000000 0.00000000 0.00000000 0.00000000 0.00000000 -33.98836294 0.00000000 0.00000000 57.57287376 0.00000000 0.00000000 -23.58451082 0.00000000 0.00000000 0.00000000 0.00000000 0.00000000 -11.83148665 0.00000000 0.00000000 26.86906801 0.00000000 0.00000000 -15.03758136 0.00000000 0.00000000 0.00000000 0.00000000 0.00000000
0.00000000 0.90306607 0.74000000 0.00000000 0.00000000 0.00000000 0.00000000 0.00000000 0.00000000 0.00000000 0.00000000 0.00000000 0.00000000 0.00000000 0.00000000 0.00000000 0.00000000 0.00000000 0.00000000 0.00000000 0.00000000 -13.06700138 0.00000000 0.00000000 -12.00000000 0.00000000 0.00000000 0.00000000 0.00000000 0.00000000 0.00000000 0.00000000 0.00000000 13.06700138 0.00000000 0.00000000 -12.00000000 0.00000000 0.00000000 0.00000000 0.00000000 0.00000000 0.00000000 0.00000000 0.00000000 -36.04288182 0.00000000 0.00000000 53.51734995 0.00000000 0.00000000 -17.47446814 0.00000000 0.00000000 0.00000000 0.00000000 0.00000000 -11.08879243 0.00000000 0.00000000 28.14203579 0.00000000 0.00000000 -17.05324337 0.00000000 0.00000000 0.00000000 0.00000000 0.00000000
0.00000000 0.89845461 0.76000000 0.00000000 0.00000000 0.00000000 0.00000000 0.00000000 0.00000000 0.00000000 0.00000000 0.00000000 0.00000000 0.00000000 0.00000000 0.00000000 0.00000000 0.00000000 0.00000000 0.00000000 0.00000000 -11.34441979 0.00000000 0.00000000 -12.00000000 0.00000000 0.00000000 0.00000000 0.00000000 0.00000000 0.00000000 0.00000000 0.00000000 11.34441979 0.00000000 0.00000000 -12.00000000 0.00000000 0.00000000 0.00000000 0.00000000 0.00000000 0.00000000 0.00000000 0.00000000 -36.48646209 0.00000000 0.00000000 47.39688033 0.00000000 0.00000000 -10.91041824 0.00000000 0.00000000 0.00000000 0.00000000 0.00000000 -10.57718650 0.00000000 0.00000000 29.90677969 0.00000000 0.00000000 -19.32959319 0.00000000 0.00000000 0.00000000 0.00000000 0.00000000
0.00000000 0.89269628 0.78000000 0.00000000 0.00000000 0.00000000 0.00000000 0.00000000 0.00000000 0.00000000 0.00000000 0.00000000 0.00000000 0.00000000 0.00000000 0.00000000 0.00000000 0.00000000 0.00000000 0.00000000 0.00000000 -9.38005159 0.00000000 0.00000000 -12.00000000 0.00000000 0.00000000 0.00000000 0.00000000 0.00000000 0.00000000 0.00000000 0.00000000 9.38005159 0.00000000 0.00000000 -12.00000000 0.00000000 0.00000000 0.00000000 0.00000000 0.00000000 0.00000000 0.00000000 0.00000000 -35.43237912 0.00000000 0.00000000 39.70904174 0.00000000 0.00000000 -4.27666261 0.00000000 0.00000000 0.00000000 0.00000000 0.00000000 -10.15634277 0.00000000 0.00000000 31.88973872 0.00000000 0.00000000 -21.73339595 0.00000000 0.00000000 0.00000000 0.00000000 0.00000000
0.00000000 0.88627937 0.80000000 0.00000000 0.00000000 0.00000000 0.00000000 0.00000000 0.00000000 0.00000000 0.00000000 0.00000000 0.00000000 0.00000000 0.00000000 0.00000000 0.00000000 0.00000000 0.00000000 0.00000000 0.00000000 -7.21576388 0.00000000 0.00000000 -12.00000000 0.00000000 0.00000000 0.00000000 0.00000000 0.00000000 0.00000000 0.00000000 0.00000000 7.21576388 0.00000000 0.00000000 -12.00000000 0.00000000 0.00000000 0.00000000 0.00000000 0.00000000 0.00000000 0.00000000 0.00000000 -33.21002532 0.00000000 0.00000000 31.24267475 0.00000000 0.00000000 1.96735057 0.00000000 0.00000000 0.00000000 0.00000000 0.00000000 -9.69381508 0.00000000 0.00000000 33.82630928 0.00000000 0.00000000 -24.13249419 0.00000000 0.00000000 0.00000000 0.00000000 0.00000000
0.00000000 0.87974802 0.82000000 0.00000000 0.00000000 0.00000000 0.00000000 0.00000000 0.00000000 0.00000000 0.00000000 0.00000000 0.00000000 0.00000000 0.00000000 0.00000000 0.00000000 0.00000000 0.00000000 0.00000000 0.00000000 -4.89768469 0.00000000 0.00000000 -12.00000000 0.00000000 0.00000000 0.00000000 0.00000000 0.00000000 0.00000000 0.00000000 0.00000000 4.89768469 0.00000000 0.00000000 -12.00000000 0.00000000 0.00000000 0.00000000 0.00000000 0.00000000 0.00000000 0.00000000 0.00000000 -30.55160759 0.00000000 0.00000000 23.53513005 0.00000000 0.00000000 7.01647754 0.00000000 0.00000000 0.00000000 0.00000000 0.00000000 -9.07724541 0.00000000 0.00000000 35.48412050 0.00000000 0.00000000 -26.40687509 0.00000000 0.00000000 0.00000000 0.00000000 0.00000000
0.00000000 0.87365610 0.84000000 0.00000000 0.00000000 0.00000000 0.00000000 0.00000000 0.00000000 0.00000000 0.00000000 0.00000000 0.00000000 0.00000000 0.00000000 0.00000000 0.00000000 0.00000000 0.00000000 0.00000000 0.00000000 -2.47521985 0.00000000 0.00000000 -12.00000000 0.00000000 0.00000000 0.00000000 0.00000000 0.00000000 0.00000000 0.00000000 0.00000000 2.47521985 0.00000000 0.00000000 -12.00000000 0.00000000 0.00000000 0.00000000 0.00000000 0.00000000 0.00000000 0.00000000 0.00000000 -29.06453562 0.00000000 0.00000000 19.90629043 0.00000000 0.00000000 9.15824519 0.00000000 0.00000000 0.00000000 0.00000000 0.00000000 -8.21606370 0.00000000 0.00000000 36.66626782 0.00000000 0.00000000 -28.45020412 0.00000000 0.00000000 0.00000000 0.00000000 0.00000000
0.00000000 0.86852019 0.86000000 0.00000000 0.00000000 0.00000000 0.00000000 0.00000000 0.00000000 0.00000000 0.00000000 0.00000000 0.00000000 0.00000000 0.00000000 0.00000000 0.00000000 0.00000000 0.00000000 0.00000000 0.00000000 -0.00000000 0.00000000 0.00000000 -12.00000000 0.00000000 0.00000000 0.00000000 0.00000000 0.00000000 0.00000000 0.00000000 0.00000000 0.00000000 0.00000000 0.00000000 -12.00000000 0.00000000 0.00000000 0.00000000 0.00000000 0.00000000 0.00000000 0.00000000 0.00000000 -30.25492126 0.00000000 0.00000000 23.58485608 0.00000000 0.00000000 6.67006518 0.00000000 0.00000000 0.00000000 0.00000000 0.00000000 -7.03821077 0.00000000 0.00000000 37.20581863 0.00000000 0.00000000 -30.16760786 0.00000000 0.00000000 0.00000000 0.00000000 0.00000000
0.00000000 0.86477581 0.88000000 0.00000000 0.00000000 0.00000000 0.00000000 0.00000000 0.00000000 0.00000000 0.00000000 0.00000000 0.00000000 0.00000000 0.00000000 0.00000000 0.00000000 0.00000000 0.00000000 0.00000000 0.00000000 2.47521985 0.00000000 0.00000000 -12.00000000 0.00000000 0.00000000 0.00000000 0.00000000 0.00000000 0.00000000 0.00000000 0.00000000 -2.47521985 0.00000000 0.00000000 -12.00000000 0.00000000 0.00000000 0.00000000 0.00000000 0.00000000 0.00000000 0.00000000 0.00000000 -31.85793709 0.00000000 0.00000000 29.24013102 0.00000000 0.00000000 2.61780607 0.00000000 0.00000000 0.00000000 0.00000000 0.00000000 -5.48432331 0.00000000 0.00000000 36.95653846 0.00000000 0.00000000 -31.47221516 0.00000000 0.00000000 0.00000000 0.00000000 0.00000000
0.00000000 0.86274047 0.90000000 0.00000000 0.00000000 0.00000000 0.00000000 0.00000000 0.00000000 0.00000000 0.00000000 0.00000000 0.00000000 0.00000000 0.00000000 0.00000000 0.00000000 0.00000000 0.00000000 0.00000000 0.00000000 4.89768469 0.00000000 0.00000000 -12.00000000 0.00000000 0.00000000 0.00000000 0.00000000 0.00000000 0.00000000 0.00000000 0.00000000 -4.89768469 0.00000000 0.00000000 -12.00000000 0.00000000 0.00000000 0.00000000 0.00000000 0.00000000 0.00000000 0.00000000 0.00000000 -32.47434591 0.00000000 0.00000000 33.04417233 0.00000000 0.00000000 -0.56982642 0.00000000 0.00000000 0.00000000 0.00000000 0.00000000 -3.49929112 0.00000000 0.00000000 35.77943894 0.00000000 0.00000000 -32.28014782 0.00000000 0.00000000 0.00000000 0.00000000 0.00000000
0.00000000 0.86258677 0.92000000 0.00000000 0.00000000 0.00000000 0.00000000 0.00000000 0.00000000 0.00000000 0.00000000 0.00000000 0.00000000 0.00000000 0.00000000 0.00000000 0.00000000 0.00000000 0.00000000 0.00000000 0.00000000 7.21576388 0.00000000 0.00000000 -12.00000000 0.00000000 0.00000000 0.00000000 0.00000000 0.00000000 0.00000000 0.00000000 0.00000000 -7.21576388 0.00000000 0.00000000 -12.00000000 0.00000000 0.00000000 0.00000000 0.00000000 0.00000000 0.00000000 0.00000000 0.00000000 -32.35759954 0.00000000 0.00000000 35.49534996 0.00000000 0.00000000 -3.13775042 0.00000000 0.00000000 0.00000000 0.00000000 0.00000000 -1.01864959 0.00000000 0.00000000 33.51954146 0.00000000 0.00000000 -32.50089186 0.00000000 0.00000000 0.00000000 0.00000000 0.00000000
0.00000000 0.86432774 0.94000000 0.00000000 0.00000000 0.00000000 0.00000000 0.00000000 0.00000000 0.00000000 0.00000000 0.00000000 0.00000000 0.00000000 0.00000000 0.00000000 0.00000000 0.00000000 0.00000000 0.00000000 0.00000000 9.38005159 0.00000000 0.00000000 -12.00000000 0.00000000 0.00000000 0.00000000 0.00000000 0.00000000 0.00000000 0.00000000 0.00000000 -9.38005159 0.00000000 0.00000000 -12.00000000 0.00000000 0.00000000 0.00000000 0.00000000 0.00000000 0.00000000 0.00000000 0.00000000 -31.63733572 0.00000000 0.00000000 36.83473168 0.00000000 0.00000000 -5.19739596 0.00000000 0.00000000 0.00000000 0.00000000 0.00000000 2.05856537 0.00000000 0.00000000 29.95536922 0.00000000 0.00000000 -32.01393458 0.00000000 0.00000000 0.00000000 0.00000000 0.00000000
0.00000000 0.86781576 0.96000000 0.00000000 0.00000000 0.00000000 0.00000000 0.00000000 0.00000000 0.00000000 0.00000000 0.00000000 0.00000000 0.00000000 0.00000000 0.00000000 0.00000000 0.00000000 0.00000000 0.00000000 0.00000000 11.34441979 0.00000000 0.00000000 -12.00000000 0.00000000 0.00000000 0.00000000 0.00000000 0.00000000 0.00000000 0.00000000 0.00000000 -11.34441979 0.00000000 0.00000000 -12.00000000 0.00000000 0.00000000 0.00000000 0.00000000 0.00000000 0.00000000 0.00000000 0.00000000 -30.40670242 0.00000000 0.00000000 37.22336858 0.00000000 0.00000000 -6.81666616 0.00000000 0.00000000 0.00000000 0.00000000 0.00000000 5.94357762 0.00000000 0.00000000 24.65427052 0.00000000 0.00000000 -30.59784814 0.00000000 0.00000000 0.00000000 0.00000000 0.00000000
0.00000000 0.87275504 0.98000000 0.00000000 0.00000000 0.00000000 0.00000000 0.00000000 0.00000000 0.00000000 0.00000000 0.00000000 0.00000000 0.00000000 0.00000000 0.00000000 0.00000000 0.00000000 0.00000000 0.00000000 0.00000000 13.06700138 0.00000000 0.00000000 -12.00000000 0.00000000 0.00000000 0.00000000 0.00000000 0.00000000 0.00000000 0.00000000 0.00000000 -13.06700138 0.00000000 0.00000000 -12.00000000 0.00000000 0.00000000 0.00000000 0.00000000 0.00000000 0.00000000 0.00000000 0.00000000 -28.74979095 0.00000000 0.00000000 36.80083935 0.00000000 0.00000000 -8.05104840 0.00000000 0.00000000 0.00000000 0.00000000 0.00000000 9.08015283 0.00000000 0.00000000 19.99397236 0.00000000 0.00000000 -29.07412519 0.00000000 0.00000000 0.00000000 0.00000000 0.00000000
0.00000000 0.87872674 1.00000000 0.00000000 0.00000000 0.00000000 0.00000000 0.00000000 0.00000000 0.00000000 0.00000000 0.00000000 0.00000000 0.00000000 0.00000000 0.00000000 0.00000000 0.00000000 0.00000000 0.00000000 0.00000000 14.51108251 0.00000000 0.00000000 -12.00000000 0.00000000 0.00000000 0.00000000 0.00000000 0.00000000 0.00000000 0.00000000 0.00000000 -14.51108251 0.00000000 0.00000000 -12.00000000 0.00000000 0.00000000 0.00000000 0.00000000 0.00000000 0.00000000 0.00000000 0.00000000 -26.75258484 0.00000000 0.00000000 35.71114817 0.00000000 0.00000000 -8.95856333 0.00000000 0.00000000 0.00000000 0.00000000 0.00000000 7.61442582 0.00000000 0.00000000 22.56468979 0.00000000 0.00000000 -30.17911561 0.00000000 0.00000000 0.00000000 0.00000000 0.00000000
0.00000000 0.88522446 1.02000000 0.00000000 0.00000000 0.00000000 0.00000000 0.00000000 0.00000000 0.00000000 0.00000000 0.00000000 0.00000000 0.00000000 0.00000000 0.00000000 0.00000000 0.00000000 0.00000000 0.00000000 0.00000000 15.64588512 0.00000000 0.00000000 -12.00000000 0.00000000 0.00000000 0.00000000 0.00000000 0.00000000 0.00000000 0.00000000 0.00000000 -15.64588512 0.00000000 0.00000000 -12.00000000 0.00000000 0.00000000 0.00000000 0.00000000 0.00000000 0.00000000 0.00000000 0.00000000 -24.50841328 0.00000000 0.00000000 34.11719565 0.00000000 0.00000000 -9.60878238 0.00000000 0.00000000 0.00000000 0.00000000 0.00000000 2.88518632 0.00000000 0.00000000 29.90115336 0.00000000 0.00000000 -32.78633968 0.00000000 0.00000000 0.00000000 0.00000000 0.00000000
0.00000000 0.89169720 1.04000000 0.00000000 0.00000000 0.00000000 0.00000000 0.00000000 0.00000000 0.00000000 0.00000000 0.00000000 0.00000000 0.00000000 0.00000000 0.00000000 0.00000000 0.00000000 0.00000000 0.00000000 0.00000000 16.44722285 0.00000000 0.00000000 -12.00000000 0.00000000 0.00000000 0.00000000 0.00000000 0.00000000 0.00000000 0.00000000 0.00000000 -16.44722285 0.00000000 0.00000000 -12.00000000 0.00000000 0.00000000 0.00000000 0.00000000 0.00000000 0.00000000 0.00000000 0.00000000 -22.12157363 0.00000000 0.00000000 32.21057610 0.00000000 0.00000000 -10.08900247 0.00000000 0.00000000 0.00000000 0.00000000 0.00000000 -3.23739872 0.00000000 0.00000000 38.38089270 0.00000000 0.00000000 -35.14349398 0.00000000 0.00000000 0.00000000 0.00000000 0.00000000
0.00000000 0.89759609 1.06000000 0.00000000 0.00000000 0.00000000 0.00000000 0.00000000 0.00000000 0.00000000 0.00000000 0.00000000 0.00000000 0.00000000 0.00000000 0.00000000 0.00000000 0.00000000 0.00000000 0.00000000 0.00000000 16.89801658 0.00000000 0.00000000 -12.00000000 0.00000000 0.00000000 0.00000000 0.00000000 0.00000000 0.00000000 0.00000000 0.00000000 -16.89801658 0.00000000 0.00000000 -12.00000000 0.00000000 0.00000000 0.00000000 0.00000000 0.00000000 0.00000000 0.00000000 0.00000000 -19.70983321 0.00000000 0.00000000 30.21785055 0.00000000 0.00000000 -10.50801734 0.00000000 0.00000000 0.00000000 0.00000000 0.00000000 -9.84376918 0.00000000 0.00000000 46.25705690 0.00000000 0.00000000 -36.41328773 0.00000000 0.00000000 0.00000000 0.00000000 0.00000000
0.00000000 0.90242091 1.08000000 0.00000000 0.00000000 0.00000000 0.00000000 0.00000000 0.00000000 0.00000000 0.00000000 0.00000000 0.00000000 0.00000000 0.00000000 0.00000000 0.00000000 0.00000000 0.00000000 0.00000000 0.00000000 16.98865842 0.00000000 0.00000000 -12.00000000 0.00000000 0.00000000 0.00000000 0.00000000 0.00000000 0.00000000 0.00000000 0.00000000 -16.98865842 0.00000000 0.00000000 -12.00000000 0.00000000 0.00000000 0.00000000 0.00000000 0.00000000 0.00000000 0.00000000 0.00000000 -17.40380779 0.00000000 0.00000000 28.39932052 0.00000000 0.00000000 -10.99551273 0.00000000 0.00000000 0.00000000 0.00000000 0.00000000 -16.44511456 0.00000000 0.00000000 52.66683390 0.00000000 0.00000000 -36.22171934 0.00000000 0.00000000 0.00000000 0.00000000 0.00000000
0.00000000 0.90576251 1.10000000 0.00000000 0.00000000 0.00000000 0.00000000 0.00000000 0.00000000 0.00000000 0.00000000 0.00000000 0.00000000 0.00000000 0.00000000 0.00000000 0.00000000 0.00000000 0.00000000 0.00000000 0.00000000 16.71721651 0.00000000 0.00000000 -12.00000000 0.00000000 0.00000000 0.00000000 0.00000000 0.00000000 0.00000000 0.00000000 0.00000000 -16.71721651 0.00000000 0.00000000 -12.00000000 0.00000000 0.00000000 0.00000000 0.00000000 0.00000000 0.00000000 0.00000000 0.00000000 -15.33790402 0.00000000 0.00000000 27.02990764 0.00000000 0.00000000 -11.69200362 0.00000000 0.00000000 0.00000000 0.00000000 0.00000000 -22.65333847 0.00000000 0.00000000 57.07807224 0.00000000 0.00000000 -34.42473377 0.00000000 0.00000000 0.00000000 0.00000000 0.00000000
0.00000000 0.90733754 1.12000000 0.00000000 0.00000000 0.00000000 0.00000000 0.00000000 0.00000000 0.00000000 0.00000000 0.00000000 0.00000000 0.00000000 0.00000000 0.00000000 0.00000000 0.00000000 0.00000000 0.00000000 0.00000000 16.08947614 0.00000000 0.00000000 -12.00000000 0.00000000 0.00000000 0.00000000 0.00000000 0.00000000 0.00000000 0.00000000 0.00000000 -16.08947614 0.00000000 0.00000000 -12.00000000 0.00000000 0.00000000 0.00000000 0.00000000 0.00000000 0.00000000 0.00000000 0.00000000 -13.62657928 0.00000000 0.00000000 26.34995214 0.00000000 0.00000000 -12.72337287 0.00000000 0.00000000 0.00000000 0.00000000 0.00000000 -28.08563319 0.00000000 0.00000000 59.14971246 0.00000000 0.00000000 -31.06407927 0.00000000 0.00000000 0.00000000 0.00000000 0.00000000
0.00000000 0.90701242 1.14000000 0.00000000 0.00000000 0.00000000 0.00000000 0.00000000 0.00000000 0.00000000 0.00000000 0.00000000 0.00000000 0.00000000 0.00000000 0.00000000 0.00000000 0.00000000 0.00000000 0.00000000 0.00000000 15.11881653 0.00000000 0.00000000 -12.00000000 0.00000000 0.00000000 0.00000000 0.00000000 0.00000000 0.00000000 0.00000000 0.00000000 -15.11881653 0.00000000 0.00000000 -12.00000000 0.00000000 0.00000000 0.00000000 0.00000000 0.00000000 0.00000000 0.00000000 0.00000000 -12.32888216 0.00000000 0.00000000 26.49214059 0.00000000 0.00000000 -14.16325843 0.00000000 0.00000000 0.00000000 0.00000000 0.00000000 -32.37216646 0.00000000 0.00000000 58.72157485 0.00000000 0.00000000 -26.34940839 0.00000000 0.00000000 0.00000000 0.00000000 0.00000000
0.00000000 0.90481474 1.16000000 0.00000000 0.00000000 0.00000000 0.00000000 0.00000000 0.00000000 0.00000000 0.00000000 0.00000000 0.00000000 0.00000000 0.00000000 0.00000000 0.00000000 0.00000000 0.00000000 0.00000000 0.00000000 13.82592559 0.00000000 0.00000000 -12.00000000 0.00000000 0.00000000 0.00000000 0.00000000 0.00000000 0.00000000 0.00000000 0.00000000 -13.82592559 0.00000000 0.00000000 -12.00000000 0.00000000 0.00000000 0.00000000 0.00000000 0.00000000 0.00000000 0.00000000 0.00000000 -11.42283287 0.00000000 0.00000000 27.42790137 0.00000000 0.00000000 -16.00506850 0.00000000 0.00000000 0.00000000 0.00000000 0.00000000 -35.21678061 0.00000000 0.00000000 55.82688584 0.00000000 0.00000000 -20.61010523 0.00000000 0.00000000 0.00000000 0.00000000 0.00000000
0.00000000 0.90093086 1.18000000 0.00000000 0.00000000 0.00000000 0.00000000 0.00000000 0.00000000 0.00000000 0.00000000 0.00000000 0.00000000 0.00000000 0.00000000 0.00000000 0.00000000 0.00000000 0.00000000 0.00000000 0.00000000 12.23835905 0.00000000 0.00000000 -12.00000000 0.00000000 0.00000000 0.00000000 0.00000000 0.00000000 0.00000000 0.00000000 0.00000000 -12.23835905 0.00000000 0.00000000 -12.00000000 0.00000000 0.00000000 0.00000000 0.00000000 0.00000000 0.00000000 0.00000000 0.00000000 -10.81281255 0.00000000 0.00000000 28.97977001 0.00000000 0.00000000 -18.16695746 0.00000000 0.00000000 0.00000000 0.00000000 0.00000000 -36.46337657 0.00000000 0.00000000 50.68885777 0.00000000 0.00000000 -14.22548120 0.00000000 0.00000000 0.00000000 0.00000000 0.00000000
0.00000000 0.89569011 1.20000000 0.00000000 0.00000000 0.00000000 0.00000000 0.00000000 0.00000000 0.00000000 0.00000000 0.00000000 0.00000000 0.00000000 0.00000000 0.00000000 0.00000000 0.00000000 0.00000000 0.00000000 0.00000000 10.38995314 0.00000000 0.00000000 -12.00000000 0.00000000 0.00000000 0.00000000 0.00000000 0.00000000 0.00000000 0.00000000 0.00000000 -10.38995314 0.00000000 0.00000000 -12.00000000 0.00000000 0.00000000 0.00000000 0.00000000 0.00000000 0.00000000 0.00000000 0.00000000 -10.36409356 0.00000000 0.00000000 30.88813586 0.00000000 0.00000000 -20.52404230 0.00000000 0.00000000 0.00000000 0.00000000 0.00000000 -36.13200034 0.00000000 0.00000000 43.70908051 0.00000000 0.00000000 -7.57708017 0.00000000 0.00000000 0.00000000 0.00000000 0.00000000
0.00000000 0.88953692 1.22000000 0.00000000 0.00000000 0.00000000 0.00000000 0.00000000 0.00000000 0.00000000 0.00000000 0.00000000 0.00000000 0.00000000 0.00000000 0.00000000 0.00000000 0.00000000 0.00000000 0.00000000 0.00000000 8.32010341 0.00000000 0.00000000 -12.00000000 0.00000000 0.00000000 0.00000000 0.00000000 0.00000000 0.00000000 0.00000000 0.00000000 -8.32010341 0.00000000 0.00000000 -12.00000000 0.00000000 0.00000000 0.00000000 0.00000000 0.00000000 0.00000000 0.00000000 0.00000000 -9.93783711 0.00000000 0.00000000 32.87920275 0.00000000 0.00000000 -22.94136564 0.00000000 0.00000000 0.00000000 0.00000000 0.00000000 -34.43524107 0.00000000 0.00000000 35.50436749 0.00000000 0.00000000 -1.06912642 0.00000000 0.00000000 0.00000000 0.00000000 0.00000000
0.00000000 0.88299305 1.24000000 0.00000000 0.00000000 0.00000000 0.00000000 0.00000000 0.00000000 0.00000000 0.00000000 0.00000000 0.00000000 0.00000000 0.00000000 0.00000000 0.00000000 0.00000000 0.00000000 0.00000000 0.00000000 6.07292513 0.00000000 0.00000000 -12.00000000 0.00000000 0.00000000 0.00000000 0.00000000 0.00000000 0.00000000 0.00000000 0.00000000 -6.07292513 0.00000000 0.00000000 -12.00000000 0.00000000 0.00000000 0.00000000 0.00000000 0.00000000 0.00000000 0.00000000 0.00000000 -9.41093351 0.00000000 0.00000000 34.70315703 0.00000000 0.00000000 -25.29222353 0.00000000 0.00000000 0.00000000 0.00000000 0.00000000 -31.86133356 0.00000000 0.00000000 27.14124127 0.00000000 0.00000000 4.72009229 0.00000000 0.00000000 0.00000000 0.00000000 0.00000000
0.00000000 0.87661344 1.26000000 0.00000000 0.00000000 0.00000000 0.00000000 0.00000000 0.00000000 0.00000000 0.00000000 0.00000000 0.00000000 0.00000000 0.00000000 0.00000000 0.00000000 0.00000000 0.00000000 0.00000000 0.00000000 3.69631298 0.00000000 0.00000000 -12.00000000 0.00000000 0.00000000 0.00000000 0.00000000 0.00000000 0.00000000 0.00000000 0.00000000 -3.69631298 0.00000000 0.00000000 -12.00000000 0.00000000 0.00000000 0.00000000 0.00000000 0.00000000 0.00000000 0.00000000 0.00000000 -8.68211085 0.00000000 0.00000000 36.14569384 0.00000000 0.00000000 -27.46358299 0.00000000 0.00000000 0.00000000 0.00000000 0.00000000 -29.52321015 0.00000000 0.00000000 20.92391823 0.00000000 0.00000000 8.59929192 0.00000000 0.00000000 0.00000000 0.00000000 0.00000000
0.00000000 0.87093905 1.28000000 0.00000000 0.00000000 0.00000000 0.00000000 0.00000000 0.00000000 0.00000000 0.00000000 0.00000000 0.00000000 0.00000000 0.00000000 0.00000000 0.00000000 0.00000000 0.00000000 0.00000000 0.00000000 1.24092035 0.00000000 0.00000000 -12.00000000 0.00000000 0.00000000 0.00000000 0.00000000 0.00000000 0.00000000 0.00000000 0.00000000 -1.24092035 0.00000000 0.00000000 -12.00000000 0.00000000 0.00000000 0.00000000 0.00000000 0.00000000 0.00000000 0.00000000 0.00000000 -7.67064585 0.00000000 0.00000000 37.02586242 0.00000000 0.00000000 -29.35521656 0.00000000 0.00000000 0.00000000 0.00000000 0.00000000 -29.34474532 0.00000000 0.00000000 20.85172071 0.00000000 0.00000000 8.49302461 0.00000000 0.00000000 0.00000000 0.00000000 0.00000000
0.00000000 0.86645108 1.30000000 0.00000000 0.00000000 0.00000000 0.00000000 0.00000000 0.00000000 0.00000000 0.00000000 0.00000000 0.00000000 0.00000000 0.00000000 0.00000000 0.00000000 0.00000000 0.00000000 0.00000000 0.00000000 -1.24092035 0.00000000 0.00000000 -12.00000000 0.00000000 0.00000000 0.00000000 0.00000000 0.00000000 0.00000000 0.00000000 0.00000000 1.24092035 0.00000000 0.00000000 -12.00000000 0.00000000 0.00000000 0.00000000 0.00000000 0.00000000 0.00000000 0.00000000 0.00000000 -6.31169182 0.00000000 0.00000000 37.18843745 0.00000000 0.00000000 -30.87674564 0.00000000 0.00000000 0.00000000 0.00000000 0.00000000 -31.20628724 0.00000000 0.00000000 26.69684884 0.00000000 0.00000000 4.50943840 0.00000000 0.00000000 0.00000000 0.00000000 0.00000000
0.00000000 0.86353009 1.32000000 0.00000000 0.00000000 0.00000000 0.00000000 0.00000000 0.00000000 0.00000000 0.00000000 0.00000000 0.00000000 0.00000000 0.00000000 0.00000000 0.00000000 0.00000000 0.00000000 0.00000000 0.00000000 -3.69631298 0.00000000 0.00000000 -12.00000000 0.00000000 0.00000000 0.00000000 0.00000000 0.00000000 0.00000000 0.00000000 0.00000000 3.69631298 0.00000000 0.00000000 -12.00000000 0.00000000 0.00000000 0.00000000 0.00000000 0.00000000 0.00000000 0.00000000 0.00000000 -4.54929313 0.00000000 0.00000000 36.49289080 0.00000000 0.00000000 -31.94359767 0.00000000 0.00000000 0.00000000 0.00000000 0.00000000 -32.26884012 0.00000000 0.00000000 31.33258674 0.00000000 0.00000000 0.93625338 0.00000000 0.00000000 0.00000000 0.00000000 0.00000000
0.00000000 0.86242378 1.34000000 0.00000000 0.00000000 0.00000000 0.00000000 0.00000000 0.00000000 0.00000000 0.00000000 0.00000000 0.00000000 0.00000000 0.00000000 0.00000000 0.00000000 0.00000000 0.00000000 0.00000000 0.00000000 -6.07292513 0.00000000 0.00000000 -12.00000000 0.00000000 0.00000000 0.00000000 0.00000000 0.00000000 0.00000000 0.00000000 0.00000000 6.07292513 0.00000000 0.00000000 -12.00000000 0.00000000 0.00000000 0.00000000 0.00000000 0.00000000 0.00000000 0.00000000 0.00000000 -2.32589067 0.00000000 0.00000000 34.79619191 0.00000000 0.00000000 -32.47030124 0.00000000 0.00000000 0.00000000 0.00000000 0.00000000 -32.49812876 0.00000000 0.00000000 34.42082793 0.00000000 0.00000000 -1.92269917 0.00000000 0.00000000 0.00000000 0.00000000 0.00000000
0.00000000 0.86322597 1.36000000 0.00000000 0.00000000 0.00000000 0.00000000 0.00000000 0.00000000 0.00000000 0.00000000 0.00000000 0.00000000 0.00000000 0.00000000 0.00000000 0.00000000 0.00000000 0.00000000 0.00000000 0.00000000 -8.32010341 0.00000000 0.00000000 -12.00000000 0.00000000 0.00000000 0.00000000 0.00000000 0.00000000 0.00000000 0.00000000 0.00000000 8.32010341 0.00000000 0.00000000 -12.00000000 0.00000000 0.00000000 0.00000000 0.00000000 0.00000000 0.00000000 0.00000000 0.00000000 0.43629048 0.00000000 0.00000000 31.91956208 0.00000000 0.00000000 -32.35585256 0.00000000 0.00000000 0.00000000 0.00000000 0.00000000 -32.06667752 0.00000000 0.00000000 36.29300820 0.00000000 0.00000000 -4.22633068 0.00000000 0.00000000 0.00000000 0.00000000 0.00000000
0.00000000 0.86586862 1.38000000 0.00000000 0.00000000 0.00000000 0.00000000 0.00000000 0.00000000 0.00000000 0.00000000 0.00000000 0.00000000 0.00000000 0.00000000 0.00000000 0.00000000 0.00000000 0.00000000 0.00000000 0.00000000 -10.38995314 0.00000000 0.00000000 -12.00000000 0.00000000 0.00000000 0.00000000 0.00000000 0.00000000 0.00000000 0.00000000 0.00000000 10.38995314 0.00000000 0.00000000 -12.00000000 0.00000000 0.00000000 0.00000000 0.00000000 0.00000000 0.00000000 0.00000000 0.00000000 3.87796436 0.00000000 0.00000000 27.56642420 0.00000000 0.00000000 -31.44438856 0.00000000 0.00000000 0.00000000 0.00000000 0.00000000 -31.08051692 0.00000000 0.00000000 37.13905283 0.00000000 0.00000000 -6.05853591 0.00000000 0.00000000 0.00000000 0.00000000 0.00000000
0.00000000 0.87012766 1.40000000 0.00000000 0.00000000 0.00000000 0.00000000 0.00000000 0.00000000 0.00000000 0.00000000 0.00000000 0.00000000 0.00000000 0.00000000 0.00000000 0.00000000 0.00000000 0.00000000 0.00000000 0.00000000 -12.23835905 0.00000000 0.00000000 -12.00000000 0.00000000 0.00000000 0.00000000 0.00000000 0.00000000 0.00000000 0.00000000 0.00000000 12.23835905 0.00000000 0.00000000 -12.00000000 0.00000000 0.00000000 0.00000000 0.00000000 0.00000000 0.00000000 0.00000000 0.00000000 8.02490121 0.00000000 0.00000000 21.55578413 0.00000000 0.00000000 -29.58068534 0.00000000 0.00000000 0.00000000 0.00000000 0.00000000 -29.62627971 0.00000000 0.00000000 37.10480454 0.00000000 0.00000000 -7.47852483 0.00000000 0.00000000 0.00000000 0.00000000 0.00000000
0.00000000 0.87564191 1.42000000 0.00000000 0.00000000 0.00000000 0.00000000 0.00000000 0.00000000 0.00000000 0.00000000 0.00000000 0.00000000 0.00000000 0.00000000 0.00000000 0.00000000 0.00000000 0.00000000 0.00000000 0.00000000 -13.82592559 0.00000000 0.00000000 -12.00000000 0.00000000 0.00000000 0.00000000 0.00000000 0.00000000 0.00000000 0.00000000 0.00000000 13.82592559 0.00000000 0.00000000 -12.00000000 0.00000000 0.00000000 0.00000000 0.00000000 0.00000000 0.00000000 0.00000000 0.00000000 8.90258722 0.00000000 0.00000000 20.40023596 0.00000000 0.00000000 -29.30282318 0.00000000 0.00000000 0.00000000 0.00000000 0.00000000 -27.78811092 0.00000000 0.00000000 36.32978068 0.00000000 0.00000000 -8.54166976 0.00000000 0.00000000 0.00000000 0.00000000 0.00000000
0.00000000 0.88194377 1.44000000 0.00000000 0.00000000 0.00000000 0.00000000 0.00000000 0.00000000 0.00000000 0.00000000 0.00000000 0.00000000 0.00000000 0.00000000 0.00000000 0.00000000 0.00000000 0.00000000 0.00000000 0.00000000 -15.11881653 0.00000000 0.00000000 -12.00000000 0.00000000 0.00000000 0.00000000 0.00000000 0.00000000 0.00000000 0.00000000 0.00000000 15.11881653 0.00000000 0.00000000 -12.00000000 0.00000000 0.00000000 0.00000000 0.00000000 0.00000000 0.00000000 0.00000000 0.00000000 5.51428521 0.00000000 0.00000000 25.91472418 0.00000000 0.00000000 -31.42900939 0.00000000 0.00000000 0.00000000 0.00000000 0.00000000 -25.65514460 0.00000000 0.00000000 34.96599655 0.00000000 0.00000000 -9.31085195 0.00000000 0.00000000 0.00000000 0.00000000 0.00000000
0.00000000 0.88849886 1.46000000 0.00000000 0.00000000 0.00000000 0.00000000 0.00000000 0.00000000 0.00000000 0.00000000 0.00000000 0.00000000 0.00000000 0.00000000 0.00000000 0.00000000 0.00000000 0.00000000 0.00000000 0.00000000 -16.08947614 0.00000000 0.00000000 -12.00000000 0.00000000 0.00000000 0.00000000 0.00000000 0.00000000 0.00000000 0.00000000 0.00000000 16.08947614 0.00000000 0.00000000 -12.00000000 0.00000000 0.00000000 0.00000000 0.00000000 0.00000000 0.00000000 0.00000000 0.00000000 -0.07493510 0.00000000 0.00000000 34.13951102 0.00000000 0.00000000 -34.06457592 0.00000000 0.00000000 0.00000000 0.00000000 0.00000000 -23.32579949 0.00000000 0.00000000 33.18966918 0.00000000 0.00000000 -9.86386969 0.00000000 0.00000000 0.00000000 0.00000000 0.00000000
0.00000000 0.89475131 1.48000000 0.00000000 0.00000000 0.00000000 0.00000000 0.00000000 0.00000000 0.00000000 0.00000000 0.00000000 0.00000000 0.00000000 0.00000000 0.00000000 0.00000000 0.00000000 0.00000000 0.00000000 0.00000000 -16.71721651 0.00000000 0.00000000 -12.00000000 0.00000000 0.00000000 0.00000000 0.00000000 0.00000000 0.00000000 0.00000000 0.00000000 16.71721651 0.00000000 0.00000000 -12.00000000 0.00000000 0.00000000 0.00000000 0.00000000 0.00000000 0.00000000 0.00000000 0.00000000 -6.51517790 0.00000000 0.00000000 42.45945950 0.00000000 0.00000000 -35.94428160 0.00000000 0.00000000 0.00000000 0.00000000 0.00000000 -20.91090615 0.00000000 0.00000000 31.20939597 0.00000000 0.00000000 -10.29848982 0.00000000 0.00000000 0.00000000 0.00000000 0.00000000
0.00000000 0.90017092 1.50000000 0.00000000 0.00000000 0.00000000 0.00000000 0.00000000 0.00000000 0.00000000 0.00000000 0.00000000 0.00000000 0.00000000 0.00000000 0.00000000 0.00000000 0.00000000 0.00000000 0.00000000 0.00000000 -16.98865842 0.00000000 0.00000000 -12.00000000 0.00000000 0.00000000 0.00000000 0.00000000 0.00000000 0.00000000 0.00000000 0.00000000 16.98865842 0.00000000 0.00000000 -12.00000000 0.00000000 0.00000000 0.00000000 0.00000000 0.00000000 0.00000000 0.00000000 0.00000000 -13.16990753 0.00000000 0.00000000 49.68358022 0.00000000 0.00000000 -36.51367269 0.00000000 0.00000000 0.00000000 0.00000000 0.00000000 -18.53509865 0.00000000 0.00000000 29.26956190 0.00000000 0.00000000 -10.73446325 0.00000000 0.00000000 0.00000000 0.00000000 0.00000000
0.00000000 0.90429811 1.52000000 0.00000000 0.00000000 0.00000000 0.00000000 0.00000000 0.00000000 0.00000000 0.00000000 0.00000000 0.00000000 0.00000000 0.00000000 0.00000000 0.00000000 0.00000000 0.00000000 0.00000000 0.00000000 -16.89801658 0.00000000 0.00000000 -12.00000000 0.00000000 0.00000000 0.00000000 0.00000000 0.00000000 0.00000000 0.00000000 0.00000000 16.89801658 0.00000000 0.00000000 -12.00000000 0.00000000 0.00000000 0.00000000 0.00000000 0.00000000 0.00000000 0.00000000 0.00000000 -19.62214253 0.00000000 0.00000000 55.14767370 0.00000000 0.00000000 -35.52553117 0.00000000 0.00000000 0.00000000 0.00000000 0.00000000 -16.33282867 0.00000000 0.00000000 27.64183716 0.00000000 0.00000000 -11.30900849 0.00000000 0.00000000 0.00000000 0.00000000 0.00000000
0.00000000 0.90678290 1.54000000 0.00000000 0.00000000 0.00000000 0.00000000 0.00000000 0.00000000 0.00000000 0.00000000 0.00000000 0.00000000 0.00000000 0.00000000 0.00000000 0.00000000 0.00000000 0.00000000 0.00000000 0.00000000 -16.44722285 0.00000000 0.00000000 -12.00000000 0.00000000 0.00000000 0.00000000 0.00000000 0.00000000 0.00000000 0.00000000 0.00000000 16.44722285 0.00000000 0.00000000 -12.00000000 0.00000000 0.00000000 0.00000000 0.00000000 0.00000000 0.00000000 0.00000000 0.00000000 -25.49045691 0.00000000 0.00000000 58.42077356 0.00000000 0.00000000 -32.93031664 0.00000000 0.00000000 0.00000000 0.00000000 0.00000000 -14.43250689 0.00000000 0.00000000 26.59205816 0.00000000 0.00000000 -12.15955127 0.00000000 0.00000000 0.00000000 0.00000000 0.00000000
0.00000000 0.90741459 1.56000000 0.00000000 0.00000000 0.00000000 0.00000000 0.00000000 0.00000000 0.00000000 0.00000000 0.00000000 0.00000000 0.00000000 0.00000000 0.00000000 0.00000000 0.00000000 0.00000000 0.00000000 0.00000000 -15.64588512 0.00000000 0.00000000 -12.00000000 0.00000000 0.00000000 0.00000000 0.00000000 0.00000000 0.00000000 0.00000000 0.00000000 15.64588512 0.00000000 0.00000000 -12.00000000 0.00000000 0.00000000 0.00000000 0.00000000 0.00000000 0.00000000 0.00000000 0.00000000 -30.39322687 0.00000000 0.00000000 59.25063983 0.00000000 0.00000000 -28.85741296 0.00000000 0.00000000 0.00000000 0.00000000 0.00000000 -12.92540137 0.00000000 0.00000000 26.31605515 0.00000000 0.00000000 -13.39065378 0.00000000 0.00000000 0.00000000 0.00000000 0.00000000
0.00000000 0.90613961 1.58000000 0.00000000 0.00000000 0.00000000 0.00000000 0.00000000 0.00000000 0.00000000 0.00000000 0.00000000 0.00000000 0.00000000 0.00000000 0.00000000 0.00000000 0.00000000 0.00000000 0.00000000 0.00000000 -14.51108251 0.00000000 0.00000000 -12.00000000 0.00000000 0.00000000 0.00000000 0.00000000 0.00000000 0.00000000 0.00000000 0.00000000 14.51108251 0.00000000 0.00000000 -12.00000000 0.00000000 0.00000000 0.00000000 0.00000000 0.00000000 0.00000000 0.00000000 0.00000000 -33.98836294 0.00000000 0.00000000 57.57287376 0.00000000 0.00000000 -23.58451082 0.00000000 0.00000000 0.00000000 0.00000000 0.00000000 -11.83148665 0.00000000 0.00000000 26.86906801 0.00000000 0.00000000 -15.03758136 0.00000000 0.00000000 0.00000000 0.00000000 0.00000000
0.00000000 0.90306607 1.60000000 0.00000000 0.00000000 0.00000000 0.00000000 0.00000000 0.00000000 0.00000000 0.00000000 0.00000000 0.00000000 0.00000000 0.00000000 0.00000000 0.00000000 0.00000000 0.00000000 0.00000000 0.00000000 -13.06700138 0.00000000 0.00000000 -12.00000000 0.00000000 0.00000000 0.00000000 0.00000000 0.00000000 0.00000000 0.00000000 0.00000000 13.06700138 0.00000000 0.00000000 -12.00000000 0.00000000 0.00000000 0.00000000 0.00000000 0.00000000 0.00000000 0.00000000 0.00000000 -36.04288182 0.00000000 0.00000000 53.51734995 0.00000000 0.00000000 -17.47446814 0.00000000 0.00000000 0.00000000 0.00000000 0.00000000 -11.08879243 0.00000000 0.00000000 28.14203579 0.00000000 0.00000000 -17.05324337 0.00000000 0.00000000 0.00000000 0.00000000 0.00000000
0.00000000 0.89845461 1.62000000 0.00000000 0.00000000 0.00000000 0.00000000 0.00000000 0.00000000 0.00000000 0.00000000 0.00000000 0.00000000 0.00000000 0.00000000 0.00000000 0.00000000 0.00000000 0.00000000 0.00000000 0.00000000 -11.34441979 0.00000000 0.00000000 -12.00000000 0.00000000 0.00000000 0.00000000 0.00000000 0.00000000 0.00000000 0.00000000 0.00000000 11.34441979 0.00000000 0.00000000 -12.00000000 0.00000000 0.00000000 0.00000000 0.00000000 0.00000000 0.00000000 0.00000000 0.00000000 -36.48646209 0.00000000 0.00000000 47.39688033 0.00000000 0.00000000 -10.91041824 0.00000000 0.00000000 0.00000000 0.00000000 0.00000000 -10.57718650 0.00000000 0.00000000 29.90677969 0.00000000 0.00000000 -19.32959319 0.00000000 0.00000000 0.00000000 0.00000000 0.00000000
0.00000000 0.89269628 1.64000000 0.00000000 0.00000000 0.00000000 0.00000000 0.00000000 0.00000000 0.00000000 0.00000000 0.00000000 0.00000000 0.00000000 0.00000000 0.00000000 0.00000000 0.00000000 0.00000000 0.00000000 0.00000000 -9.38005159 0.00000000 0.00000000 -12.00000000 0.00000000 0.00000000 0.00000000 0.00000000 0.00000000 0.00000000 0.00000000 0.00000000 9.38005159 0.00000000 0.00000000 -12.00000000 0.00000000 0.00000000 0.00000000 0.00000000 0.00000000 0.00000000 0.00000000 0.00000000 -35.43237912 0.00000000 0.00000000 39.70904174 0.00000000 0.00000000 -4.27666261 0.00000000 0.00000000 0.00000000 0.00000000 0.00000000 -10.15634277 0.00000000 0.00000000 31.88973872 0.00000000 0.00000000 -21.73339595 0.00000000 0.00000000 0.00000000 0.00000000 0.00000000
0.00000000 0.88627937 1.66000000 0.00000000 0.00000000 0.00000000 0.00000000 0.00000000 0.00000000 0.00000000 0.00000000 0.00000000 0.00000000 0.00000000 0.00000000 0.00000000 0.00000000 0.00000000 0.00000000 0.00000000 0.00000000 -7.21576388 0.00000000 0.00000000 -12.00000000 0.00000000 0.00000000 0.00000000 0.00000000 0.00000000 0.00000000 0.00000000 0.00000000 7.21576388 0.00000000 0.00000000 -12.00000000 0.00000000 0.00000000 0.00000000 0.00000000 0.00000000 0.00000000 0.00000000 0.00000000 -33.21002532 0.00000000 0.00000000 31.24267475 0.00000000 0.00000000 1.96735057 0.00000000 0.00000000 0.00000000 0.00000000 0.00000000 -9.69381508 0.00000000 0.00000000 33.82630928 0.00000000 0.00000000 -24.13249419 0.00000000 0.00000000 0.00000000 0.00000000 0.00000000
0.00000000 0.87974802 1.68000000 0.00000000 0.00000000 0.00000000 0.00000000 0.00000000 0.00000000 0.00000000 0.00000000 0.00000000 0.00000000 0.00000000 0.00000000 0.00000000 0.00000000 0.00000000 0.00000000 0.00000000 0.00000000 -4.89768469 0.00000000 0.00000000 -12.00000000 0.00000000 0.00000000 0.00000000 0.00000000 0.00000000 0.00000000 0.00000000 0.00000000 4.89768469 0.00000000 0.00000000 -12.00000000 0.00000000 0.00000000 0.00000000 0.00000000 0.00000000 0.00000000 0.00000000 0.00000000 -30.55160759 0.00000000 0.00000000 23.53513005 0.00000000 0.00000000 7.01647754 0.00000000 0.00000000 0.00000000 0.00000000 0.00000000 -9.07724541 0.00000000 0.00000000 35.48412050 0.00000000 0.00000000 -26.40687509 0.00000000 0.00000000 0.00000000 0.00000000 0.00000000
0.00000000 0.87365610 1.70000000 0.00000000 0.00000000 0.00000000 0.00000000 0.00000000 0.00000000 0.00000000 0.00000000 0.00000000 0.00000000 0.00000000 0.00000000 0.00000000 0.00000000 0.00000000 0.00000000 0.00000000 0.00000000 -2.47521985 0.00000000 0.00000000 -12.00000000 0.00000000 0.00000000 0.00000000 0.00000000 0.00000000 0.00000000 0.00000000 0.00000000 2.47521985 0.00000000 0.00000000 -12.00000000 0.00000000 0.00000000 0.00000000 0.00000000 0.00000000 0.00000000 0.00000000 0.00000000 -29.06453562 0.00000000 0.00000000 19.90629043 0.00000000 0.00000000 9.15824519 0.00000000 0.00000000 0.00000000 0.00000000 0.00000000 -8.21606370 0.00000000 0.00000000 36.66626782 0.00000000 0.00000000 -28.45020412 0.00000000 0.00000000 0.00000000 0.00000000 0.00000000
0.00000000 0.86852019 1.72000000 0.00000000 0.00000000 0.00000000 0.00000000 0.00000000 0.00000000 0.00000000 0.00000000 0.00000000 0.00000000 0.00000000 0.00000000 0.00000000 0.00000000 0.00000000 0.00000000 0.00000000 0.00000000 -0.00000000 0.00000000 0.00000000 -12.00000000 0.00000000 0.00000000 0.00000000 0.00000000 0.00000000 0.00000000 0.00000000 0.00000000 0.00000000 0.00000000 0.00000000 -12.00000000 0.00000000 0.00000000 0.00000000 0.00000000 0.00000000 0.00000000 0.00000000 0.00000000 -30.25492126 0.00000000 0.00000000 23.58485608 0.00000000 0.00000000 6.67006518 0.00000000 0.00000000 0.00000000 0.00000000 0.00000000 -7.03821077 0.00000000 0.00000000 37.20581863 0.00000000 0.00000000 -30.16760786 0.00000000 0.00000000 0.00000000 0.00000000 0.00000000
0.00000000 0.86477581 1.74000000 0.00000000 0.00000000 0.00000000 0.00000000 0.00000000 0.00000000 0.00000000 0.00000000 0.00000000 0.00000000 0.00000000 0.00000000 0.00000000 0.00000000 0.00000000 0.00000000 0.00000000 0.00000000 2.47521985 0.00000000 0.00000000 -12.00000000 0.00000000 0.00000000 0.00000000 0.00000000 0.00000000 0.00000000 0.00000000 0.00000000 -2.47521985 0.00000000 0.00000000 -12.00000000 0.00000000 0.00000000 0.00000000 0.00000000 0.00000000 0.00000000 0.00000000 0.00000000 -31.85793709 0.00000000 0.00000000 29.24013102 0.00000000 0.00000000 2.61780607 0.00000000 0.00000000 0.00000000 0.00000000 0.00000000 -5.48432331 0.00000000 0.00000000 36.95653846 0.00000000 0.00000000 -31.47221516 0.00000000 0.00000000 0.00000000 0.00000000 0.00000000
0.00000000 0.86274047 1.76000000 0.00000000 0.00000000 0.00000000 0.00000000 0.00000000 0.00000000 0.00000000 0.00000000 0.00000000 0.00000000 0.00000000 0.00000000 0.00000000 0.00000000 0.00000000 0.00000000 0.00000000 0.00000000 4.89768469 0.00000000 0.00000000 -12.00000000 0.00000000 0.00000000 0.00000000 0.00000000 0.00000000 0.00000000 0.00000000 0.00000000 -4.89768469 0.00000000 0.00000000 -12.00000000 0.00000000 0.00000000 0.00000000 0.00000000 0.00000000 0.00000000 0.00000000 0.00000000 -32.47434591 0.00000000 0.00000000 33.04417233 0.00000000 0.00000000 -0.56982642 0.00000000 0.00000000 0.00000000 0.00000000 0.00000000 -3.49929112 0.00000000 0.00000000 35.77943894 0.00000000 0.00000000 -32.28014782 0.00000000 0.00000000 0.00000000 0.00000000 0.00000000
0.00000000 0.86258677 1.78000000 0.00000000 0.00000000 0.00000000 0.00000000 0.00000000 0.00000000 0.00000000 0.00000000 0.00000000 0.00000000 0.00000000 0.00000000 0.00000000 0.00000000 0.00000000 0.00000000 0.00000000 0.00000000 7.21576388 0.00000000 0.00000000 -12.00000000 0.00000000 0.00000000 0.00000000 0.00000000 0.00000000 0.00000000 0.00000000 0.00000000 -7.21576388 0.00000000 0.00000000 -12.00000000 0.00000000 0.00000000 0.00000000 0.00000000 0.00000000 0.00000000 0.00000000 0.00000000 -32.35759954 0.00000000 0.00000000 35.49534996 0.00000000 0.00000000 -3.13775042 0.00000000 0.00000000 0.00000000 0.00000000 0.00000000 -1.01864959 0.00000000 0.00000000 33.51954146 0.00000000 0.00000000 -32.50089186 0.00000000 0.00000000 0.00000000 0.00000000 0.00000000
0.00000000 0.86432774 1.80000000 0.00000000 0.00000000 0.00000000 0.00000000 0.00000000 0.00000000 0.00000000 0.00000000 0.00000000 0.00000000 0.00000000 0.00000000 0.00000000 0.00000000 0.00000000 0.00000000 0.00000000 0.00000000 9.38005159 0.00000000 0.00000000 -12.00000000 0.00000000 0.00000000 0.00000000 0.00000000 0.00000000 0.00000000 0.00000000 0.00000000 -9.38005159 0.00000000 0.00000000 -12.00000000 0.00000000 0.00000000 0.00000000 0.00000000 0.00000000 0.00000000 0.00000000 0.00000000 -31.63733572 0.00000000 0.00000000 36.83473168 0.00000000 0.00000000 -5.19739596 0.00000000 0.00000000 0.00000000 0.00000000 0.00000000 2.05856537 0.00000000 0.00000000 29.95536922 0.00000000 0.00000000 -32.01393458 0.00000000 0.00000000 0.00000000 0.00000000 0.00000000
0.00000000 0.86781576 1.82000000 0.00000000 0.00000000 0.00000000 0.00000000 0.00000000 0.00000000 0.00000000 0.00000000 0.00000000 0.00000000 0.00000000 0.00000000 0.00000000 0.00000000 0.00000000 0.00000000 0.00000000 0.00000000 11.34441979 0.00000000 0.00000000 -12.00000000 0.00000000 0.00000000 0.00000000 0.00000000 0.00000000 0.00000000 0.00000000 0.00000000 -11.34441979 0.00000000 0.00000000 -12.00000000 0.00000000 0.00000000 0.00000000 0.00000000 0.00000000 0.00000000 0.00000000 0.00000000 -30.40670242 0.00000000 0.00000000 37.22336858 0.00000000 0.00000000 -6.81666616 0.00000000 0.00000000 0.00000000 0.00000000 0.00000000 5.94357762 0.00000000 0.00000000 24.65427052 0.00000000 0.00000000 -30.59784814 0.00000000 0.00000000 0.00000000 0.00000000 0.00000000
0.00000000 0.87275504 1.84000000 0.00000000 0.00000000 0.00000000 0.00000000 0.00000000 0.00000000 0.00000000 0.00000000 0.00000000 0.00000000 0.00000000 0.00000000 0.00000000 0.00000000 0.00000000 0.00000000 0.00000000 0.00000000 13.06700138 0.00000000 0.00000000 -12.00000000 0.00000000 0.00000000 0.00000000 0.00000000 0.00000000 0.00000000 0.00000000 0.00000000 -13.06700138 0.00000000 0.00000000 -12.00000000 0.00000000 0.00000000 0.00000000 0.00000000 0.00000000 0.00000000 0.00000000 0.00000000 -28.74979095 0.00000000 0.00000000 36.80083935 0.00000000 0.00000000 -8.05104840 0.00000000 0.00000000 0.00000000 0.00000000 0.00000000 9.08015283 0.00000000 0.00000000 19.99397236 0.00000000 0.00000000 -29.07412519 0.00000000 0.00000000 0.00000000 0.00000000 0.00000000
0.00000000 0.87872674 1.86000000 0.00000000 0.00000000 0.00000000 0.00000000 0.00000000 0.00000000 0.00000000 0.00000000 0.00000000 0.00000000 0.00000000 0.00000000 0.00000000 0.00000000 0.00000000 0.00000000 0.00000000 0.00000000 14.51108251 0.00000000 0.00000000 -12.00000000 0.00000000 0.00000000 0.00000000 0.00000000 0.00000000 0.00000000 0.00000000 0.00000000 -14.51108251 0.00000000 0.00000000 -12.00000000 0.00000000 0.00000000 0.00000000 0.00000000 0.00000000 0.00000000 0.00000000 0.00000000 -26.75258484 0.00000000 0.00000000 35.71114817 0.00000000 0.00000000 -8.95856333 0.00000000 0.00000000 0.00000000 0.00000000 0.00000000 7.61442582 0.00000000 0.00000000 22.56468979 0.00000000 0.00000000 -30.17911561 0.00000000 0.00000000 0.00000000 0.00000000 0.00000000
0.00000000 0.88522446 1.88000000 0.00000000 0.00000000 0.00000000 0.00000000 0.00000000 0.00000000 0.00000000 0.00000000 0.00000000 0.00000000 0.00000000 0.00000000 0.00000000 0.00000000 0.00000000 0.00000000 0.00000000 0.00000000 15.64588512 0.00000000 0.00000000 -12.00000000 0.00000000 0.00000000 0.00000000 0.00000000 0.00000000 0.00000000 0.00000000 0.00000000 -15.64588512 0.00000000 0.00000000 -12.00000000 0.00000000 0.00000000 0.00000000 0.00000000 0.00000000 0.00000000 0.00000000 0.00000000 -24.50841328 0.00000000 0.00000000 34.11719565 0.00000000 0.00000000 -9.60878238 0.00000000 0.00000000 0.00000000 0.00000000 0.00000000 2.88518632 0.00000000 0.00000000 29.90115336 0.00000000 0.00000000 -32.78633968 0.00000000 0.00000000 0.00000000 0.00000000 0.00000000
0.00000000 0.89169720 1.90000000 0.00000000 0.00000000 0.00000000 0.00000000 0.00000000 0.00000000 0.00000000 0.00000000 0.00000000 0.00000000 0.00000000 0.00000000 0.00000000 0.00000000 0.00000000 0.00000000 0.00000000 0.00000000 16.44722285 0.00000000 0.00000000 -12.00000000 0.00000000 0.00000000 0.00000000 0.00000000 0.00000000 0.00000000 0.00000000 0.00000000 -16.44722285 0.00000000 0.00000000 -12.00000000 0.00000000 0.00000000 0.00000000 0.00000000 0.00000000 0.00000000 0.00000000 0.00000000 -22.12157363 0.00000000 0.00000000 32.21057610 0.00000000 0.00000000 -10.08900247 0.00000000 0.00000000 0.00000000 0.00000000 0.00000000 -3.23739872 0.00000000 0.00000000 38.38089270 0.00000000 0.00000000 -35.14349398 0.00000000 0.00000000 0.00000000 0.00000000 0.00000000
0.00000000 0.89759609 1.92000000 0.00000000 0.00000000 0.00000000 0.00000000 0.00000000 0.00000000 0.00000000 0.00000000 0.00000000 0.00000000 0.00000000 0.00000000 0.00000000 0.00000000 0.00000000 0.00000000 0.00000000 0.00000000 16.89801658 0.00000000 0.00000000 -12.00000000 0.00000000 0.00000000 0.00000000 0.00000000 0.00000000 0.00000000 0.00000000 0.00000000 -16.89801658 0.00000000 0.00000000 -12.00000000 0.00000000 0.00000000 0.00000000 0.00000000 0.00000000 0.00000000 0.00000000 0.00000000 -19.70983321 0.00000000 0.00000000 30.21785055 0.00000000 0.00000000 -10.50801734 0.00000000 0.00000000 0.00000000 0.00000000 0.00000000 -9.84376918 0.00000000 0.00000000 46.25705690 0.00000000 0.00000000 -36.41328773 0.00000000 0.00000000 0.00000000 0.00000000 0.00000000
0.00000000 0.90242091 1.94000000 0.00000000 0.00000000 0.00000000 0.00000000 0.00000000 0.00000000 0.00000000 0.00000000 0.00000000 0.00000000 0.00000000 0.00000000 0.00000000 0.00000000 0.00000000 0.00000000 0.00000000 0.00000000 16.98865842 0.00000000 0.00000000 -12.00000000 0.00000000 0.00000000 0.00000000 0.00000000 0.00000000 0.00000000 0.00000000 0.00000000 -16.98865842 0.00000000 0.00000000 -12.00000000 0.00000000 0.00000000 0.00000000 0.00000000 0.00000000 0.00000000 0.00000000 0.00000000 -17.40380779 0.00000000 0.00000000 28.39932052 0.00000000 0.00000000 -10.99551273 0.00000000 0.00000000 0.00000000 0.00000000 0.00000000 -16.44511456 0.00000000 0.00000000 52.66683390 0.00000000 0.00000000 -36.22171934 0.00000000 0.00000000 0.00000000 0.00000000 0.00000000
0.00000000 0.90576251 1.96000000 0.00000000 0.00000000 0.00000000 0.00000000 0.00000000 0.00000000 0.00000000 0.00000000 0.00000000 0.00000000 0.00000000 0.00000000 0.00000000 0.00000000 0.00000000 0.00000000 0.00000000 0.00000000 16.71721651 0.00000000 0.00000000 -12.00000000 0.00000000 0.00000000 0.00000000 0.00000000 0.00000000 0.00000000 0.00000000 0.00000000 -16.71721651 0.00000000 0.00000000 -12.00000000 0.00000000 0.00000000 0.00000000 0.00000000 0.00000000 0.00000000 0.00000000 0.00000000 -15.33790402 0.00000000 0.00000000 27.02990764 0.00000000 0.00000000 -11.69200362 0.00000000 0.00000000 0.00000000 0.00000000 0.00000000 -22.65333847 0.00000000 0.00000000 57.07807224 0.00000000 0.00000000 -34.42473377 0.00000000 0.00000000 0.00000000 0.00000000 0.00000000
0.00000000 0.90733754 1.98000000 0.00000000 0.00000000 0.00000000 0.00000000 0.00000000 0.00000000 0.00000000 0.00000000 0.00000000 0.00000000 0.00000000 0.00000000 0.00000000 0.00000000 0.00000000 0.00000000 0.00000000 0.00000000 16.08947614 0.00000000 0.00000000 -12.00000000 0.00000000 0.00000000 0.00000000 0.00000000 0.00000000 0.00000000 0.00000000 0.00000000 -16.08947614 0.00000000 0.00000000 -12.00000000 0.00000000 0.00000000 0.00000000 0.00000000 0.00000000 0.00000000 0.00000000 0.00000000 -13.62657928 0.00000000 0.00000000 26.34995214 0.00000000 0.00000000 -12.72337287 0.00000000 0.00000000 0.00000000 0.00000000 0.00000000 -28.08563319 0.00000000 0.00000000 59.14971246 0.00000000 0.00000000 -31.06407927 0.00000000 0.00000000 0.00000000 0.00000000 0.00000000
0.00000000 0.90701242 2.00000000 0.00000000 0.00000000 0.00000000 0.00000000 0.00000000 0.00000000 0.00000000 0.00000000 0.00000000 0.00000000 0.00000000 0.00000000 0.00000000 0.00000000 0.00000000 0.00000000 0.00000000 0.00000000 15.11881653 0.00000000 0.00000000 -12.00000000 0.00000000 0.00000000 0.00000000 0.00000000 0.00000000 0.00000000 0.00000000 0.00000000 -15.11881653 0.00000000 0.00000000 -12.00000000 0.00000000 0.00000000 0.00000000 0.00000000 0.00000000 0.00000000 0.00000000 0.00000000 -12.32888216 0.00000000 0.00000000 26.49214059 0.00000000 0.00000000 -14.16325843 0.00000000 0.00000000 0.00000000 0.00000000 0.00000000 -32.37216646 0.00000000 0.00000000 58.72157485 0.00000000 0.00000000 -26.34940839 0.00000000 0.00000000 0.00000000 0.00000000 0.00000000
0.00000000 0.90481474 2.02000000 0.00000000 0.00000000 0.00000000 0.00000000 0.00000000 0.00000000 0.00000000 0.00000000 0.00000000 0.00000000 0.00000000 0.00000000 0.00000000 0.00000000 0.00000000 0.00000000 0.00000000 0.00000000 13.82592559 0.00000000 0.00000000 -12.00000000 0.00000000 0.00000000 0.00000000 0.00000000 0.00000000 0.00000000 0.00000000 0.00000000 -13.82592559 0.00000000 0.00000000 -12.00000000 0.00000000 0.00000000 0.00000000 0.00000000 0.00000000 0.00000000 0.00000000 0.00000000 -11.42283287 0.00000000 0.00000000 27.42790137 0.00000000 0.00000000 -16.00506850 0.00000000 0.00000000 0.00000000 0.00000000 0.00000000 -35.21678061 0.00000000 0.00000000 55.82688584 0.00000000 0.00000000 -20.61010523 0.00000000 0.00000000 0.00000000 0.00000000 0.00000000
0.00000000 0.90093086 2.04000000 0.00000000 0.00000000 0.00000000 0.00000000 0.00000000 0.00000000 0.00000000 0.00000000 0.00000000 0.00000000 0.00000000 0.00000000 0.00000000 0.00000000 0.00000000 0.00000000 0.00000000 0.00000000 12.23835905 0.00000000 0.00000000 -12.00000000 0.00000000 0.00000000 0.00000000 0.00000000 0.00000000 0.00000000 0.00000000 0.00000000 -12.23835905 0.00000000 0.00000000 -12.00000000 0.00000000 0.00000000 0.00000000 0.00000000 0.00000000 0.00000000 0.00000000 0.00000000 -10.81281255 0.00000000 0.00000000 28.97977001 0.00000000 0.00000000 -18.16695746 0.00000000 0.00000000 0.00000000 0.00000000 0.00000000 -36.46337657 0.00000000 0.00000000 50.68885777 0.00000000 0.00000000 -14.22548120 0.00000000 0.00000000 0.00000000 0.00000000 0.00000000
0.00000000 0.89569011 2.06000000 0.00000000 0.00000000 0.00000000 0.00000000 0.00000000 0.00000000 0.00000000 0.00000000 0.00000000 0.00000000 0.00000000 0.00000000 0.00000000 0.00000000 0.00000000 0.00000000 0.00000000 0.00000000 10.38995314 0.00000000 0.00000000 -12.00000000 0.00000000 0.00000000 0.00000000 0.00000000 0.00000000 0.00000000 0.00000000 0.00000000 -10.38995314 0.00000000 0.00000000 -12.00000000 0.00000000 0.00000000 0.00000000 0.00000000 0.00000000 0.00000000 0.00000000 0.00000000 -10.36409356 0.00000000 0.00000000 30.88813586 0.00000000 0.00000000 -20.52404230 0.00000000 0.00000000 0.00000000 0.00000000 0.00000000 -36.13200034 0.00000000 0.00000000 43.70908051 0.00000000 0.00000000 -7.57708017 0.00000000 0.00000000 0.00000000 0.00000000 0.00000000
0.00000000 0.88953692 2.08000000 0.00000000 0.00000000 0.00000000 0.00000000 0.00000000 0.00000000 0.00000000 0.00000000 0.00000000 0.00000000 0.00000000 0.00000000 0.00000000 0.00000000 0.00000000 0.00000000 0.00000000 0.00000000 8.32010341 0.00000000 0.00000000 -12.00000000 0.00000000 0.00000000 0.00000000 0.00000000 0.00000000 0.00000000 0.00000000 0.00000000 -8.32010341 0.00000000 0.00000000 -12.00000000 0.00000000 0.00000000 0.00000000 0.00000000 0.00000000 0.00000000 0.00000000 0.00000000 -9.93783711 0.00000000 0.00000000 32.87920275 0.00000000 0.00000000 -22.94136564 0.00000000 0.00000000 0.00000000 0.00000000 0.00000000 -34.43524107 0.00000000 0.00000000 35.50436749 0.00000000 0.00000000 -1.06912642 0.00000000 0.00000000 0.00000000 0.00000000 0.00000000
0.00000000 0.88299305 2.10000000 0.00000000 0.00000000 0.00000000 0.00000000 0.00000000 0.00000000 0.00000000 0.00000000 0.00000000 0.00000000 0.00000000 0.00000000 0.00000000 0.00000000 0.00000000 0.00000000 0.00000000 0.00000000 6.07292513 0.00000000 0.00000000 -12.00000000 0.00000000 0.00000000 0.00000000 0.00000000 0.00000000 0.00000000 0.00000000 0.00000000 -6.07292513 0.00000000 0.00000000 -12.00000000 0.00000000 0.00000000 0.00000000 0.00000000 0.00000000 0.00000000 0.00000000 0.00000000 -9.41093351 0.00000000 0.00000000 34.70315703 0.00000000 0.00000000 -25.29222353 0.00000000 0.00000000 0.00000000 0.00000000 0.00000000 -31.86133356 0.00000000 0.00000000 27.14124127 0.00000000 0.00000000 4.72009229 0.00000000 0.00000000 0.00000000 0.00000000 0.00000000
0.00000000 0.87661344 2.12000000 0.00000000 0.00000000 0.00000000 0.00000000 0.00000000 0.00000000 0.00000000 0.00000000 0.00000000 0.00000000 0.00000000 0.00000000 0.00000000 0.00000000 0.00000000 0.00000000 0.00000000 0.00000000 3.69631298 0.00000000 0.00000000 -12.00000000 0.00000000 0.00000000 0.00000000 0.00000000 0.00000000 0.00000000 0.00000000 0.00000000 -3.69631298 0.00000000 0.00000000 -12.00000000 0.00000000 0.00000000 0.00000000 0.00000000 0.00000000 0.00000000 0.00000000 0.00000000 -8.68211085 0.00000000 0.00000000 36.14569384 0.00000000 0.00000000 -27.46358299 0.00000000 0.00000000 0.00000000 0.00000000 0.00000000 -29.52321015 0.00000000 0.00000000 20.92391823 0.00000000 0.00000000 8.59929192 0.00000000 0.00000000 0.00000000 0.00000000 0.00000000
0.00000000 0.87093905 2.14000000 0.00000000 0.00000000 0.00000000 0.00000000 0.00000000 0.00000000 0.00000000 0.00000000 0.00000000 0.00000000 0.00000000 0.00000000 0.00000000 0.00000000 0.00000000 0.00000000 0.00000000 0.00000000 1.24092035 0.00000000 0.00000000 -12.00000000 0.00000000 0.00000000 0.00000000 0.00000000 0.00000000 0.00000000 0.00000000 0.00000000 -1.24092035 0.00000000 0.00000000 -12.00000000 0.00000000 0.00000000 0.00000000 0.00000000 0.00000000 0.00000000 0.00000000 0.00000000 -7.67064585 0.00000000 0.00000000 37.02586242 0.00000000 0.00000000 -29.35521656 0.00000000 0.00000000 0.00000000 0.00000000 0.00000000 -29.34474532 0.00000000 0.00000000 20.85172071 0.00000000 0.00000000 8.49302461 0.00000000 0.00000000 0.00000000 0.00000000 0.00000000
0.00000000 0.86645108 2.16000000 0.00000000 0.00000000 0.00000000 0.00000000 0.00000000 0.00000000 0.00000000 0.00000000 0.00000000 0.00000000 0.00000000 0.00000000 0.00000000 0.00000000 0.00000000 0.00000000 0.00000000 0.00000000 -1.24092035 0.00000000 0.00000000 -12.00000000 0.00000000 0.00000000 0.00000000 0.00000000 0.00000000 0.00000000 0.00000000 0.00000000 1.24092035 0.00000000 0.00000000 -12.00000000 0.00000000 0.00000000 0.00000000 0.00000000 0.00000000 0.00000000 0.00000000 0.00000000 -6.31169182 0.00000000 0.00000000 37.18843745 0.00000000 0.00000000 -30.87674564 0.00000000 0.00000000 0.00000000 0.00000000 0.00000000 -31.20628724 0.00000000 0.00000000 26.69684884 0.00000000 0.00000000 4.50943840 0.00000000 0.00000000 0.00000000 0.00000000 0.00000000
0.00000000 0.86353009 2.18000000 0.00000000 0.00000000 0.00000000 0.00000000 0.00000000 0.00000000 0.00000000 0.00000000 0.00000000 0.00000000 0.00000000 0.00000000 0.00000000 0.00000000 0.00000000 0.00000000 0.00000000 0.00000000 -3.69631298 0.00000000 0.00000000 -12.00000000 0.00000000 0.00000000 0.00000000 0.00000000 0.00000000 0.00000000 0.00000000 0.00000000 3.69631298 0.00000000 0.00000000 -12.00000000 0.00000000 0.00000000 0.00000000 0.00000000 0.00000000 0.00000000 0.00000000 0.00000000 -4.54929313 0.00000000 0.00000000 36.49289080 0.00000000 0.00000000 -31.94359767 0.00000000 0.00000000 0.00000000 0.00000000 0.00000000 -32.26884012 0.00000000 0.00000000 31.33258674 0.00000000 0.00000000 0.93625338 0.00000000 0.00000000 0.00000000 0.00000000 0.00000000
0.00000000 0.86242378 2.20000000 0.00000000 0.00000000 0.00000000 0.00000000 0.00000000 0.00000000 0.00000000 0.00000000 0.00000000 0.00000000 0.00000000 0.00000000 0.00000000 0.00000000 0.00000000 0.00000000 0.00000000 0.00000000 -6.07292513 0.00000000 0.00000000 -12.00000000 0.00000000 0.00000000 0.00000000 0.00000000 0.00000000 0.00000000 0.00000000 0.00000000 6.07292513 0.00000000 0.00000000 -12.00000000 0.00000000 0.00000000 0.00000000 0.00000000 0.00000000 0.00000000 0.00000000 0.00000000 -2.32589067 0.00000000 0.00000000 34.79619191 0.00000000 0.00000000 -32.47030124 0.00000000 0.00000000 0.00000000 0.00000000 0.00000000 -32.49812876 0.00000000 0.00000000 34.42082793 0.00000000 0.00000000 -1.92269917 0.00000000 0.00000000 0.00000000 0.00000000 0.00000000
0.00000000 0.86322597 2.22000000 0.00000000 0.00000000 0.00000000 0.00000000 0.00000000 0.00000000 0.00000000 0.00000000 0.00000000 0.00000000 0.00000000 0.00000000 0.00000000 0.00000000 0.00000000 0.00000000 0.00000000 0.00000000 -8.32010341 0.00000000 0.00000000 -12.00000000 0.00000000 0.00000000 0.00000000 0.00000000 0.00000000 0.00000000 0.00000000 0.00000000 8.32010341 0.00000000 0.00000000 -12.00000000 0.00000000 0.00000000 0.00000000 0.00000000 0.00000000 0.00000000 0.00000000 0.00000000 0.43629048 0.00000000 0.00000000 31.91956208 0.00000000 0.00000000 -32.35585256 0.00000000 0.00000000 0.00000000 0.00000000 0.00000000 -32.06667752 0.00000000 0.00000000 36.29300820 0.00000000 0.00000000 -4.22633068 0.00000000 0.00000000 0.00000000 0.00000000 0.00000000
0.00000000 0.86586862 2.24000000 0.00000000 0.00000000 0.00000000 0.00000000 0.00000000 0.00000000 0.00000000 0.00000000 0.00000000 0.00000000 0.00000000 0.00000000 0.00000000 0.00000000 0.00000000 0.00000000 0.00000000 0.00000000 -10.38995314 0.00000000 0.00000000 -12.00000000 0.00000000 0.00000000 0.00000000 0.00000000 0.00000000 0.00000000 0.00000000 0.00000000 10.38995314 0.00000000 0.00000000 -12.00000000 0.00000000 0.00000000 0.00000000 0.00000000 0.00000000 0.00000000 0.00000000 0.00000000 3.87796436 0.00000000 0.00000000 27.56642420 0.00000000 0.00000000 -31.44438856 0.00000000 0.00000000 0.00000000 0.00000000 0.00000000 -31.08051692 0.00000000 0.00000000 37.13905283 0.00000000 0.00000000 -6.05853591 0.00000000 0.00000000 0.00000000 0.00000000 0.00000000
0.00000000 0.87012766 2.26000000 0.00000000 0.00000000 0.00000000 0.00000000 0.00000000 0.00000000 0.00000000 0.00000000 0.00000000 0.00000000 0.00000000 0.00000000 0.00000000 0.00000000 0.00000000 0.00000000 0.00000000 0.00000000 -12.23835905 0.00000000 0.00000000 -12.00000000 0.00000000 0.00000000 0.00000000 0.00000000 0.00000000 0.00000000 0.00000000 0.00000000 12.23835905 0.00000000 0.00000000 -12.00000000 0.00000000 0.00000000 0.00000000 0.00000000 0.00000000 0.00000000 0.00000000 0.00000000 8.02490121 0.00000000 0.00000000 21.55578413 0.00000000 0.00000000 -29.58068534 0.00000000 0.00000000 0.00000000 0.00000000 0.00000000 -29.62627971 0.00000000 0.00000000 37.10480454 0.00000000 0.00000000 -7.47852483 0.00000000 0.00000000 0.00000000 0.00000000 0.00000000
0.00000000 0.87564191 2.28000000 0.00000000 0.00000000 0.00000000 0.00000000 0.00000000 0.00000000 0.00000000 0.00000000 0.00000000 0.00000000 0.00000000 0.00000000 0.00000000 0.00000000 0.00000000 0.00000000 0.00000000 0.00000000 -13.82592559 0.00000000 0.00000000 -12.00000000 0.00000000 0.00000000 0.00000000 0.00000000 0.00000000 0.00000000 0.00000000 0.00000000 13.82592559 0.00000000 0.00000000 -12.00000000 0.00000000 0.00000000 0.00000000 0.00000000 0.00000000 0.00000000 0.00000000 0.00000000 8.90258722 0.00000000 0.00000000 20.40023596 0.00000000 0.00000000 -29.30282318 0.00000000 0.00000000 0.00000000 0.00000000 0.00000000 -27.78811092 0.00000000 0.00000000 36.32978068 0.00000000 0.00000000 -8.54166976 0.00000000 0.00000000 0.00000000 0.00000000 0.00000000
0.00000000 0.88194377 2.30000000 0.00000000 0.00000000 0.00000000 0.00000000 0.00000000 0.00000000 0.00000000 0.00000000 0.00000000 0.00000000 0.00000000 0.00000000 0.00000000 0.00000000 0.00000000 0.00000000 0.00000000 0.00000000 -15.11881653 0.00000000 0.00000000 -12.00000000 0.00000000 0.00000000 0.00000000 0.00000000 0.00000000 0.00000000 0.00000000 0.00000000 15.11881653 0.00000000 0.00000000 -12.00000000 0.00000000 0.00000000 0.00000000 0.00000000 0.00000000 0.00000000 0.00000000 0.00000000 5.51428521 0.00000000 0.00000000 25.91472418 0.00000000 0.00000000 -31.42900939 0.00000000 0.00000000 0.00000000 0.00000000 0.00000000 -25.65514460 0.00000000 0.00000000 34.96599655 0.00000000 0.00000000 -9.31085195 0.00000000 0.00000000 0.00000000 0.00000000 0.00000000
0.00000000 0.88849886 2.32000000 0.00000000 0.00000000 0.00000000 0.00000000 0.00000000 0.00000000 0.00000000 0.00000000 0.00000000 0.00000000 0.00000000 0.00000000 0.00000000 0.00000000 0.00000000 0.00000000 0.00000000 0.00000000 -16.08947614 0.00000000 0.00000000 -12.00000000 0.00000000 0.00000000 0.00000000 0.00000000 0.00000000 0.00000000 0.00000000 0.00000000 16.08947614 0.00000000 0.00000000 -12.00000000 0.00000000 0.00000000 0.00000000 0.00000000 0.00000000 0.00000000 0.00000000 0.00000000 -0.07493510 0.00000000 0.00000000 34.13951102 0.00000000 0.00000000 -34.06457592 0.00000000 0.00000000 0.00000000 0.00000000 0.00000000 -23.32579949 0.00000000 0.00000000 33.18966918 0.00000000 0.00000000 -9.86386969 0.00000000 0.00000000 0.00000000 0.00000000 0.00000000
0.00000000 0.89475131 2.34000000 0.00000000 0.00000000 0.00000000 0.00000000 0.00000000 0.00000000 0.00000000 0.00000000 0.00000000 0.00000000 0.00000000 0.00000000 0.00000000 0.00000000 0.00000000 0.00000000 0.00000000 0.00000000 -16.71721651 0.00000000 0.00000000 -12.00000000 0.00000000 0.00000000 0.00000000 0.00000000 0.00000000 0.00000000 0.00000000 0.00000000 16.71721651 0.00000000 0.00000000 -12.00000000 0.00000000 0.00000000 0.00000000 0.00000000 0.00000000 0.00000000 0.00000000 0.00000000 -6.51517790 0.00000000 0.00000000 42.45945950 0.00000000 0.00000000 -35.94428160 0.00000000 0.00000000 0.00000000 0.00000000 0.00000000 -20.91090615 0.00000000 0.00000000 31.20939597 0.00000000 0.00000000 -10.29848982 0.00000000 0.00000000 0.00000000 0.00000000 0.00000000
0.00000000 0.90017092 2.36000000 0.00000000 0.00000000 0.00000000 0.00000000 0.00000000 0.00000000 0.00000000 0.00000000 0.00000000 0.00000000 0.00000000 0.00000000 0.00000000 0.00000000 0.00000000 0.00000000 0.00000000 0.00000000 -16.98865842 0.00000000 0.00000000 -12.00000000 0.00000000 0.00000000 0.00000000 0.00000000 0.00000000 0.00000000 0.00000000 0.00000000 16.98865842 0.00000000 0.00000000 -12.00000000 0.00000000 0.00000000 0.00000000 0.00000000 0.00000000 0.00000000 0.00000000 0.00000000 -13.16990753 0.00000000 0.00000000 49.68358022 0.00000000 0.00000000 -36.51367269 0.00000000 0.00000000 0.00000000 0.00000000 0.00000000 -18.53509865 0.00000000 0.00000000 29.26956190 0.00000000 0.00000000 -10.73446325 0.00000000 0.00000000 0.00000000 0.00000000 0.00000000
0.00000000 0.90429811 2.38000000 0.00000000 0.00000000 0.00000000 0.00000000 0.00000000 0.00000000 0.00000000 0.00000000 0.00000000 0.00000000 0.00000000 0.00000000 0.00000000 0.00000000 0.00000000 0.00000000 0.00000000 0.00000000 -16.89801658 0.00000000 0.00000000 -12.00000000 0.00000000 0.00000000 0.00000000 0.00000000 0.00000000 0.00000000 0.00000000 0.00000000 16.89801658 0.00000000 0.00000000 -12.00000000 0.00000000 0.00000000 0.00000000 0.00000000 0.00000000 0.00000000 0.00000000 0.00000000 -19.62214253 0.00000000 0.00000000 55.14767370 0.00000000 0.00000000 -35.52553117 0.00000000 0.00000000 0.00000000 0.00000000 0.00000000 -16.33282867 0.00000000 0.00000000 27.64183716 0.00000000 0.00000000 -11.30900849 0.00000000 0.00000000 0.00000000 0.00000000 0.00000000
0.00000000 0.90678290 2.40000000 0.00000000 0.00000000 0.00000000 0.00000000 0.00000000 0.00000000 0.00000000 0.00000000 0.00000000 0.00000000 0.00000000 0.00000000 0.00000000 0.00000000 0.00000000 0.00000000 0.00000000 0.00000000 -16.44722285 0.00000000 0.00000000 -12.00000000 0.00000000 0.00000000 0.00000000 0.00000000 0.00000000 0.00000000 0.00000000 0.00000000 16.44722285 0.00000000 0.00000000 -12.00000000 0.00000000 0.00000000 0.00000000 0.00000000 0.00000000 0.00000000 0.00000000 0.00000000 -25.49045691 0.00000000 0.00000000 58.42077356 0.00000000 0.00000000 -32.93031664 0.00000000 0.00000000 0.00000000 0.00000000 0.00000000 -14.43250689 0.00000000 0.00000000 26.59205816 0.00000000 0.00000000 -12.15955127 0.00000000 0.00000000 0.00000000 0.00000000 0.00000000
0.00000000 0.90741459 2.42000000 0.00000000 0.00000000 0.00000000 0.00000000 0.00000000 0.00000000 0.00000000 0.00000000 0.00000000 0.00000000 0.00000000 0.00000000 0.00000000 0.00000000 0.00000000 0.00000000 0.00000000 0.00000000 -15.64588512 0.00000000 0.00000000 -12.00000000 0.00000000 0.00000000 0.00000000 0.00000000 0.00000000 0.00000000 0.00000000 0.00000000 15.64588512 0.00000000 0.00000000 -12.00000000 0.00000000 0.00000000 0.00000000 0.00000000 0.00000000 0.00000000 0.00000000 0.00000000 -30.39322687 0.00000000 0.00000000 59.25063983 0.00000000 0.00000000 -28.85741296 0.00000000 0.00000000 0.00000000 0.00000000 0.00000000 -12.92540137 0.00000000 0.00000000 26.31605515 0.00000000 0.00000000 -13.39065378 0.00000000 0.00000000 0.00000000 0.00000000 0.00000000
0.00000000 0.90613961 2.44000000 0.00000000 0.00000000 0.00000000 0.00000000 0.00000000 0.00000000 0.00000000 0.00000000 0.00000000 0.00000000 0.00000000 0.00000000 0.00000000 0.00000000 0.00000000 0.00000000 0.00000000 0.00000000 -14.51108251 0.00000000 0.00000000 -12.00000000 0.00000000 0.00000000 0.00000000 0.00000000 0.00000000 0.00000000 0.00000000 0.00000000 14.51108251 0.00000000 0.00000000 -12.00000000 0.00000000 0.00000000 0.00000000 0.00000000 0.00000000 0.00000000 0.00000000 0.00000000 -33.98836294 0.00000000 0.00000000 57.57287376 0.00000000 0.00000000 -23.58451082 0.00000000 0.00000000 0.00000000 0.00000000 0.00000000 -11.83148665 0.00000000 0.00000000 26.86906801 0.00000000 0.00000000 -15.03758136 0.00000000 0.00000000 0.00000000 0.00000000 0.00000000
0.00000000 0.90306607 2.46000000 0.00000000 0.00000000 0.00000000 0.00000000 0.00000000 0.00000000 0.00000000 0.00000000 0.00000000 0.00000000 0.00000000 0.00000000 0.00000000 0.00000000 0.00000000 0.00000000 0.00000000 0.00000000 -13.06700138 0.00000000 0.00000000 -12.00000000 0.00000000 0.00000000 0.00000000 0.00000000 0.00000000 0.00000000 0.00000000 0.00000000 13.06700138 0.00000000 0.00000000 -12.00000000 0.00000000 0.00000000 0.00000000 0.00000000 0.00000000 0.00000000 0.00000000 0.00000000 -36.04288182 0.00000000 0.00000000 53.51734995 0.00000000 0.00000000 -17.47446814 0.00000000 0.00000000 0.00000000 0.00000000 0.00000000 -11.08879243 0.00000000 0.00000000 28.14203579 0.00000000 0.00000000 -17.05324337 0.00000000 0.00000000 0.00000000 0.00000000 0.00000000
0.00000000 0.89845461 2.48000000 0.00000000 0.00000000 0.00000000 0.00000000 0.00000000 0.00000000 0.00000000 0.00000000 0.00000000 0.00000000 0.00000000 0.00000000 0.00000000 0.00000000 0.00000000 0.00000000 0.00000000 0.00000000 -11.34441979 0.00000000 0.00000000 -12.00000000 0.00000000 0.00000000 0.00000000 0.00000000 0.00000000 0.00000000 0.00000000 0.00000000 11.34441979 0.00000000 0.00000000 -12.00000000 0.00000000 0.00000000 0.00000000 0.00000000 0.00000000 0.00000000 0.00000000 0.00000000 -36.48646209 0.00000000 0.00000000 47.39688033 0.00000000 0.00000000 -10.91041824 0.00000000 0.00000000 0.00000000 0.00000000 0.00000000 -10.57718650 0.00000000 0.00000000 29.90677969 0.00000000 0.00000000 -19.32959319 0.00000000 0.00000000 0.00000000 0.00000000 0.00000000
0.00000000 0.89269628 2.50000000 0.00000000 0.00000000 0.00000000 0.00000000 0.00000000 0.00000000 0.00000000 0.00000000 0.00000000 0.00000000 0.00000000 0.00000000 0.00000000 0.00000000 0.00000000 0.00000000 0.00000000 0.00000000 -9.38005159 0.00000000 0.00000000 -12.00000000 0.00000000 0.00000000 0.00000000 0.00000000 0.00000000 0.00000000 0.00000000 0.00000000 9.38005159 0.00000000 0.00000000 -12.00000000 0.00000000 0.00000000 0.00000000 0.00000000 0.00000000 0.00000000 0.00000000 0.00000000 -35.43237912 0.00000000 0.00000000 39.70904174 0.00000000 0.00000000 -4.27666261 0.00000000 0.00000000 0.00000000 0.00000000 0.00000000 -10.15634277 0.00000000 0.00000000 31.88973872 0.00000000 0.00000000 -21.73339595 0.00000000 0.00000000 0.00000000 0.00000000 0.00000000
0.00000000 0.88627937 2.52000000 0.00000000 0.00000000 0.00000000 0.00000000 0.00000000 0.00000000 0.00000000 0.00000000 0.00000000 0.00000000 0.00000000 0.00000000 0.00000000 0.00000000 0.00000000 0.00000000 0.00000000 0.00000000 -7.21576388 0.00000000 0.00000000 -12.00000000 0.00000000 0.00000000 0.00000000 0.00000000 0.00000000 0.00000000 0.00000000 0.00000000 7.21576388 0.00000000 0.00000000 -12.00000000 0.00000000 0.00000000 0.00000000 0.00000000 0.00000000 0.00000000 0.00000000 0.00000000 -33.21002532 0.00000000 0.00000000 31.24267475 0.00000000 0.00000000 1.96735057 0.00000000 0.00000000 0.00000000 0.00000000 0.00000000 -9.69381508 0.00000000 0.00000000 33.82630928 0.00000000 0.00000000 -24.13249419 0.00000000 0.00000000 0.00000000 0.00000000 0.00000000
0.00000000 0.87974802 2.54000000 0.00000000 0.00000000 0.00000000 0.00000000 0.00000000 0.00000000 0.00000000 0.00000000 0.00000000 0.00000000 0.00000000 0.00000000 0.00000000 0.00000000 0.00000000 0.00000000 0.00000000 0.00000000 -4.89768469 0.00000000 0.00000000 -12.00000000 0.00000000 0.00000000 0.00000000 0.00000000 0.00000000 0.00000000 0.00000000 0.00000000 4.89768469 0.00000000 0.00000000 -12.00000000 0.00000000 0.00000000 0.00000000 0.00000000 0.00000000 0.00000000 0.00000000 0.00000000 -30.55160759 0.00000000 0.00000000 23.53513005 0.00000000 0.00000000 7.01647754 0.00000000 0.00000000 0.00000000 0.00000000 0.00000000 -9.07724541 0.00000000 0.00000000 35.48412050 0.00000000 0.00000000 -26.40687509 0.00000000 0.00000000 0.00000000 0.00000000 0.00000000
0.00000000 0.87365610 2.56000000 0.00000000 0.00000000 0.00000000 0.00000000 0.00000000 0.00000000 0.00000000 0.00000000 0.00000000 0.00000000 0.00000000 0.00000000 0.00000000 0.00000000 0.00000000 0.00000000 0.00000000 0.00000000 -2.47521985 0.00000000 0.00000000 -12.00000000 0.00000000 0.00000000 0.00000000 0.00000000 0.00000000 0.00000000 0.00000000 0.00000000 2.47521985 0.00000000 0.00000000 -12.00000000 0.00000000 0.00000000 0.00000000 0.00000000 0.00000000 0.00000000 0.00000000 0.00000000 -29.06453562 0.00000000 0.00000000 19.90629043 0.00000000 0.00000000 9.15824519 0.00000000 0.00000000 0.00000000 0.00000000 0.00000000 -8.21606370 0.00000000 0.00000000 36.66626782 0.00000000 0.00000000 -28.45020412 0.00000000 0.00000000 0.00000000 0.00000000 0.00000000
0.00000000 0.86852019 2.58000000 0.00000000 0.00000000 0.00000000 0.00000000 0.00000000 0.00000000 0.00000000 0.00000000 0.00000000 0.00000000 0.00000000 0.00000000 0.00000000 0.00000000 0.00000000 0.00000000 0.00000000 0.00000000 -0.00000000 0.00000000 0.00000000 -12.00000000 0.00000000 0.00000000 0.00000000 0.00000000 0.00000000 0.00000000 0.00000000 0.00000000 0.00000000 0.00000000 0.00000000 -12.00000000 0.00000000 0.00000000 0.00000000 0.00000000 0.00000000 0.00000000 0.00000000 0.00000000 -30.25492126 0.00000000 0.00000000 23.58485608 0.00000000 0.00000000 6.67006518 0.00000000 0.00000000 0.00000000 0.00000000 0.00000000 -7.03821077 0.00000000 0.00000000 37.20581863 0.00000000 0.00000000 -30.16760786 0.00000000 0.00000000 0.00000000 0.00000000 0.00000000
0.00000000 0.86477581 2.60000000 0.00000000 0.00000000 0.00000000 0.00000000 0.00000000 0.00000000 0.00000000 0.00000000 0.00000000 0.00000000 0.00000000 0.00000000 0.00000000 0.00000000 0.00000000 0.00000000 0.00000000 0.00000000 2.47521985 0.00000000 0.00000000 -12.00000000 0.00000000 0.00000000 0.00000000 0.00000000 0.00000000 0.00000000 0.00000000 0.00000000 -2.47521985 0.00000000 0.00000000 -12.00000000 0.00000000 0.00000000 0.00000000 0.00000000 0.00000000 0.00000000 0.00000000 0.00000000 -31.85793709 0.00000000 0.00000000 29.24013102 0.00000000 0.00000000 2.61780607 0.00000000 0.00000000 0.00000000 0.00000000 0.00000000 -5.48432331 0.00000000 0.00000000 36.95653846 0.00000000 0.00000000 -31.47221516 0.00000000 0.00000000 0.00000000 0.00000000 0.00000000
0.00000000 0.86274047 2.62000000 0.00000000 0.00000000 0.00000000 0.00000000 0.00000000 0.00000000 0.00000000 0.00000000 0.00000000 0.00000000 0.00000000 0.00000000 0.00000000 0.00000000 0.00000000 0.00000000 0.00000000 0.00000000 4.89768469 0.00000000 0.00000000 -12.00000000 0.00000000 0.00000000 0.00000000 0.00000000 0.00000000 0.00000000 0.00000000 0.00000000 -4.89768469 0.00000000 0.00000000 -12.00000000 0.00000000 0.00000000 0.00000000 0.00000000 0.00000000 0.00000000 0.00000000 0.00000000 -32.47434591 0.00000000 0.00000000 33.04417233 0.00000000 0.00000000 -0.56982642 0.00000000 0.00000000 0.00000000 0.00000000 0.00000000 -3.49929112 0.00000000 0.00000000 35.77943894 0.00000000 0.00000000 -32.28014782 0.00000000 0.00000000 0.00000000 0.00000000 0.00000000
0.00000000 0.86258677 2.64000000 0.00000000 0.00000000 0.00000000 0.00000000 0.00000000 0.00000000 0.00000000 0.00000000 0.00000000 0.00000000 0.00000000 0.00000000 0.00000000 0.00000000 0.00000000 0.00000000 0.00000000 0.00000000 7.21576388 0.00000000 0.00000000 -12.00000000 0.00000000 0.00000000 0.00000000 0.00000000 0.00000000 0.00000000 0.00000000 0.00000000 -7.21576388 0.00000000 0.00000000 -12.00000000 0.00000000 0.00000000 0.00000000 0.00000000 0.00000000 0.00000000 0.00000000 0.00000000 -32.35759954 0.00000000 0.00000000 35.49534996 0.00000000 0.00000000 -3.13775042 0.00000000 0.00000000 0.00000000 0.00000000 0.00000000 -1.01864959 0.00000000 0.00000000 33.51954146 0.00000000 0.00000000 -32.50089186 0.00000000 0.00000000 0.00000000 0.00000000 0.00000000
0.00000000 0.86432774 2.66000000 0.00000000 0.00000000 0.00000000 0.00000000 0.00000000 0.00000000 0.00000000 0.00000000 0.00000000 0.00000000 0.00000000 0.00000000 0.00000000 0.00000000 0.00000000 0.00000000 0.00000000 0.00000000 9.38005159 0.00000000 0.00000000 -12.00000000 0.00000000 0.00000000 0.00000000 0.00000000 0.00000000 0.00000000 0.00000000 0.00000000 -9.38005159 0.00000000 0.00000000 -12.00000000 0.00000000 0.00000000 0.00000000 0.00000000 0.00000000 0.00000000 0.00000000 0.00000000 -31.63733572 0.00000000 0.00000000 36.83473168 0.00000000 0.00000000 -5.19739596 0.00000000 0.00000000 0.00000000 0.00000000 0.00000000 2.05856537 0.00000000 0.00000000 29.95536922 0.00000000 0.00000000 -32.01393458 0.00000000 0.00000000 0.00000000 0.00000000 0.00000000
0.00000000 0.86781576 2.68000000 0.00000000 0.00000000 0.00000000 0.00000000 0.00000000 0.00000000 0.00000000 0.00000000 0.00000000 0.00000000 0.00000000 0.00000000 0.00000000 0.00000000 0.00000000 0.00000000 0.00000000 0.00000000 11.34441979 0.00000000 0.00000000 -12.00000000 0.00000000 0.00000000 0.00000000 0.00000000 0.00000000 0.00000000 0.00000000 0.00000000 -11.34441979 0.00000000 0.00000000 -12.00000000 0.00000000 0.00000000 0.00000000 0.00000000 0.00000000 0.00000000 0.00000000 0.00000000 -30.40670242 0.00000000 0.00000000 37.22336858 0.00000000 0.00000000 -6.81666616 0.00000000 0.00000000 0.00000000 0.00000000 0.00000000 5.94357762 0.00000000 0.00000000 24.65427052 0.00000000 0.00000000 -30.59784814 0.00000000 0.00000000 0.00000000 0.00000000 0.00000000
0.00000000 0.87275504 2.70000000 0.00000000 0.00000000 0.00000000 0.00000000 0.00000000 0.00000000 0.00000000 0.00000000 0.00000000 0.00000000 0.00000000 0.00000000 0.00000000 0.00000000 0.00000000 0.00000000 0.00000000 0.00000000 13.06700138 0.00000000 0.00000000 -12.00000000 0.00000000 0.00000000 0.00000000 0.00000000 0.00000000 0.00000000 0.00000000 0.00000000 -13.06700138 0.00000000 0.00000000 -12.00000000 0.00000000 0.00000000 0.00000000 0.00000000 0.00000000 0.00000000 0.00000000 0.00000000 -28.74979095 0.00000000 0.00000000 36.80083935 0.00000000 0.00000000 -8.05104840 0.00000000 0.00000000 0.00000000 0.00000000 0.00000000 9.08015283 0.00000000 0.00000000 19.99397236 0.00000000 0.00000000 -29.07412519 0.00000000 0.00000000 0.00000000 0.00000000 0.00000000
0.00000000 0.87872674 2.72000000 0.00000000 0.00000000 0.00000000 0.00000000 0.00000000 0.00000000 0.00000000 0.00000000 0.00000000 0.00000000 0.00000000 0.00000000 0.00000000 0.00000000 0.00000000 0.00000000 0.00000000 0.00000000 14.51108251 0.00000000 0.00000000 -12.00000000 0.00000000 0.00000000 0.00000000 0.00000000 0.00000000 0.00000000 0.00000000 0.00000000 -14.51108251 0.00000000 0.00000000 -12.00000000 0.00000000 0.00000000 0.00000000 0.00000000 0.00000000 0.00000000 0.00000000 0.00000000 -26.75258484 0.00000000 0.00000000 35.71114817 0.00000000 0.00000000 -8.95856333 0.00000000 0.00000000 0.00000000 0.00000000 0.00000000 7.61442582 0.00000000 0.00000000 22.56468979 0.00000000 0.00000000 -30.17911561 0.00000000 0.00000000 0.00000000 0.00000000 0.00000000
0.00000000 0.88522446 2.74000000 0.00000000 0.00000000 0.00000000 0.00000000 0.00000000 0.00000000 0.00000000 0.00000000 0.00000000 0.00000000 0.00000000 0.00000000 0.00000000 0.00000000 0.00000000 0.00000000 0.00000000 0.00000000 15.64588512 0.00000000 0.00000000 -12.00000000 0.00000000 0.00000000 0.00000000 0.00000000 0.00000000 0.00000000 0.00000000 0.00000000 -15.64588512 0.00000000 0.00000000 -12.00000000 0.00000000 0.00000000 0.00000000 0.00000000 0.00000000 0.00000000 0.00000000 0.00000000 -24.50841328 0.00000000 0.00000000 34.11719565 0.00000000 0.00000000 -9.60878238 0.00000000 0.00000000 0.00000000 0.00000000 0.00000000 2.88518632 0.00000000 0.00000000 29.90115336 0.00000000 0.00000000 -32.78633968 0.00000000 0.00000000 0.00000000 0.00000000 0.00000000
0.00000000 0.89169720 2.76000000 0.00000000 0.00000000 0.00000000 0.00000000 0.00000000 0.00000000 0.00000000 0.00000000 0.00000000 0.00000000 0.00000000 0.00000000 0.00000000 0.00000000 0.00000000 0.00000000 0.00000000 0.00000000 16.44722285 0.00000000 0.00000000 -12.00000000 0.00000000 0.00000000 0.00000000 0.00000000 0.00000000 0.00000000 0.00000000 0.00000000 -16.44722285 0.00000000 0.00000000 -12.00000000 0.00000000 0.00000000 0.00000000 0.00000000 0.00000000 0.00000000 0.00000000 0.00000000 -22.12157363 0.00000000 0.00000000 32.21057610 0.00000000 0.00000000 -10.08900247 0.00000000 0.00000000 0.00000000 0.00000000 0.00000000 -3.23739872 0.00000000 0.00000000 38.38089270 0.00000000 0.00000000 -35.14349398 0.00000000 0.00000000 0.00000000 0.00000000 0.00000000
0.00000000 0.89759609 2.78000000 0.00000000 0.00000000 0.00000000 0.00000000 0.00000000 0.00000000 0.00000000 0.00000000 0.00000000 0.00000000 0.00000000 0.00000000 0.00000000 0.00000000 0.00000000 0.00000000 0.00000000 0.00000000 16.89801658 0.00000000 0.00000000 -12.00000000 0.00000000 0.00000000 0.00000000 0.00000000 0.00000000 0.00000000 0.00000000 0.00000000 -16.89801658 0.00000000 0.00000000 -12.00000000 0.00000000 0.00000000 0.00000000 0.00000000 0.00000000 0.00000000 0.00000000 0.00000000 -19.70983321 0.00000000 0.00000000 30.21785055 0.00000000 0.00000000 -10.50801734 0.00000000 0.00000000 0.00000000 0.00000000 0.00000000 -9.84376918 0.00000000 0.00000000 46.25705690 0.00000000 0.00000000 -36.41328773 0.00000000 0.00000000 0.00000000 0.00000000 0.00000000
0.00000000 0.90242091 2.80000000 0.00000000 0.00000000 0.00000000 0.00000000 0.00000000 0.00000000 0.00000000 0.00000000 0.00000000 0.00000000 0.00000000 0.00000000 0.00000000 0.00000000 0.00000000 0.00000000 0.00000000 0.00000000 16.98865842 0.00000000 0.00000000 -12.00000000 0.00000000 0.00000000 0.00000000 0.00000000 0.00000000 0.00000000 0.00000000 0.00000000 -16.98865842 0.00000000 0.00000000 -12.00000000 0.00000000 0.00000000 0.00000000 0.00000000 0.00000000 0.00000000 0.00000000 0.00000000 -17.40380779 0.00000000 0.00000000 28.39932052 0.00000000 0.00000000 -10.99551273 0.00000000 0.00000000 0.00000000 0.00000000 0.00000000 -16.44511456 0.00000000 0.00000000 52.66683390 0.00000000 0.00000000 -36.22171934 0.00000000 0.00000000 0.00000000 0.00000000 0.00000000
0.00000000 0.90576251 2.82000000 0.00000000 0.00000000 0.00000000 0.00000000 0.00000000 0.00000000 0.00000000 0.00000000 0.00000000 0.00000000 0.00000000 0.00000000 0.00000000 0.00000000 0.00000000 0.00000000 0.00000000 0.00000000 16.71721651 0.00000000 0.00000000 -12.00000000 0.00000000 0.00000000 0.00000000 0.00000000 0.00000000 0.00000000 0.00000000 0.00000000 -16.71721651 0.00000000 0.00000000 -12.00000000 0.00000000 0.00000000 0.00000000 0.00000000 0.00000000 0.00000000 0.00000000 0.00000000 -15.33790402 0.00000000 0.00000000 27.02990764 0.00000000 0.00000000 -11.69200362 0.00000000 0.00000000 0.00000000 0.00000000 0.00000000 -22.65333847 0.00000000 0.00000000 57.07807224 0.00000000 0.00000000 -34.42473377 0.00000000 0.00000000 0.00000000 0.00000000 0.00000000
0.00000000 0.90733754 2.84000000 0.00000000 0.00000000 0.00000000 0.00000000 0.00000000 0.00000000 0.00000000 0.00000000 0.00000000 0.00000000 0.00000000 0.00000000 0.00000000 0.00000000 0.00000000 0.00000000 0.00000000 0.00000000 16.08947614 0.00000000 0.00000000 -12.00000000 0.00000000 0.00000000 0.00000000 0.00000000 0.00000000 0.00000000 0.00000000 0.00000000 -16.08947614 0.00000000 0.00000000 -12.00000000 0.00000000 0.00000000 0.00000000 0.00000000 0.00000000 0.00000000 0.00000000 0.00000000 -13.62657928 0.00000000 0.00000000 26.34995214 0.00000000 0.00000000 -12.72337287 0.00000000 0.00000000 0.00000000 0.00000000 0.00000000 -28.08563319 0.00000000 0.00000000 59.14971246 0.00000000 0.00000000 -31.06407927 0.00000000 0.00000000 0.00000000 0.00000000 0.00000000
0.00000000 0.90701242 2.86000000 0.00000000 0.00000000 0.00000000 0.00000000 0.00000000 0.00000000 0.00000000 0.00000000 0.00000000 0.00000000 0.00000000 0.00000000 0.00000000 0.00000000 0.00000000 0.00000000 0.00000000 0.00000000 15.11881653 0.00000000 0.00000000 -12.00000000 0.00000000 0.00000000 0.00000000 0.00000000 0.00000000 0.00000000 0.00000000 0.00000000 -15.11881653 0.00000000 0.00000000 -12.00000000 0.00000000 0.00000000 0.00000000 0.00000000 0.00000000 0.00000000 0.00000000 0.00000000 -12.32888216 0.00000000 0.00000000 26.49214059 0.00000000 0.00000000 -14.16325843 0.00000000 0.00000000 0.00000000 0.00000000 0.00000000 -32.37216646 0.00000000 0.00000000 58.72157485 0.00000000 0.00000000 -26.34940839 0.00000000 0.00000000 0.00000000 0.00000000 0.00000000
0.00000000 0.90481474 2.88000000 0.00000000 0.00000000 0.00000000 0.00000000 0.00000000 0.00000000 0.00000000 0.00000000 0.00000000 0.00000000 0.00000000 0.00000000 0.00000000 0.00000000 0.00000000 0.00000000 0.00000000 0.00000000 13.82592559 0.00000000 0.00000000 -12.00000000 0.00000000 0.00000000 0.00000000 0.00000000 0.00000000 0.00000000 0.00000000 0.00000000 -13.82592559 0.00000000 0.00000000 -12.00000000 0.00000000 0.00000000 0.00000000 0.00000000 0.00000000 0.00000000 0.00000000 0.00000000 -11.42283287 0.00000000 0.00000000 27.42790137 0.00000000 0.00000000 -16.00506850 0.00000000 0.00000000 0.00000000 0.00000000 0.00000000 -35.21678061 0.00000000 0.00000000 55.82688584 0.00000000 0.00000000 -20.61010523 0.00000000 0.00000000 0.00000000 0.00000000 0.00000000
0.00000000 0.90093086 2.90000000 0.00000000 0.00000000 0.00000000 0.00000000 0.00000000 0.00000000 0.00000000 0.00000000 0.00000000 0.00000000 0.00000000 0.00000000 0.00000000 0.00000000 0.00000000 0.00000000 0.00000000 0.00000000 12.23835905 0.00000000 0.00000000 -12.00000000 0.00000000 0.00000000 0.00000000 0.00000000 0.00000000 0.00000000 0.00000000 0.00000000 -12.23835905 0.00000000 0.00000000 -12.00000000 0.00000000 0.00000000 0.00000000 0.00000000 0.00000000 0.00000000 0.00000000 0.00000000 -10.81281255 0.00000000 0.00000000 28.97977001 0.00000000 0.00000000 -18.16695746 0.00000000 0.00000000 0.00000000 0.00000000 0.00000000 -36.46337657 0.00000000 0.00000000 50.68885777 0.00000000 0.00000000 -14.22548120 0.00000000 0.00000000 0.00000000 0.00000000 0.00000000
0.00000000 0.89569011 2.92000000 0.00000000 0.00000000 0.00000000 0.00000000 0.00000000 0.00000000 0.00000000 0.00000000 0.00000000 0.00000000 0.00000000 0.00000000 0.00000000 0.00000000 0.00000000 0.00000000 0.00000000 0.00000000 10.38995314 0.00000000 0.00000000 -12.00000000 0.00000000 0.00000000 0.00000000 0.00000000 0.00000000 0.00000000 0.00000000 0.00000000 -10.38995314 0.00000000 0.00000000 -12.00000000 0.00000000 0.00000000 0.00000000 0.00000000 0.00000000 0.00000000 0.00000000 0.00000000 -10.36409356 0.00000000 0.00000000 30.88813586 0.00000000 0.00000000 -20.52404230 0.00000000 0.00000000 0.00000000 0.00000000 0.00000000 -36.13200034 0.00000000 0.00000000 43.70908051 0.00000000 0.00000000 -7.57708017 0.00000000 0.00000000 0.00000000 0.00000000 0.00000000
0.00000000 0.88953692 2.94000000 0.00000000 0.00000000 0.00000000 0.00000000 0.00000000 0.00000000 0.00000000 0.00000000 0.00000000 0.00000000 0.00000000 0.00000000 0.00000000 0.00000000 0.00000000 0.00000000 0.00000000 0.00000000 8.32010341 0.00000000 0.00000000 -12.00000000 0.00000000 0.00000000 0.00000000 0.00000000 0.00000000 0.00000000 0.00000000 0.00000000 -8.32010341 0.00000000 0.00000000 -12.00000000 0.00000000 0.00000000 0.00000000 0.00000000 0.00000000 0.00000000 0.00000000 0.00000000 -9.93783711 0.00000000 0.00000000 32.87920275 0.00000000 0.00000000 -22.94136564 0.00000000 0.00000000 0.00000000 0.00000000 0.00000000 -34.43524107 0.00000000 0.00000000 35.50436749 0.00000000 0.00000000 -1.06912642 0.00000000 0.00000000 0.00000000 0.00000000 0.00000000
0.00000000 0.88299305 2.96000000 0.00000000 0.00000000 0.00000000 0.00000000 0.00000000 0.00000000 0.00000000 0.00000000 0.00000000 0.00000000 0.00000000 0.00000000 0.00000000 0.00000000 0.00000000 0.00000000 0.00000000 0.00000000 6.07292513 0.00000000 0.00000000 -12.00000000 0.00000000 0.00000000 0.00000000 0.00000000 0.00000000 0.00000000 0.00000000 0.00000000 -6.07292513 0.00000000 0.00000000 -12.00000000 0.00000000 0.00000000 0.00000000 0.00000000 0.00000000 0.00000000 0.00000000 0.00000000 -9.41093351 0.00000000 0.00000000 34.70315703 0.00000000 0.00000000 -25.29222353 0.00000000 0.00000000 0.00000000 0.00000000 0.00000000 -31.86133356 0.00000000 0.00000000 27.14124127 0.00000000 0.00000000 4.72009229 0.00000000 0.00000000 0.00000000 0.00000000 0.00000000
0.00000000 0.87661344 2.98000000 0.00000000 0.00000000 0.00000000 0.00000000 0.00000000 0.00000000 0.00000000 0.00000000 0.00000000 0.00000000 0.00000000 0.00000000 0.00000000 0.00000000 0.00000000 0.00000000 0.00000000 0.00000000 3.69631298 0.00000000 0.00000000 -12.00000000 0.00000000 0.00000000 0.00000000 0.00000000 0.00000000 0.00000000 0.00000000 0.00000000 -3.69631298 0.00000000 0.00000000 -12.00000000 0.00000000 0.00000000 0.00000000 0.00000000 0.00000000 0.00000000 0.00000000 0.00000000 -8.68211085 0.00000000 0.00000000 36.14569384 0.00000000 0.00000000 -27.46358299 0.00000000 0.00000000 0.00000000 0.00000000 0.00000000 -29.52321015 0.00000000 0.00000000 20.92391823 0.00000000 0.00000000 8.59929192 0.00000000 0.00000000 0.00000000 0.00000000 0.00000000
0.00000000 0.87093905 3.00000000 0.00000000 0.00000000 0.00000000 0.00000000 0.00000000 0.00000000 0.00000000 0.00000000 0.00000000 0.00000000 0.00000000 0.00000000 0.00000000 0.00000000 0.00000000 0.00000000 0.00000000 0.00000000 1.24092035 0.00000000 0.00000000 -12.00000000 0.00000000 0.00000000 0.00000000 0.00000000 0.00000000 0.00000000 0.00000000 0.00000000 -1.24092035 0.00000000 0.00000000 -12.00000000 0.00000000 0.00000000 0.00000000 0.00000000 0.00000000 0.00000000 0.00000000 0.00000000 -7.67064585 0.00000000 0.00000000 37.02586242 0.00000000 0.00000000 -29.35521656 0.00000000 0.00000000 0.00000000 0.00000000 0.00000000 -29.34474532 0.00000000 0.00000000 20.85172071 0.00000000 0.00000000 8.49302461 0.00000000 0.00000000 0.00000000 0.00000000 0.00000000
0.00000000 0.86645108 3.02000000 0.00000000 0.00000000 0.00000000 0.00000000 0.00000000 0.00000000 0.00000000 0.00000000 0.00000000 0.00000000 0.00000000 0.00000000 0.00000000 0.00000000 0.00000000 0.00000000 0.00000000 0.00000000 -1.24092035 0.00000000 0.00000000 -12.00000000 0.00000000 0.00000000 0.00000000 0.00000000 0.00000000 0.00000000 0.00000000 0.00000000 1.24092035 0.00000000 0.00000000 -12.00000000 0.00000000 0.00000000 0.00000000 0.00000000 0.00000000 0.00000000 0.00000000 0.00000000 -6.31169182 0.00000000 0.00000000 37.18843745 0.00000000 0.00000000 -30.87674564 0.00000000 0.00000000 0.00000000 0.00000000 0.00000000 -31.20628724 0.00000000 0.00000000 26.69684884 0.00000000 0.00000000 4.50943840 0.00000000 0.00000000 0.00000000 0.00000000 0.00000000
0.00000000 0.86353009 3.04000000 0.00000000 0.00000000 0.00000000 0.00000000 0.00000000 0.00000000 0.00000000 0.00000000 0.00000000 0.00000000 0.00000000 0.00000000 0.00000000 0.00000000 0.00000000 0.00000000 0.00000000 0.00000000 -3.69631298 0.00000000 0.00000000 -12.00000000 0.00000000 0.00000000 0.00000000 0.00000000 0.00000000 0.00000000 0.00000000 0.00000000 3.69631298 0.00000000 0.00000000 -12.00000000 0.00000000 0.00000000 0.00000000 0.00000000 0.00000000 0.00000000 0.00000000 0.00000000 -4.54929313 0.00000000 0.00000000 36.49289080 0.00000000 0.00000000 -31.94359767 0.00000000 0.00000000 0.00000000 0.00000000 0.00000000 -32.26884012 0.00000000 0.00000000 31.33258674 0.00000000 0.00000000 0.93625338 0.00000000 0.00000000 0.00000000 0.00000000 0.00000000
0.00000000 0.86242378 3.06000000 0.00000000 0.00000000 0.00000000 0.00000000 0.00000000 0.00000000 0.00000000 0.00000000 0.00000000 0.00000000 0.00000000 0.00000000 0.00000000 0.00000000 0.00000000 0.00000000 0.00000000 0.00000000 -6.07292513 0.00000000 0.00000000 -12.00000000 0.00000000 0.00000000 0.00000000 0.00000000 0.00000000 0.00000000 0.00000000 0.00000000 6.07292513 0.00000000 0.00000000 -12.00000000 0.00000000 0.00000000 0.00000000 0.00000000 0.00000000 0.00000000 0.00000000 0.00000000 -2.32589067 0.00000000 0.00000000 34.79619191 0.00000000 0.00000000 -32.47030124 0.00000000 0.00000000 0.00000000 0.00000000 0.00000000 -32.49812876 0.00000000 0.00000000 34.42082793 0.00000000 0.00000000 -1.92269917 0.00000000 0.00000000 0.00000000 0.00000000 0.00000000
0.00000000 0.86322597 3.08000000 0.00000000 0.00000000 0.00000000 0.00000000 0.00000000 0.00000000 0.00000000 0.00000000 0.00000000 0.00000000 0.00000000 0.00000000 0.00000000 0.00000000 0.00000000 0.00000000 0.00000000 0.00000000 -8.32010341 0.00000000 0.00000000 -12.00000000 0.00000000 0.00000000 0.00000000 0.00000000 0.00000000 0.00000000 0.00000000 0.00000000 8.32010341 0.00000000 0.00000000 -12.00000000 0.00000000 0.00000000 0.00000000 0.00000000 0.00000000 0.00000000 0.00000000 0.00000000 0.43629048 0.00000000 0.00000000 31.91956208 0.00000000 0.00000000 -32.35585256 0.00000000 0.00000000 0.00000000 0.00000000 0.00000000 -32.06667752 0.00000000 0.00000000 36.29300820 0.00000000 0.00000000 -4.22633068 0.00000000 0.00000000 0.00000000 0.00000000 0.00000000
0.00000000 0.86586862 3.10000000 0.00000000 0.00000000 0.00000000 0.00000000 0.00000000 0.00000000 0.00000000 0.00000000 0.00000000 0.00000000 0.00000000 0.00000000 0.00000000 0.00000000 0.00000000 0.00000000 0.00000000 0.00000000 -10.38995314 0.00000000 0.00000000 -12.00000000 0.00000000 0.00000000 0.00000000 0.00000000 0.00000000 0.00000000 0.00000000 0.00000000 10.38995314 0.00000000 0.00000000 -12.00000000 0.00000000 0.00000000 0.00000000 0.00000000 0.00000000 0.00000000 0.00000000 0.00000000 3.87796436 0.00000000 0.00000000 27.56642420 0.00000000 0.00000000 -31.44438856 0.00000000 0.00000000 0.00000000 0.00000000 0.00000000 -31.08051692 0.00000000 0.00000000 37.13905283 0.00000000 0.00000000 -6.05853591 0.00000000 0.00000000 0.00000000 0.00000000 0.00000000
0.00000000 0.87012766 3.12000000 0.00000000 0.00000000 0.00000000 0.00000000 0.00000000 0.00000000 0.00000000 0.00000000 0.00000000 0.00000000 0.00000000 0.00000000 0.00000000 0.00000000 0.00000000 0.00000000 0.00000000 0.00000000 -12.23835905 0.00000000 0.00000000 -12.00000000 0.00000000 0.00000000 0.00000000 0.00000000 0.00000000 0.00000000 0.00000000 0.00000000 12.23835905 0.00000000 0.00000000 -12.00000000 0.00000000 0.00000000 0.00000000 0.00000000 0.00000000 0.00000000 0.00000000 0.00000000 8.02490121 0.00000000 0.00000000 21.55578413 0.00000000 0.00000000 -29.58068534 0.00000000 0.00000000 0.00000000 0.00000000 0.00000000 -29.62627971 0.00000000 0.00000000 37.10480454 0.00000000 0.00000000 -7.47852483 0.00000000 0.00000000 0.00000000 0.00000000 0.00000000
0.00000000 0.87564191 3.14000000 0.00000000 0.00000000 0.00000000 0.00000000 0.00000000 0.00000000 0.00000000 0.00000000 0.00000000 0.00000000 0.00000000 0.00000000 0.00000000 0.00000000 0.00000000 0.00000000 0.00000000 0.00000000 -13.82592559 0.00000000 0.00000000 -12.00000000 0.00000000 0.00000000 0.00000000 0.00000000 0.00000000 0.00000000 0.00000000 0.00000000 13.82592559 0.00000000 0.00000000 -12.00000000 0.00000000 0.00000000 0.00000000 0.00000000 0.00000000 0.00000000 0.00000000 0.00000000 8.90258722 0.00000000 0.00000000 20.40023596 0.00000000 0.00000000 -29.30282318 0.00000000 0.00000000 0.00000000 0.00000000 0.00000000 -27.78811092 0.00000000 0.00000000 36.32978068 0.00000000 0.00000000 -8.54166976 0.00000000 0.00000000 0.00000000 0.00000000 0.00000000
0.00000000 0.88194377 3.16000000 0.00000000 0.00000000 0.00000000 0.00000000 0.00000000 0.00000000 0.00000000 0.00000000 0.00000000 0.00000000 0.00000000 0.00000000 0.00000000 0.00000000 0.00000000 0.00000000 0.00000000 0.00000000 -15.11881653 0.00000000 0.00000000 -12.00000000 0.00000000 0.00000000 0.00000000 0.00000000 0.00000000 0.00000000 0.00000000 0.00000000 15.11881653 0.00000000 0.00000000 -12.00000000 0.00000000 0.00000000 0.00000000 0.00000000 0.00000000 0.00000000 0.00000000 0.00000000 5.51428521 0.00000000 0.00000000 25.91472418 0.00000000 0.00000000 -31.42900939 0.00000000 0.00000000 0.00000000 0.00000000 0.00000000 -25.65514460 0.00000000 0.00000000 34.96599655 0.00000000 0.00000000 -9.31085195 0.00000000 0.00000000 0.00000000 0.00000000 0.00000000
0.00000000 0.88849886 3.18000000 0.00000000 0.00000000 0.00000000 0.00000000 0.00000000 0.00000000 0.00000000 0.00000000 0.00000000 0.00000000 0.00000000 0.00000000 0.00000000 0.00000000 0.00000000 0.00000000 0.00000000 0.00000000 -16.08947614 0.00000000 0.00000000 -12.00000000 0.00000000 0.00000000 0.00000000 0.00000000 0.00000000 0.00000000 0.00000000 0.00000000 16.08947614 0.00000000 0.00000000 -12.00000000 0.00000000 0.00000000 0.00000000 0.00000000 0.00000000 0.00000000 0.00000000 0.00000000 -0.07493510 0.00000000 0.00000000 34.13951102 0.00000000 0.00000000 -34.06457592 0.00000000 0.00000000 0.00000000 0.00000000 0.00000000 -23.32579949 0.00000000 0.00000000 33.18966918 0.00000000 0.00000000 -9.86386969 0.00000000 0.00000000 0.00000000 0.00000000 0.00000000
0.00000000 0.89475131 3.20000000 0.00000000 0.00000000 0.00000000 0.00000000 0.00000000 0.00000000 0.00000000 0.00000000 0.00000000 0.00000000 0.00000000 0.00000000 0.00000000 0.00000000 0.00000000 0.00000000 0.00000000 0.00000000 -16.71721651 0.00000000 0.00000000 -12.00000000 0.00000000 0.00000000 0.00000000 0.00000000 0.00000000 0.00000000 0.00000000 0.00000000 16.71721651 0.00000000 0.00000000 -12.00000000 0.00000000 0.00000000 0.00000000 0.00000000 0.00000000 0.00000000 0.00000000 0.00000000 -6.51517790 0.00000000 0.00000000 42.45945950 0.00000000 0.00000000 -35.94428160 0.00000000 0.00000000 0.00000000 0.00000000 0.00000000 -20.91090615 0.00000000 0.00000000 31.20939597 0.00000000 0.00000000 -10.29848982 0.00000000 0.00000000 0.00000000 0.00000000 0.00000000
0.00000000 0.90017092 3.22000000 0.00000000 0.00000000 0.00000000 0.00000000 0.00000000 0.00000000 0.00000000 0.00000000 0.00000000 0.00000000 0.00000000 0.00000000 0.00000000 0.00000000 0.00000000 0.00000000 0.00000000 0.00000000 -16.98865842 0.00000000 0.00000000 -12.00000000 0.00000000 0.00000000 0.00000000 0.00000000 0.00000000 0.00000000 0.00000000 0.00000000 16.98865842 0.00000000 0.00000000 -12.00000000 0.00000000 0.00000000 0.00000000 0.00000000 0.00000000 0.00000000 0.00000000 0.00000000 -13.16990753 0.00000000 0.00000000 49.68358022 0.00000000 0.00000000 -36.51367269 0.00000000 0.00000000 0.00000000 0.00000000 0.00000000 -18.53509865 0.00000000 0.00000000 29.26956190 0.00000000 0.00000000 -10.73446325 0.00000000 0.00000000 0.00000000 0.00000000 0.00000000
0.00000000 0.90429811 3.24000000 0.00000000 0.00000000 0.00000000 0.00000000 0.00000000 0.00000000 0.00000000 0.00000000 0.00000000 0.00000000 0.00000000 0.00000000 0.00000000 0.00000000 0.00000000 0.00000000 0.00000000 0.00000000 -16.89801658 0.00000000 0.00000000 -12.00000000 0.00000000 0.00000000 0.00000000 0.00000000 0.00000000 0.00000000 0.00000000 0.00000000 16.89801658 0.00000000 0.00000000 -12.00000000 0.00000000 0.00000000 0.00000000 0.00000000 0.00000000 0.00000000 0.00000000 0.00000000 -19.62214253 0.00000000 0.00000000 55.14767370 0.00000000 0.00000000 -35.52553117 0.00000000 0.00000000 0.00000000 0.00000000 0.00000000 -16.33282867 0.00000000 0.00000000 27.64183716 0.00000000 0.00000000 -11.30900849 0.00000000 0.00000000 0.00000000 0.00000000 0.00000000
0.00000000 0.90678290 3.26000000 0.00000000 0.00000000 0.00000000 0.00000000 0.00000000 0.00000000 0.00000000 0.00000000 0.00000000 0.00000000 0.00000000 0.00000000 0.00000000 0.00000000 0.00000000 0.00000000 0.00000000 0.00000000 -16.44722285 0.00000000 0.00000000 -12.00000000 0.00000000 0.00000000 0.00000000 0.00000000 0.00000000 0.00000000 0.00000000 0.00000000 16.44722285 0.00000000 0.00000000 -12.00000000 0.00000000 0.00000000 0.00000000 0.00000000 0.00000000 0.00000000 0.00000000 0.00000000 -25.49045691 0.00000000 0.00000000 58.42077356 0.00000000 0.00000000 -32.93031664 0.00000000 0.00000000 0.00000000 0.00000000 0.00000000 -14.43250689 0.00000000 0.00000000 26.59205816 0.00000000 0.00000000 -12.15955127 0.00000000 0.00000000 0.00000000 0.00000000 0.00000000
0.00000000 0.90741459 3.28000000 0.00000000 0.00000000 0.00000000 0.00000000 0.00000000 0.00000000 0.00000000 0.00000000 0.00000000 0.00000000 0.00000000 0.00000000 0.00000000 0.00000000 0.00000000 0.00000000 0.00000000 0.00000000 -15.64588512 0.00000000 0.00000000 -12.00000000 0.00000000 0.00000000 0.00000000 0.00000000 0.00000000 0.00000000 0.00000000 0.00000000 15.64588512 0.00000000 0.00000000 -12.00000000 0.00000000 0.00000000 0.00000000 0.00000000 0.00000000 0.00000000 0.00000000 0.00000000 -30.39322687 0.00000000 0.00000000 59.25063983 0.00000000 0.00000000 -28.85741296 0.00000000 0.00000000 0.00000000 0.00000000 0.00000000 -12.92540137 0.00000000 0.00000000 26.31605515 0.00000000 0.00000000 -13.39065378 0.00000000 0.00000000 0.00000000 0.00000000 0.00000000
0.00000000 0.90613961 3.30000000 0.00000000 0.00000000 0.00000000 0.00000000 0.00000000 0.00000000 0.00000000 0.00000000 0.00000000 0.00000000 0.00000000 0.00000000 0.00000000 0.00000000 0.00000000 0.00000000 0.00000000 0.00000000 -14.51108251 0.00000000 0.00000000 -12.00000000 0.00000000 0.00000000 0.00000000 0.00000000 0.00000000 0.00000000 0.00000000 0.00000000 14.51108251 0.00000000 0.00000000 -12.00000000 0.00000000 0.00000000 0.00000000 0.00000000 0.00000000 0.00000000 0.00000000 0.00000000 -33.98836294 0.00000000 0.00000000 57.57287376 0.00000000 0.00000000 -23.58451082 0.00000000 0.00000000 0.00000000 0.00000000 0.00000000 -11.83148665 0.00000000 0.00000000 26.86906801 0.00000000 0.00000000 -15.03758136 0.00000000 0.00000000 0.00000000 0.00000000 0.00000000
0.00000000 0.90306607 3.32000000 0.00000000 0.00000000 0.00000000 0.00000000 0.00000000 0.00000000 0.00000000 0.00000000 0.00000000 0.00000000 0.00000000 0.00000000 0.00000000 0.00000000 0.00000000 0.00000000 0.00000000 0.00000000 -13.06700138 0.00000000 0.00000000 -12.00000000 0.00000000 0.00000000 0.00000000 0.00000000 0.00000000 0.00000000 0.00000000 0.00000000 13.06700138 0.00000000 0.00000000 -12.00000000 0.00000000 0.00000000 0.00000000 0.00000000 0.00000000 0.00000000 0.00000000 0.00000000 -36.04288182 0.00000000 0.00000000 53.51734995 0.00000000 0.00000000 -17.47446814 0.00000000 0.00000000 0.00000000 0.00000000 0.00000000 -11.08879243 0.00000000 0.00000000 28.14203579 0.00000000 0.00000000 -17.05324337 0.00000000 0.00000000 0.00000000 0.00000000 0.00000000
0.00000000 0.89845461 3.34000000 0.00000000 0.00000000 0.00000000 0.00000000 0.00000000 0.00000000 0.00000000 0.00000000 0.00000000 0.00000000 0.00000000 0.00000000 0.00000000 0.00000000 0.00000000 0.00000000 0.00000000 0.00000000 -11.34441979 0.00000000 0.00000000 -12.00000000 0.00000000 0.00000000 0.00000000 0.00000000 0.00000000 0.00000000 0.00000000 0.00000000 11.34441979 0.00000000 0.00000000 -12.00000000 0.00000000 0.00000000 0.00000000 0.00000000 0.00000000 0.00000000 0.00000000 0.00000000 -36.48646209 0.00000000 0.00000000 47.39688033 0.00000000 0.00000000 -10.91041824 0.00000000 0.00000000 0.00000000 0.00000000 0.00000000 -10.57718650 0.00000000 0.00000000 29.90677969 0.00000000 0.00000000 -19.32959319 0.00000000 0.00000000 0.00000000 0.00000000 0.00000000
0.00000000 0.89269628 3.36000000 0.00000000 0.00000000 0.00000000 0.00000000 0.00000000 0.00000000 0.00000000 0.00000000 0.00000000 0.00000000 0.00000000 0.00000000 0.00000000 0.00000000 0.00000000 0.00000000 0.00000000 0.00000000 -9.38005159 0.00000000 0.00000000 -12.00000000 0.00000000 0.00000000 0.00000000 0.00000000 0.00000000 0.00000000 0.00000000 0.00000000 9.38005159 0.00000000 0.00000000 -12.00000000 0.00000000 0.00000000 0.00000000 0.00000000 0.00000000 0.00000000 0.00000000 0.00000000 -35.43237912 0.00000000 0.00000000 39.70904174 0.00000000 0.00000000 -4.27666261 0.00000000 0.00000000 0.00000000 0.00000000 0.00000000 -10.15634277 0.00000000 0.00000000 31.88973872 0.00000000 0.00000000 -21.73339595 0.00000000 0.00000000 0.00000000 0.00000000 0.00000000
0.00000000 0.88627937 3.38000000 0.00000000 0.00000000 0.00000000 0.00000000 0.00000000 0.00000000 0.00000000 0.00000000 0.00000000 0.00000000 0.00000000 0.00000000 0.00000000 0.00000000 0.00000000 0.00000000 0.00000000 0.00000000 -7.21576388 0.00000000 0.00000000 -12.00000000 0.00000000 0.00000000 0.00000000 0.00000000 0.00000000 0.00000000 0.00000000 0.00000000 7.21576388 0.00000000 0.00000000 -12.00000000 0.00000000 0.00000000 0.00000000 0.00000000 0.00000000 0.00000000 0.00000000 0.00000000 -33.21002532 0.00000000 0.00000000 31.24267475 0.00000000 0.00000000 1.96735057 0.00000000 0.00000000 0.00000000 0.00000000 0.00000000 -9.69381508 0.00000000 0.00000000 33.82630928 0.00000000 0.00000000 -24.13249419 0.00000000 0.00000000 0.00000000 0.00000000 0.00000000
0.00000000 0.87974802 3.40000000 0.00000000 0.00000000 0.00000000 0.00000000 0.00000000 0.00000000 0.00000000 0.00000000 0.00000000 0.00000000 0.00000000 0.00000000 0.00000000 0.00000000 0.00000000 0.00000000 0.00000000 0.00000000 -4.89768469 0.00000000 0.00000000 -12.00000000 0.00000000 0.00000000 0.00000000 0.00000000 0.00000000 0.00000000 0.00000000 0.00000000 4.89768469 0.00000000 0.00000000 -12.00000000 0.00000000 0.00000000 0.00000000 0.00000000 0.00000000 0.00000000 0.00000000 0.00000000 -30.55160759 0.00000000 0.00000000 23.53513005 0.00000000 0.00000000 7.01647754 0.00000000 0.00000000 0.00000000 0.00000000 0.00000000 -9.07724541 0.00000000 0.00000000 35.48412050 0.00000000 0.00000000 -26.40687509 0.00000000 0.00000000 0.00000000 0.00000000 0.00000000
0.00000000 0.87365610 3.42000000 0.00000000 0.00000000 0.00000000 0.00000000 0.00000000 0.00000000 0.00000000 0.00000000 0.00000000 0.00000000 0.00000000 0.00000000 0.00000000 0.00000000 0.00000000 0.00000000 0.00000000 0.00000000 -2.47521985 0.00000000 0.00000000 -12.00000000 0.00000000 0.00000000 0.00000000 0.00000000 0.00000000 0.00000000 0.00000000 0.00000000 2.47521985 0.00000000 0.00000000 -12.00000000 0.00000000 0.00000000 0.00000000 0.00000000 0.00000000 0.00000000 0.00000000 0.00000000 -29.06453562 0.00000000 0.00000000 19.90629043 0.00000000 0.00000000 9.15824519 0.00000000 0.00000000 0.00000000 0.00000000 0.00000000 -8.21606370 0.00000000 0.00000000 36.66626782 0.00000000 0.00000000 -28.45020412 0.00000000 0.00000000 0.00000000 0.00000000 0.00000000
0.00000000 0.86852019 3.44000000 0.00000000 0.00000000 0.00000000 0.00000000 0.00000000 0.00000000 0.00000000 0.00000000 0.00000000 0.00000000 0.00000000 0.00000000 0.00000000 0.00000000 0.00000000 0.00000000 0.00000000 0.00000000 -0.00000000 0.00000000 0.00000000 -12.00000000 0.00000000 0.00000000 0.00000000 0.00000000 0.00000000 0.00000000 0.00000000 0.00000000 0.00000000 0.00000000 0.00000000 -12.00000000 0.00000000 0.00000000 0.00000000 0.00000000 0.00000000 0.00000000 0.00000000 0.00000000 -30.25492126 0.00000000 0.00000000 23.58485608 0.00000000 0.00000000 6.67006518 0.00000000 0.00000000 0.00000000 0.00000000 0.00000000 -7.03821077 0.00000000 0.00000000 37.20581863 0.00000000 0.00000000 -30.16760786 0.00000000 0.00000000 0.00000000 0.00000000 0.00000000
0.00000000 0.86477581 3.46000000 0.00000000 0.00000000 0.00000000 0.00000000 0.00000000 0.00000000 0.00000000 0.00000000 0.00000000 0.00000000 0.00000000 0.00000000 0.00000000 0.00000000 0.00000000 0.00000000 0.00000000 0.00000000 2.47521985 0.00000000 0.00000000 -12.00000000 0.00000000 0.00000000 0.00000000 0.00000000 0.00000000 0.00000000 0.00000000 0.00000000 -2.47521985 0.00000000 0.00000000 -12.00000000 0.00000000 0.00000000 0.00000000 0.00000000 0.00000000 0.00000000 0.00000000 0.00000000 -31.85793709 0.00000000 0.00000000 29.24013102 0.00000000 0.00000000 2.61780607 0.00000000 0.00000000 0.00000000 0.00000000 0.00000000 -5.48432331 0.00000000 0.00000000 36.95653846 0.00000000 0.00000000 -31.47221516 0.00000000 0.00000000 0.00000000 0.00000000 0.00000000
0.00000000 0.86274047 3.48000000 0.00000000 0.00000000 0.00000000 0.00000000 0.00000000 0.00000000 0.00000000 0.00000000 0.00000000 0.00000000 0.00000000 0.00000000 0.00000000 0.00000000 0.00000000 0.00000000 0.00000000 0.00000000 4.89768469 0.00000000 0.00000000 -12.00000000 0.00000000 0.00000000 0.00000000 0.00000000 0.00000000 0.00000000 0.00000000 0.00000000 -4.89768469 0.00000000 0.00000000 -12.00000000 0.00000000 0.00000000 0.00000000 0.00000000 0.00000000 0.00000000 0.00000000 0.00000000 -32.47434591 0.00000000 0.00000000 33.04417233 0.00000000 0.00000000 -0.56982642 0.00000000 0.00000000 0.00000000 0.00000000 0.00000000 -3.49929112 0.00000000 0.00000000 35.77943894 0.00000000 0.00000000 -32.28014782 0.00000000 0.00000000 0.00000000 0.00000000 0.00000000
0.00000000 0.86258677 3.50000000 0.00000000 0.00000000 0.00000000 0.00000000 0.00000000 0.00000000 0.00000000 0.00000000 0.00000000 0.00000000 0.00000000 0.00000000 0.00000000 0.00000000 0.00000000 0.00000000 0.00000000 0.00000000 7.21576388 0.00000000 0.00000000 -12.00000000 0.00000000 0.00000000 0.00000000 0.00000000 0.00000000 0.00000000 0.00000000 0.00000000 -7.21576388 0.00000000 0.00000000 -12.00000000 0.00000000 0.00000000 0.00000000 0.00000000 0.00000000 0.00000000 0.00000000 0.00000000 -32.35759954 0.00000000 0.00000000 35.49534996 0.00000000 0.00000000 -3.13775042 0.00000000 0.00000000 0.00000000 0.00000000 0.00000000 -1.01864959 0.00000000 0.00000000 33.51954146 0.00000000 0.00000000 -32.50089186 0.00000000 0.00000000 0.00000000 0.00000000 0.00000000
0.00000000 0.86432774 3.52000000 0.00000000 0.00000000 0.00000000 0.00000000 0.00000000 0.00000000 0.00000000 0.00000000 0.00000000 0.00000000 0.00000000 0.00000000 0.00000000 0.00000000 0.00000000 0.00000000 0.00000000 0.00000000 9.38005159 0.00000000 0.00000000 -12.00000000 0.00000000 0.00000000 0.00000000 0.00000000 0.00000000 0.00000000 0.00000000 0.00000000 -9.38005159 0.00000000 0.00000000 -12.00000000 0.00000000 0.00000000 0.00000000 0.00000000 0.00000000 0.00000000 0.00000000 0.00000000 -31.63733572 0.00000000 0.00000000 36.83473168 0.00000000 0.00000000 -5.19739596 0.00000000 0.00000000 0.00000000 0.00000000 0.00000000 2.05856537 0.00000000 0.00000000 29.95536922 0.00000000 0.00000000 -32.01393458 0.00000000 0.00000000 0.00000000 0.00000000 0.00000000
0.00000000 0.86781576 3.54000000 0.00000000 0.00000000 0.00000000 0.00000000 0.00000000 0.00000000 0.00000000 0.00000000 0.00000000 0.00000000 0.00000000 0.00000000 0.00000000 0.00000000 0.00000000 0.00000000 0.00000000 0.00000000 11.34441979 0.00000000 0.00000000 -12.00000000 0.00000000 0.00000000 0.00000000 0.00000000 0.00000000 0.00000000 0.00000000 0.00000000 -11.34441979 0.00000000 0.00000000 -12.00000000 0.00000000 0.00000000 0.00000000 0.00000000 0.00000000 0.00000000 0.00000000 0.00000000 -30.40670242 0.00000000 0.00000000 37.22336858 0.00000000 0.00000000 -6.81666616 0.00000000 0.00000000 0.00000000 0.00000000 0.00000000 5.94357762 0.00000000 0.00000000 24.65427052 0.00000000 0.00000000 -30.59784814 0.00000000 0.00000000 0.00000000 0.00000000 0.00000000
0.00000000 0.87275504 3.56000000 0.00000000 0.00000000 0.00000000 0.00000000 0.00000000 0.00000000 0.00000000 0.00000000 0.00000000 0.00000000 0.00000000 0.00000000 0.00000000 0.00000000 0.00000000 0.00000000 0.00000000 0.00000000 13.06700138 0.00000000 0.00000000 -12.00000000 0.00000000 0.00000000 0.00000000 0.00000000 0.00000000 0.00000000 0.00000000 0.00000000 -13.06700138 0.00000000 0.00000000 -12.00000000 0.00000000 0.00000000 0.00000000 0.00000000 0.00000000 0.00000000 0.00000000 0.00000000 -28.74979095 0.00000000 0.00000000 36.80083935 0.00000000 0.00000000 -8.05104840 0.00000000 0.00000000 0.00000000 0.00000000 0.00000000 9.08015283 0.00000000 0.00000000 19.99397236 0.00000000 0.00000000 -29.07412519 0.00000000 0.00000000 0.00000000 0.00000000 0.00000000
0.00000000 0.87872674 3.58000000 0.00000000 0.00000000 0.00000000 0.00000000 0.00000000 0.00000000 0.00000000 0.00000000 0.00000000 0.00000000 0.00000000 0.00000000 0.00000000 0.00000000 0.00000000 0.00000000 0.00000000 0.00000000 14.51108251 0.00000000 0.00000000 -12.00000000 0.00000000 0.00000000 0.00000000 0.00000000 0.00000000 0.00000000 0.00000000 0.00000000 -14.51108251 0.00000000 0.00000000 -12.00000000 0.00000000 0.00000000 0.00000000 0.00000000 0.00000000 0.00000000 0.00000000 0.00000000 -26.75258484 0.00000000 0.00000000 35.71114817 0.00000000 0.00000000 -8.95856333 0.00000000 0.00000000 0.00000000 0.00000000 0.00000000 7.61442582 0.00000000 0.00000000 22.56468979 0.00000000 0.00000000 -30.17911561 0.00000000 0.00000000 0.00000000 0.00000000 0.00000000
0.00000000 0.88522446 3.60000000 0.00000000 0.00000000 0.00000000 0.00000000 0.00000000 0.00000000 0.00000000 0.00000000 0.00000000 0.00000000 0.00000000 0.00000000 0.00000000 0.00000000 0.00000000 0.00000000 0.00000000 0.00000000 15.64588512 0.00000000 0.00000000 -12.00000000 0.00000000 0.00000000 0.00000000 0.00000000 0.00000000 0.00000000 0.00000000 0.00000000 -15.64588512 0.00000000 0.00000000 -12.00000000 0.00000000 0.00000000 0.00000000 0.00000000 0.00000000 0.00000000 0.00000000 0.00000000 -24.50841328 0.00000000 0.00000000 34.11719565 0.00000000 0.00000000 -9.60878238 0.00000000 0.00000000 0.00000000 0.00000000 0.00000000 2.88518632 0.00000000 0.00000000 29.90115336 0.00000000 0.00000000 -32.78633968 0.00000000 0.00000000 0.00000000 0.00000000 0.00000000
0.00000000 0.89169720 3.62000000 0.00000000 0.00000000 0.00000000 0.00000000 0.00000000 0.00000000 0.00000000 0.00000000 0.00000000 0.00000000 0.00000000 0.00000000 0.00000000 0.00000000 0.00000000 0.00000000 0.00000000 0.00000000 16.44722285 0.00000000 0.00000000 -12.00000000 0.00000000 0.00000000 0.00000000 0.00000000 0.00000000 0.00000000 0.00000000 0.00000000 -16.44722285 0.00000000 0.00000000 -12.00000000 0.00000000 0.00000000 0.00000000 0.00000000 0.00000000 0.00000000 0.00000000 0.00000000 -22.12157363 0.00000000 0.00000000 32.21057610 0.00000000 0.00000000 -10.08900247 0.00000000 0.00000000 0.00000000 0.00000000 0.00000000 -3.23739872 0.00000000 0.00000000 38.38089270 0.00000000 0.00000000 -35.14349398 0.00000000 0.00000000 0.00000000 0.00000000 0.00000000
0.00000000 0.89759609 3.64000000 0.00000000 0.00000000 0.00000000 0.00000000 0.00000000 0.00000000 0.00000000 0.00000000 0.00000000 0.00000000 0.00000000 0.00000000 0.00000000 0.00000000 0.00000000 0.00000000 0.00000000 0.00000000 16.89801658 0.00000000 0.00000000 -12.00000000 0.00000000 0.00000000 0.00000000 0.00000000 0.00000000 0.00000000 0.00000000 0.00000000 -16.89801658 0.00000000 0.00000000 -12.00000000 0.00000000 0.00000000 0.00000000 0.00000000 0.00000000 0.00000000 0.00000000 0.00000000 -19.70983321 0.00000000 0.00000000 30.21785055 0.00000000 0.00000000 -10.50801734 0.00000000 0.00000000 0.00000000 0.00000000 0.00000000 -9.84376918 0.00000000 0.00000000 46.25705690 0.00000000 0.00000000 -36.41328773 0.00000000 0.00000000 0.00000000 0.00000000 0.00000000
0.00000000 0.90242091 3.66000000 0.00000000 0.00000000 0.00000000 0.00000000 0.00000000 0.00000000 0.00000000 0.00000000 0.00000000 0.00000000 0.00000000 0.00000000 0.00000000 0.00000000 0.00000000 0.00000000 0.00000000 0.00000000 16.98865842 0.00000000 0.00000000 -12.00000000 0.00000000 0.00000000 0.00000000 0.00000000 0.00000000 0.00000000 0.00000000 0.00000000 -16.98865842 0.00000000 0.00000000 -12.00000000 0.00000000 0.00000000 0.00000000 0.00000000 0.00000000 0.00000000 0.00000000 0.00000000 -17.40380779 0.00000000 0.00000000 28.39932052 0.00000000 0.00000000 -10.99551273 0.00000000 0.00000000 0.00000000 0.00000000 0.00000000 -16.44511456 0.00000000 0.00000000 52.66683390 0.00000000 0.00000000 -36.22171934 0.00000000 0.00000000 0.00000000 0.00000000 0.00000000
0.00000000 0.90576251 3.68000000 0.00000000 0.00000000 0.00000000 0.00000000 0.00000000 0.00000000 0.00000000 0.00000000 0.00000000 0.00000000 0.00000000 0.00000000 0.00000000 0.00000000 0.00000000 0.00000000 0.00000000 0.00000000 16.71721651 0.00000000 0.00000000 -12.00000000 0.00000000 0.00000000 0.00000000 0.00000000 0.00000000 0.00000000 0.00000000 0.00000000 -16.71721651 0.00000000 0.00000000 -12.00000000 0.00000000 0.00000000 0.00000000 0.00000000 0.00000000 0.00000000 0.00000000 0.00000000 -15.33790402 0.00000000 0.00000000 27.02990764 0.00000000 0.00000000 -11.69200362 0.00000000 0.00000000 0.00000000 0.00000000 0.00000000 -22.65333847 0.00000000 0.00000000 57.07807224 0.00000000 0.00000000 -34.42473377 0.00000000 0.00000000 0.00000000 0.00000000 0.00000000
0.00000000 0.90733754 3.70000000 0.00000000 0.00000000 0.00000000 0.00000000 0.00000000 0.00000000 0.00000000 0.00000000 0.00000000 0.00000000 0.00000000 0.00000000 0.00000000 0.00000000 0.00000000 0.00000000 0.00000000 0.00000000 16.08947614 0.00000000 0.00000000 -12.00000000 0.00000000 0.00000000 0.00000000 0.00000000 0.00000000 0.00000000 0.00000000 0.00000000 -16.08947614 0.00000000 0.00000000 -12.00000000 0.00000000 0.00000000 0.00000000 0.00000000 0.00000000 0.00000000 0.00000000 0.00000000 -13.62657928 0.00000000 0.00000000 26.34995214 0.00000000 0.00000000 -12.72337287 0.00000000 0.00000000 0.00000000 0.00000000 0.00000000 -28.08563319 0.00000000 0.00000000 59.14971246 0.00000000 0.00000000 -31.06407927 0.00000000 0.00000000 0.00000000 0.00000000 0.00000000
0.00000000 0.90701242 3.72000000 0.00000000 0.00000000 0.00000000 0.00000000 0.00000000 0.00000000 0.00000000 0.00000000 0.00000000 0.00000000 0.00000000 0.00000000 0.00000000 0.00000000 0.00000000 0.00000000 0.00000000 0.00000000 15.11881653 0.00000000 0.00000000 -12.00000000 0.00000000 0.00000000 0.00000000 0.00000000 0.00000000 0.00000000 0.00000000 0.00000000 -15.11881653 0.00000000 0.00000000 -12.00000000 0.00000000 0.00000000 0.00000000 0.00000000 0.00000000 0.00000000 0.00000000 0.00000000 -12.32888216 0.00000000 0.00000000 26.49214059 0.00000000 0.00000000 -14.16325843 0.00000000 0.00000000 0.00000000 0.00000000 0.00000000 -32.37216646 0.00000000 0.00000000 58.72157485 0.00000000 0.00000000 -26.34940839 0.00000000 0.00000000 0.00000000 0.00000000 0.00000000
0.00000000 0.90481474 3.74000000 0.00000000 0.00000000 0.00000000 0.00000000 0.00000000 0.00000000 0.00000000 0.00000000 0.00000000 0.00000000 0.00000000 0.00000000 0.00000000 0.00000000 0.00000000 0.00000000 0.00000000 0.00000000 13.82592559 0.00000000 0.00000000 -12.00000000 0.00000000 0.00000000 0.00000000 0.00000000 0.00000000 0.00000000 0.00000000 0.00000000 -13.82592559 0.00000000 0.00000000 -12.00000000 0.00000000 0.00000000 0.00000000 0.00000000 0.00000000 0.00000000 0.00000000 0.00000000 -11.42283287 0.00000000 0.00000000 27.42790137 0.00000000 0.00000000 -16.00506850 0.00000000 0.00000000 0.00000000 0.00000000 0.00000000 -35.21678061 0.00000000 0.00000000 55.82688584 0.00000000 0.00000000 -20.61010523 0.00000000 0.00000000 0.00000000 0.00000000 0.00000000
0.00000000 0.90093086 3.76000000 0.00000000 0.00000000 0.00000000 0.00000000 0.00000000 0.00000000 0.00000000 0.00000000 0.00000000 0.00000000 0.00000000 0.00000000 0.00000000 0.00000000 0.00000000 0.00000000 0.00000000 0.00000000 12.23835905 0.00000000 0.00000000 -12.00000000 0.00000000 0.00000000 0.00000000 0.00000000 0.00000000 0.00000000 0.00000000 0.00000000 -12.23835905 0.00000000 0.00000000 -12.00000000 0.00000000 0.00000000 0.00000000 0.00000000 0.00000000 0.00000000 0.00000000 0.00000000 -10.81281255 0.00000000 0.00000000 28.97977001 0.00000000 0.00000000 -18.16695746 0.00000000 0.00000000 0.00000000 0.00000000 0.00000000 -36.46337657 0.00000000 0.00000000 50.68885777 0.00000000 0.00000000 -14.22548120 0.00000000 0.00000000 0.00000000 0.00000000 0.00000000
0.00000000 0.89569011 3.78000000 0.00000000 0.00000000 0.00000000 0.00000000 0.00000000 0.00000000 0.00000000 0.00000000 0.00000000 0.00000000 0.00000000 0.00000000 0.00000000 0.00000000 0.00000000 0.00000000 0.00000000 0.00000000 10.38995314 0.00000000 0.00000000 -12.00000000 0.00000000 0.00000000 0.00000000 0.00000000 0.00000000 0.00000000 0.00000000 0.00000000 -10.38995314 0.00000000 0.00000000 -12.00000000 0.00000000 0.00000000 0.00000000 0.00000000 0.00000000 0.00000000 0.00000000 0.00000000 -10.36409356 0.00000000 0.00000000 30.88813586 0.00000000 0.00000000 -20.52404230 0.00000000 0.00000000 0.00000000 0.00000000 0.00000000 -36.13200034 0.00000000 0.00000000 43.70908051 0.00000000 0.00000000 -7.57708017 0.00000000 0.00000000 0.00000000 0.00000000 0.00000000
0.00000000 0.88953692 3.80000000 0.00000000 0.00000000 0.00000000 0.00000000 0.00000000 0.00000000 0.00000000 0.00000000 0.00000000 0.00000000 0.00000000 0.00000000 0.00000000 0.00000000 0.00000000 0.00000000 0.00000000 0.00000000 8.32010341 0.00000000 0.00000000 -12.00000000 0.00000000 0.00000000 0.00000000 0.00000000 0.00000000 0.00000000 0.00000000 0.00000000 -8.32010341 0.00000000 0.00000000 -12.00000000 0.00000000 0.00000000 0.00000000 0.00000000 0.00000000 0.00000000 0.00000000 0.00000000 -9.93783711 0.00000000 0.00000000 32.87920275 0.00000000 0.00000000 -22.94136564 0.00000000 0.00000000 0.00000000 0.00000000 0.00000000 -34.43524107 0.00000000 0.00000000 35.50436749 0.00000000 0.00000000 -1.06912642 0.00000000 0.00000000 0.00000000 0.00000000 0.00000000
0.00000000 0.88299305 3.82000000 0.00000000 0.00000000 0.00000000 0.00000000 0.00000000 0.00000000 0.00000000 0.00000000 0.00000000 0.00000000 0.00000000 0.00000000 0.00000000 0.00000000 0.00000000 0.00000000 0.00000000 0.00000000 6.07292513 0.00000000 0.00000000 -12.00000000 0.00000000 0.00000000 0.00000000 0.00000000 0.00000000 0.00000000 0.00000000 0.00000000 -6.07292513 0.00000000 0.00000000 -12.00000000 0.00000000 0.00000000 0.00000000 0.00000000 0.00000000 0.00000000 0.00000000 0.00000000 -9.41093351 0.00000000 0.00000000 34.70315703 0.00000000 0.00000000 -25.29222353 0.00000000 0.00000000 0.00000000 0.00000000 0.00000000 -31.86133356 0.00000000 0.00000000 27.14124127 0.00000000 0.00000000 4.72009229 0.00000000 0.00000000 0.00000000 0.00000000 0.00000000
0.00000000 0.87661344 3.84000000 0.00000000 0.00000000 0.00000000 0.00000000 0.00000000 0.00000000 0.00000000 0.00000000 0.00000000 0.00000000 0.00000000 0.00000000 0.00000000 0.00000000 0.00000000 0.00000000 0.00000000 0.00000000 3.69631298 0.00000000 0.00000000 -12.00000000 0.00000000 0.00000000 0.00000000 0.00000000 0.00000000 0.00000000 0.00000000 0.00000000 -3.69631298 0.00000000 0.00000000 -12.00000000 0.00000000 0.00000000 0.00000000 0.00000000 0.00000000 0.00000000 0.00000000 0.00000000 -8.68211085 0.00000000 0.00000000 36.14569384 0.00000000 0.00000000 -27.46358299 0.00000000 0.00000000 0.00000000 0.00000000 0.00000000 -29.52321015 0.00000000 0.00000000 20.92391823 0.00000000 0.00000000 8.59929192 0.00000000 0.00000000 0.00000000 0.00000000 0.00000000
0.00000000 0.87093905 3.86000000 0.00000000 0.00000000 0.00000000 0.00000000 0.00000000 0.00000000 0.00000000 0.00000000 0.00000000 0.00000000 0.00000000 0.00000000 0.00000000 0.00000000 0.00000000 0.00000000 0.00000000 0.00000000 1.24092035 0.00000000 0.00000000 -12.00000000 0.00000000 0.00000000 0.00000000 0.00000000 0.00000000 0.00000000 0.00000000 0.00000000 -1.24092035 0.00000000 0.00000000 -12.00000000 0.00000000 0.00000000 0.00000000 0.00000000 0.00000000 0.00000000 0.00000000 0.00000000 -7.67064585 0.00000000 0.00000000 37.02586242 0.00000000 0.00000000 -29.35521656 0.00000000 0.00000000 0.00000000 0.00000000 0.00000000 -29.34474532 0.00000000 0.00000000 20.85172071 0.00000000 0.00000000 8.49302461 0.00000000 0.00000000 0.00000000 0.00000000 0.00000000
0.00000000 0.86645108 3.88000000 0.00000000 0.00000000 0.00000000 0.00000000 0.00000000 0.00000000 0.00000000 0.00000000 0.00000000 0.00000000 0.00000000 0.00000000 0.00000000 0.00000000 0.00000000 0.00000000 0.00000000 0.00000000 -1.24092035 0.00000000 0.00000000 -12.00000000 0.00000000 0.00000000 0.00000000 0.00000000 0.00000000 0.00000000 0.00000000 0.00000000 1.24092035 0.00000000 0.00000000 -12.00000000 0.00000000 0.00000000 0.00000000 0.00000000 0.00000000 0.00000000 0.00000000 0.00000000 -6.31169182 0.00000000 0.00000000 37.18843745 0.00000000 0.00000000 -30.87674564 0.00000000 0.00000000 0.00000000 0.00000000 0.00000000 -31.20628724 0.00000000 0.00000000 26.69684884 0.00000000 0.00000000 4.50943840 0.00000000 0.00000000 0.00000000 0.00000000 0.00000000
0.00000000 0.86353009 3.90000000 0.00000000 0.00000000 0.00000000 0.00000000 0.00000000 0.00000000 0.00000000 0.00000000 0.00000000 0.00000000 0.00000000 0.00000000 0.00000000 0.00000000 0.00000000 0.00000000 0.00000000 0.00000000 -3.69631298 0.00000000 0.00000000 -12.00000000 0.00000000 0.00000000 0.00000000 0.00000000 0.00000000 0.00000000 0.00000000 0.00000000 3.69631298 0.00000000 0.00000000 -12.00000000 0.00000000 0.00000000 0.00000000 0.00000000 0.00000000 0.00000000 0.00000000 0.00000000 -4.54929313 0.00000000 0.00000000 36.49289080 0.00000000 0.00000000 -31.94359767 0.00000000 0.00000000 0.00000000 0.00000000 0.00000000 -32.26884012 0.00000000 0.00000000 31.33258674 0.00000000 0.00000000 0.93625338 0.00000000 0.00000000 0.00000000 0.00000000 0.00000000
0.00000000 0.86242378 3.92000000 0.00000000 0.00000000 0.00000000 0.00000000 0.00000000 0.00000000 0.00000000 0.00000000 0.00000000 0.00000000 0.00000000 0.00000000 0.00000000 0.00000000 0.00000000 0.00000000 0.00000000 0.00000000 -6.07292513 0.00000000 0.00000000 -12.00000000 0.00000000 0.00000000 0.00000000 0.00000000 0.00000000 0.00000000 0.00000000 0.00000000 6.07292513 0.00000000 0.00000000 -12.00000000 0.00000000 0.00000000 0.00000000 0.00000000 0.00000000 0.00000000 0.00000000 0.00000000 -2.32589067 0.00000000 0.00000000 34.79619191 0.00000000 0.00000000 -32.47030124 0.00000000 0.00000000 0.00000000 0.00000000 0.00000000 -32.49812876 0.00000000 0.00000000 34.42082793 0.00000000 0.00000000 -1.92269917 0.00000000 0.00000000 0.00000000 0.00000000 0.00000000
0.00000000 0.86322597 3.94000000 0.00000000 0.00000000 0.00000000 0.00000000 0.00000000 0.00000000 0.00000000 0.00000000 0.00000000 0.00000000 0.00000000 0.00000000 0.00000000 0.00000000 0.00000000 0.00000000 0.00000000 0.00000000 -8.32010341 0.00000000 0.00000000 -12.00000000 0.00000000 0.00000000 0.00000000 0.00000000 0.00000000 0.00000000 0.00000000 0.00000000 8.32010341 0.00000000 0.00000000 -12.00000000 0.00000000 0.00000000 0.00000000 0.00000000 0.00000000 0.00000000 0.00000000 0.00000000 0.43629048 0.00000000 0.00000000 31.91956208 0.00000000 0.00000000 -32.35585256 0.00000000 0.00000000 0.00000000 0.00000000 0.00000000 -32.06667752 0.00000000 0.00000000 36.29300820 0.00000000 0.00000000 -4.22633068 0.00000000 0.00000000 0.00000000 0.00000000 0.00000000
0.00000000 0.86586862 3.96000000 0.00000000 0.00000000 0.00000000 0.00000000 0.00000000 0.00000000 0.00000000 0.00000000 0.00000000 0.00000000 0.00000000 0.00000000 0.00000000 0.00000000 0.00000000 0.00000000 0.00000000 0.00000000 -10.38995314 0.00000000 0.00000000 -12.00000000 0.00000000 0.00000000 0.00000000 0.00000000 0.00000000 0.00000000 0.00000000 0.00000000 10.38995314 0.00000000 0.00000000 -12.00000000 0.00000000 0.00000000 0.00000000 0.00000000 0.00000000 0.00000000 0.00000000 0.00000000 3.87796436 0.00000000 0.00000000 27.56642420 0.00000000 0.00000000 -31.44438856 0.00000000 0.00000000 0.00000000 0.00000000 0.00000000 -31.08051692 0.00000000 0.00000000 37.13905283 0.00000000 0.00000000 -6.05853591 0.00000000 0.00000000 0.00000000 0.00000000 0.00000000
0.00000000 0.87012766 3.98000000 0.00000000 0.00000000 0.00000000 0.00000000 0.00000000 0.00000000 0.00000000 0.00000000 0.00000000 0.00000000 0.00000000 0.00000000 0.00000000 0.00000000 0.00000000 0.00000000 0.00000000 0.00000000 -12.23835905 0.00000000 0.00000000 -12.00000000 0.00000000 0.00000000 0.00000000 0.00000000 0.00000000 0.00000000 0.00000000 0.00000000 12.23835905 0.00000000 0.00000000 -12.00000000 0.00000000 0.00000000 0.00000000 0.00000000 0.00000000 0.00000000 0.00000000 0.00000000 8.02490121 0.00000000 0.00000000 21.55578413 0.00000000 0.00000000 -29.58068534 0.00000000 0.00000000 0.00000000 0.00000000 0.00000000 -29.62627971 0.00000000 0.00000000 37.10480454 0.00000000 0.00000000 -7.47852483 0.00000000 0.00000000 0.00000000 0.00000000 0.00000000
0.00000000 0.87564191 4.00000000 0.00000000 0.00000000 0.00000000 0.00000000 0.00000000 0.00000000 0.00000000 0.00000000 0.00000000 0.00000000 0.00000000 0.00000000 0.00000000 0.00000000 0.00000000 0.00000000 0.00000000 0.00000000 -13.82592559 0.00000000 0.00000000 -12.00000000 0.00000000 0.00000000 0.00000000 0.00000000 0.00000000 0.00000000 0.00000000 0.00000000 13.82592559 0.00000000 0.00000000 -12.00000000 0.00000000 0.00000000 0.00000000 0.00000000 0.00000000 0.00000000 0.00000000 0.00000000 8.90258722 0.00000000 0.00000000 20.40023596 0.00000000 0.00000000 -29.30282318 0.00000000 0.00000000 0.00000000 0.00000000 0.00000000 -27.78811092 0.00000000 0.00000000 36.32978068 0.00000000 0.00000000 -8.54166976 0.00000000 0.00000000 0.00000000 0.00000000 0.00000000
0.00000000 0.88194377 4.02000000 0.00000000 0.00000000 0.00000000 0.00000000 0.00000000 0.00000000 0.00000000 0.00000000 0.00000000 0.00000000 0.00000000 0.00000000 0.00000000 0.00000000 0.00000000 0.00000000 0.00000000 0.00000000 -15.11881653 0.00000000 0.00000000 -12.00000000 0.00000000 0.00000000 0.00000000 0.00000000 0.00000000 0.00000000 0.00000000 0.00000000 15.11881653 0.00000000 0.00000000 -12.00000000 0.00000000 0.00000000 0.00000000 0.00000000 0.00000000 0.00000000 0.00000000 0.00000000 5.51428521 0.00000000 0.00000000 25.91472418 0.00000000 0.00000000 -31.42900939 0.00000000 0.00000000 0.00000000 0.00000000 0.00000000 -25.65514460 0.00000000 0.00000000 34.96599655 0.00000000 0.00000000 -9.31085195 0.00000000 0.00000000 0.00000000 0.00000000 0.00000000
0.00000000 0.88849886 4.04000000 0.00000000 0.00000000 0.00000000 0.00000000 0.00000000 0.00000000 0.00000000 0.00000000 0.00000000 0.00000000 0.00000000 0.00000000 0.00000000 0.00000000 0.00000000 0.00000000 0.00000000 0.00000000 -16.08947614 0.00000000 0.00000000 -12.00000000 0.00000000 0.00000000 0.00000000 0.00000000 0.00000000 0.00000000 0.00000000 0.00000000 16.08947614 0.00000000 0.00000000 -12.00000000 0.00000000 0.00000000 0.00000000 0.00000000 0.00000000 0.00000000 0.00000000 0.00000000 -0.07493510 0.00000000 0.00000000 34.13951102 0.00000000 0.00000000 -34.06457592 0.00000000 0.00000000 0.00000000 0.00000000 0.00000000 -23.32579949 0.00000000 0.00000000 33.18966918 0.00000000 0.00000000 -9.86386969 0.00000000 0.00000000 0.00000000 0.00000000 0.00000000
0.00000000 0.89475131 4.06000000 0.00000000 0.00000000 0.00000000 0.00000000 0.00000000 0.00000000 0.00000000 0.00000000 0.00000000 0.00000000 0.00000000 0.00000000 0.00000000 0.00000000 0.00000000 0.00000000 0.00000000 0.00000000 -16.71721651 0.00000000 0.00000000 -12.00000000 0.00000000 0.00000000 0.00000000 0.00000000 0.00000000 0.00000000 0.00000000 0.00000000 16.71721651 0.00000000 0.00000000 -12.00000000 0.00000000 0.00000000 0.00000000 0.00000000 0.00000000 0.00000000 0.00000000 0.00000000 -6.51517790 0.00000000 0.00000000 42.45945950 0.00000000 0.00000000 -35.94428160 0.00000000 0.00000000 0.00000000 0.00000000 0.00000000 -20.91090615 0.00000000 0.00000000 31.20939597 0.00000000 0.00000000 -10.29848982 0.00000000 0.00000000 0.00000000 0.00000000 0.00000000
0.00000000 0.90017092 4.08000000 0.00000000 0.00000000 0.00000000 0.00000000 0.00000000 0.00000000 0.00000000 0.00000000 0.00000000 0.00000000 0.00000000 0.00000000 0.00000000 0.00000000 0.00000000 0.00000000 0.00000000 0.00000000 -16.98865842 0.00000000 0.00000000 -12.00000000 0.00000000 0.00000000 0.00000000 0.00000000 0.00000000 0.00000000 0.00000000 0.00000000 16.98865842 0.00000000 0.00000000 -12.00000000 0.00000000 0.00000000 0.00000000 0.00000000 0.00000000 0.00000000 0.00000000 0.00000000 -13.16990753 0.00000000 0.00000000 49.68358022 0.00000000 0.00000000 -36.51367269 0.00000000 0.00000000 0.00000000 0.00000000 0.00000000 -18.53509865 0.00000000 0.00000000 29.26956190 0.00000000 0.00000000 -10.73446325 0.00000000 0.00000000 0.00000000 0.00000000 0.00000000
0.00000000 0.90429811 4.10000000 0.00000000 0.00000000 0.00000000 0.00000000 0.00000000 0.00000000 0.00000000 0.00000000 0.00000000 0.00000000 0.00000000 0.00000000 0.00000000 0.00000000 0.00000000 0.00000000 0.00000000 0.00000000 -16.89801658 0.00000000 0.00000000 -12.00000000 0.00000000 0.00000000 0.00000000 0.00000000 0.00000000 0.00000000 0.00000000 0.00000000 16.89801658 0.00000000 0.00000000 -12.00000000 0.00000000 0.00000000 0.00000000 0.00000000 0.00000000 0.00000000 0.00000000 0.00000000 -19.62214253 0.00000000 0.00000000 55.14767370 0.00000000 0.00000000 -35.52553117 0.00000000 0.00000000 0.00000000 0.00000000 0.00000000 -16.33282867 0.00000000 0.00000000 27.64183716 0.00000000 0.00000000 -11.30900849 0.00000000 0.00000000 0.00000000 0.00000000 0.00000000
0.00000000 0.90678290 4.12000000 0.00000000 0.00000000 0.00000000 0.00000000 0.00000000 0.00000000 0.00000000 0.00000000 0.00000000 0.00000000 0.00000000 0.00000000 0.00000000 0.00000000 0.00000000 0.00000000 0.00000000 0.00000000 -16.44722285 0.00000000 0.00000000 -12.00000000 0.00000000 0.00000000 0.00000000 0.00000000 0.00000000 0.00000000 0.00000000 0.00000000 16.44722285 0.00000000 0.00000000 -12.00000000 0.00000000 0.00000000 0.00000000 0.00000000 0.00000000 0.00000000 0.00000000 0.00000000 -25.49045691 0.00000000 0.00000000 58.42077356 0.00000000 0.00000000 -32.93031664 0.00000000 0.00000000 0.00000000 0.00000000 0.00000000 -14.43250689 0.00000000 0.00000000 26.59205816 0.00000000 0.00000000 -12.15955127 0.00000000 0.00000000 0.00000000 0.00000000 0.00000000
0.00000000 0.90741459 4.14000000 0.00000000 0.00000000 0.00000000 0.00000000 0.00000000 0.00000000 0.00000000 0.00000000 0.00000000 0.00000000 0.00000000 0.00000000 0.00000000 0.00000000 0.00000000 0.00000000 0.00000000 0.00000000 -15.64588512 0.00000000 0.00000000 -12.00000000 0.00000000 0.00000000 0.00000000 0.00000000 0.00000000 0.00000000 0.00000000 0.00000000 15.64588512 0.00000000 0.00000000 -12.00000000 0.00000000 0.00000000 0.00000000 0.00000000 0.00000000 0.00000000 0.00000000 0.00000000 -30.39322687 0.00000000 0.00000000 59.25063983 0.00000000 0.00000000 -28.85741296 0.00000000 0.00000000 0.00000000 0.00000000 0.00000000 -12.92540137 0.00000000 0.00000000 26.31605515 0.00000000 0.00000000 -13.39065378 0.00000000 0.00000000 0.00000000 0.00000000 0.00000000
0.00000000 0.90613961 4.16000000 0.00000000 0.00000000 0.00000000 0.00000000 0.00000000 0.00000000 0.00000000 0.00000000 0.00000000 0.00000000 0.00000000 0.00000000 0.00000000 0.00000000 0.00000000 0.00000000 0.00000000 0.00000000 -14.51108251 0.00000000 0.00000000 -12.00000000 0.00000000 0.00000000 0.00000000 0.00000000 0.00000000 0.00000000 0.00000000 0.00000000 14.51108251 0.00000000 0.00000000 -12.00000000 0.00000000 0.00000000 0.00000000 0.00000000 0.00000000 0.00000000 0.00000000 0.00000000 -33.98836294 0.00000000 0.00000000 57.57287376 0.00000000 0.00000000 -23.58451082 0.00000000 0.00000000 0.00000000 0.00000000 0.00000000 -11.83148665 0.00000000 0.00000000 26.86906801 0.00000000 0.00000000 -15.03758136 0.00000000 0.00000000 0.00000000 0.00000000 0.00000000
0.00000000 0.90306607 4.18000000 0.00000000 0.00000000 0.00000000 0.00000000 0.00000000 0.00000000 0.00000000 0.00000000 0.00000000 0.00000000 0.00000000 0.00000000 0.00000000 0.00000000 0.00000000 0.00000000 0.00000000 0.00000000 -13.06700138 0.00000000 0.00000000 -12.00000000 0.00000000 0.00000000 0.00000000 0.00000000 0.00000000 0.00000000 0.00000000 0.00000000 13.06700138 0.00000000 0.00000000 -12.00000000 0.00000000 0.00000000 0.00000000 0.00000000 0.00000000 0.00000000 0.00000000 0.00000000 -36.04288182 0.00000000 0.00000000 53.51734995 0.00000000 0.00000000 -17.47446814 0.00000000 0.00000000 0.00000000 0.00000000 0.00000000 -11.08879243 0.00000000 0.00000000 28.14203579 0.00000000 0.00000000 -17.05324337 0.00000000 0.00000000 0.00000000 0.00000000 0.00000000
0.00000000 0.89845461 4.20000000 0.00000000 0.00000000 0.00000000 0.00000000 0.00000000 0.00000000 0.00000000 0.00000000 0.00000000 0.00000000 0.00000000 0.00000000 0.00000000 0.00000000 0.00000000 0.00000000 0.00000000 0.00000000 -11.34441979 0.00000000 0.00000000 -12.00000000 0.00000000 0.00000000 0.00000000 0.00000000 0.00000000 0.00000000 0.00000000 0.00000000 11.34441979 0.00000000 0.00000000 -12.00000000 0.00000000 0.00000000 0.00000000 0.00000000 0.00000000 0.00000000 0.00000000 0.00000000 -36.48646209 0.00000000 0.00000000 47.39688033 0.00000000 0.00000000 -10.91041824 0.00000000 0.00000000 0.00000000 0.00000000 0.00000000 -10.57718650 0.00000000 0.00000000 29.90677969 0.00000000 0.00000000 -19.32959319 0.00000000 0.00000000 0.00000000 0.00000000 0.00000000
0.00000000 0.89269628 4.22000000 0.00000000 0.00000000 0.00000000 0.00000000 0.00000000 0.00000000 0.00000000 0.00000000 0.00000000 0.00000000 0.00000000 0.00000000 0.00000000 0.00000000 0.00000000 0.00000000 0.00000000 0.00000000 -9.38005159 0.00000000 0.00000000 -12.00000000 0.00000000 0.00000000 0.00000000 0.00000000 0.00000000 0.00000000 0.00000000 0.00000000 9.38005159 0.00000000 0.00000000 -12.00000000 0.00000000 0.00000000 0.00000000 0.00000000 0.00000000 0.00000000 0.00000000 0.00000000 -35.43237912 0.00000000 0.00000000 39.70904174 0.00000000 0.00000000 -4.27666261 0.00000000 0.00000000 0.00000000 0.00000000 0.00000000 -10.15634277 0.00000000 0.00000000 31.88973872 0.00000000 0.00000000 -21.73339595 0.00000000 0.00000000 0.00000000 0.00000000 0.00000000
0.00000000 0.88627937 4.24000000 0.00000000 0.00000000 0.00000000 0.00000000 0.00000000 0.00000000 0.00000000 0.00000000 0.00000000 0.00000000 0.00000000 0.00000000 0.00000000 0.00000000 0.00000000 0.00000000 0.00000000 0.00000000 -7.21576388 0.00000000 0.00000000 -12.00000000 0.00000000 0.00000000 0.00000000 0.00000000 0.00000000 0.00000000 0.00000000 0.00000000 7.21576388 0.00000000 0.00000000 -12.00000000 0.00000000 0.00000000 0.00000000 0.00000000 0.00000000 0.00000000 0.00000000 0.00000000 -33.21002532 0.00000000 0.00000000 31.24267475 0.00000000 0.00000000 1.96735057 0.00000000 0.00000000 0.00000000 0.00000000 0.00000000 -9.69381508 0.00000000 0.00000000 33.82630928 0.00000000 0.00000000 -24.13249419 0.00000000 0.00000000 0.00000000 0.00000000 0.00000000
0.00000000 0.87974802 4.26000000 0.00000000 0.00000000 0.00000000 0.00000000 0.00000000 0.00000000 0.00000000 0.00000000 0.00000000 0.00000000 0.00000000 0.00000000 0.00000000 0.00000000 0.00000000 0.00000000 0.00000000 0.00000000 -4.89768469 0.00000000 0.00000000 -12.00000000 0.00000000 0.00000000 0.00000000 0.00000000 0.00000000 0.00000000 0.00000000 0.00000000 4.89768469 0.00000000 0.00000000 -12.00000000 0.00000000 0.00000000 0.00000000 0.00000000 0.00000000 0.00000000 0.00000000 0.00000000 -30.55160759 0.00000000 0.00000000 23.53513005 0.00000000 0.00000000 7.01647754 0.00000000 0.00000000 0.00000000 0.00000000 0.00000000 -9.07724541 0.00000000 0.00000000 35.48412050 0.00000000 0.00000000 -26.40687509 0.00000000 0.00000000 0.00000000 0.00000000 0.00000000
0.00000000 0.87365610 4.28000000 0.00000000 0.00000000 0.00000000 0.00000000 0.00000000 0.00000000 0.00000000 0.00000000 0.00000000 0.00000000 0.00000000 0.00000000 0.00000000 0.00000000 0.00000000 0.00000000 0.00000000 0.00000000 -2.47521985 0.00000000 0.00000000 -12.00000000 0.00000000 0.00000000 0.00000000 0.00000000 0.00000000 0.00000000 0.00000000 0.00000000 2.47521985 0.00000000 0.00000000 -12.00000000 0.00000000 0.00000000 0.00000000 0.00000000 0.00000000 0.00000000 0.00000000 0.00000000 -29.06453562 0.00000000 0.00000000 19.90629043 0.00000000 0.00000000 9.15824519 0.00000000 0.00000000 0.00000000 0.00000000 0.00000000 -8.21606370 0.00000000 0.00000000 36.66626782 0.00000000 0.00000000 -28.45020412 0.00000000 0.00000000 0.00000000 0.00000000 0.00000000
0.00000000 0.86852019 4.30000000 0.00000000 0.00000000 0.00000000 0.00000000 0.00000000 0.00000000 0.00000000 0.00000000 0.00000000 0.00000000 0.00000000 0.00000000 0.00000000 0.00000000 0.00000000 0.00000000 0.00000000 0.00000000 -0.00000000 0.00000000 0.00000000 -12.00000000 0.00000000 0.00000000 0.00000000 0.00000000 0.00000000 0.00000000 0.00000000 0.00000000 0.00000000 0.00000000 0.00000000 -12.00000000 0.00000000 0.00000000 0.00000000 0.00000000 0.00000000 0.00000000 0.00000000 0.00000000 -30.25492126 0.00000000 0.00000000 23.58485608 0.00000000 0.00000000 6.67006518 0.00000000 0.00000000 0.00000000 0.00000000 0.00000000 -7.03821077 0.00000000 0.00000000 37.20581863 0.00000000 0.00000000 -30.16760786 0.00000000 0.00000000 0.00000000 0.00000000 0.00000000
0.00000000 0.86477581 4.32000000 0.00000000 0.00000000 0.00000000 0.00000000 0.00000000 0.00000000 0.00000000 0.00000000 0.00000000 0.00000000 0.00000000 0.00000000 0.00000000 0.00000000 0.00000000 0.00000000 0.00000000 0.00000000 2.47521985 0.00000000 0.00000000 -12.00000000 0.00000000 0.00000000 0.00000000 0.00000000 0.00000000 0.00000000 0.00000000 0.00000000 -2.47521985 0.00000000 0.00000000 -12.00000000 0.00000000 0.00000000 0.00000000 0.00000000 0.00000000 0.00000000 0.00000000 0.00000000 -31.85793709 0.00000000 0.00000000 29.24013102 0.00000000 0.00000000 2.61780607 0.00000000 0.00000000 0.00000000 0.00000000 0.00000000 -5.48432331 0.00000000 0.00000000 36.95653846 0.00000000 0.00000000 -31.47221516 0.00000000 0.00000000 0.00000000 0.00000000 0.00000000
0.00000000 0.86274047 4.34000000 0.00000000 0.00000000 0.00000000 0.00000000 0.00000000 0.00000000 0.00000000 0.00000000 0.00000000 0.00000000 0.00000000 0.00000000 0.00000000 0.00000000 0.00000000 0.00000000 0.00000000 0.00000000 4.89768469 0.00000000 0.00000000 -12.00000000 0.00000000 0.00000000 0.00000000 0.00000000 0.00000000 0.00000000 0.00000000 0.00000000 -4.89768469 0.00000000 0.00000000 -12.00000000 0.00000000 0.00000000 0.00000000 0.00000000 0.00000000 0.00000000 0.00000000 0.00000000 -32.47434591 0.00000000 0.00000000 33.04417233 0.00000000 0.00000000 -0.56982642 0.00000000 0.00000000 0.00000000 0.00000000 0.00000000 -3.49929112 0.00000000 0.00000000 35.77943894 0.00000000 0.00000000 -32.28014782 0.00000000 0.00000000 0.00000000 0.00000000 0.00000000
0.00000000 0.86258677 4.36000000 0.00000000 0.00000000 0.00000000 0.00000000 0.00000000 0.00000000 0.00000000 0.00000000 0.00000000 0.00000000 0.00000000 0.00000000 0.00000000 0.00000000 0.00000000 0.00000000 0.00000000 0.00000000 7.21576388 0.00000000 0.00000000 -12.00000000 0.00000000 0.00000000 0.00000000 0.00000000 0.00000000 0.00000000 0.00000000 0.00000000 -7.21576388 0.00000000 0.00000000 -12.00000000 0.00000000 0.00000000 0.00000000 0.00000000 0.00000000 0.00000000 0.00000000 0.00000000 -32.35759954 0.00000000 0.00000000 35.49534996 0.00000000 0.00000000 -3.13775042 0.00000000 0.00000000 0.00000000 0.00000000 0.00000000 -1.01864959 0.00000000 0.00000000 33.51954146 0.00000000 0.00000000 -32.50089186 0.00000000 0.00000000 0.00000000 0.00000000 0.00000000
0.00000000 0.86432774 4.38000000 0.00000000 0.00000000 0.00000000 0.00000000 0.00000000 0.00000000 0.00000000 0.00000000 0.00000000 0.00000000 0.00000000 0.00000000 0.00000000 0.00000000 0.00000000 0.00000000 0.00000000 0.00000000 9.38005159 0.00000000 0.00000000 -12.00000000 0.00000000 0.00000000 0.00000000 0.00000000 0.00000000 0.00000000 0.00000000 0.00000000 -9.38005159 0.00000000 0.00000000 -12.00000000 0.00000000 0.00000000 0.00000000 0.00000000 0.00000000 0.00000000 0.00000000 0.00000000 -31.63733572 0.00000000 0.00000000 36.83473168 0.00000000 0.00000000 -5.19739596 0.00000000 0.00000000 0.00000000 0.00000000 0.00000000 2.05856537 0.00000000 0.00000000 29.95536922 0.00000000 0.00000000 -32.01393458 0.00000000 0.00000000 0.00000000 0.00000000 0.00000000
0.00000000 0.86781576 4.40000000 0.00000000 0.00000000 0.00000000 0.00000000 0.00000000 0.00000000 0.00000000 0.00000000 0.00000000 0.00000000 0.00000000 0.00000000 0.00000000 0.00000000 0.00000000 0.00000000 0.00000000 0.00000000 11.34441979 0.00000000 0.00000000 -12.00000000 0.00000000 0.00000000 0.00000000 0.00000000 0.00000000 0.00000000 0.00000000 0.00000000 -11.34441979 0.00000000 0.00000000 -12.00000000 0.00000000 0.00000000 0.00000000 0.00000000 0.00000000 0.00000000 0.00000000 0.00000000 -30.40670242 0.00000000 0.00000000 37.22336858 0.00000000 0.00000000 -6.81666616 0.00000000 0.00000000 0.00000000 0.00000000 0.00000000 5.94357762 0.00000000 0.00000000 24.65427052 0.00000000 0.00000000 -30.59784814 0.00000000 0.00000000 0.00000000 0.00000000 0.00000000
0.00000000 0.87275504 4.42000000 0.00000000 0.00000000 0.00000000 0.00000000 0.00000000 0.00000000 0.00000000 0.00000000 0.00000000 0.00000000 0.00000000 0.00000000 0.00000000 0.00000000 0.00000000 0.00000000 0.00000000 0.00000000 13.06700138 0.00000000 0.00000000 -12.00000000 0.00000000 0.00000000 0.00000000 0.00000000 0.00000000 0.00000000 0.00000000 0.00000000 -13.06700138 0.00000000 0.00000000 -12.00000000 0.00000000 0.00000000 0.00000000 0.00000000 0.00000000 0.00000000 0.00000000 0.00000000 -28.74979095 0.00000000 0.00000000 36.80083935 0.00000000 0.00000000 -8.05104840 0.00000000 0.00000000 0.00000000 0.00000000 0.00000000 9.08015283 0.00000000 0.00000000 19.99397236 0.00000000 0.00000000 -29.07412519 0.00000000 0.00000000 0.00000000 0.00000000 0.00000000
0.00000000 0.87872674 4.44000000 0.00000000 0.00000000 0.00000000 0.00000000 0.00000000 0.00000000 0.00000000 0.00000000 0.00000000 0.00000000 0.00000000 0.00000000 0.00000000 0.00000000 0.00000000 0.00000000 0.00000000 0.00000000 14.51108251 0.00000000 0.00000000 -12.00000000 0.00000000 0.00000000 0.00000000 0.00000000 0.00000000 0.00000000 0.00000000 0.00000000 -14.51108251 0.00000000 0.00000000 -12.00000000 0.00000000 0.00000000 0.00000000 0.00000000 0.00000000 0.00000000 0.00000000 0.00000000 -26.75258484 0.00000000 0.00000000 35.71114817 0.00000000 0.00000000 -8.95856333 0.00000000 0.00000000 0.00000000 0.00000000 0.00000000 7.61442582 0.00000000 0.00000000 22.56468979 0.00000000 0.00000000 -30.17911561 0.00000000 0.00000000 0.00000000 0.00000000 0.00000000
0.00000000 0.88522446 4.46000000 0.00000000 0.00000000 0.00000000 0.00000000 0.00000000 0.00000000 0.00000000 0.00000000 0.00000000 0.00000000 0.00000000 0.00000000 0.00000000 0.00000000 0.00000000 0.00000000 0.00000000 0.00000000 15.64588512 0.00000000 0.00000000 -12.00000000 0.00000000 0.00000000 0.00000000 0.00000000 0.00000000 0.00000000 0.00000000 0.00000000 -15.64588512 0.00000000 0.00000000 -12.00000000 0.00000000 0.00000000 0.00000000 0.00000000 0.00000000 0.00000000 0.00000000 0.00000000 -24.50841328 0.00000000 0.00000000 34.11719565 0.00000000 0.00000000 -9.60878238 0.00000000 0.00000000 0.00000000 0.00000000 0.00000000 2.88518632 0.00000000 0.00000000 29.90115336 0.00000000 0.00000000 -32.78633968 0.00000000 0.00000000 0.00000000 0.00000000 0.00000000
0.00000000 0.89169720 4.48000000 0.00000000 0.00000000 0.00000000 0.00000000 0.00000000 0.00000000 0.00000000 0.00000000 0.00000000 0.00000000 0.00000000 0.00000000 0.00000000 0.00000000 0.00000000 0.00000000 0.00000000 0.00000000 16.44722285 0.00000000 0.00000000 -12.00000000 0.00000000 0.00000000 0.00000000 0.00000000 0.00000000 0.00000000 0.00000000 0.00000000 -16.44722285 0.00000000 0.00000000 -12.00000000 0.00000000 0.00000000 0.00000000 0.00000000 0.00000000 0.00000000 0.00000000 0.00000000 -22.12157363 0.00000000 0.00000000 32.21057610 0.00000000 0.00000000 -10.08900247 0.00000000 0.00000000 0.00000000 0.00000000 0.00000000 -3.23739872 0.00000000 0.00000000 38.38089270 0.00000000 0.00000000 -35.14349398 0.00000000 0.00000000 0.00000000 0.00000000 0.00000000
0.00000000 0.89759609 4.50000000 0.00000000 0.00000000 0.00000000 0.00000000 0.00000000 0.00000000 0.00000000 0.00000000 0.00000000 0.00000000 0.00000000 0.00000000 0.00000000 0.00000000 0.00000000 0.00000000 0.00000000 0.00000000 16.89801658 0.00000000 0.00000000 -12.00000000 0.00000000 0.00000000 0.00000000 0.00000000 0.00000000 0.00000000 0.00000000 0.00000000 -16.89801658 0.00000000 0.00000000 -12.00000000 0.00000000 0.00000000 0.00000000 0.00000000 0.00000000 0.00000000 0.00000000 0.00000000 -19.70983321 0.00000000 0.00000000 30.21785055 0.00000000 0.00000000 -10.50801734 0.00000000 0.00000000 0.00000000 0.00000000 0.00000000 -9.84376918 0.00000000 0.00000000 46.25705690 0.00000000 0.00000000 -36.41328773 0.00000000 0.00000000 0.00000000 0.00000000 0.00000000
0.00000000 0.90242091 4.52000000 0.00000000 0.00000000 0.00000000 0.00000000 0.00000000 0.00000000 0.00000000 0.00000000 0.00000000 0.00000000 0.00000000 0.00000000 0.00000000 0.00000000 0.00000000 0.00000000 0.00000000 0.00000000 16.98865842 0.00000000 0.00000000 -12.00000000 0.00000000 0.00000000 0.00000000 0.00000000 0.00000000 0.00000000 0.00000000 0.00000000 -16.98865842 0.00000000 0.00000000 -12.00000000 0.00000000 0.00000000 0.00000000 0.00000000 0.00000000 0.00000000 0.00000000 0.00000000 -17.40380779 0.00000000 0.00000000 28.39932052 0.00000000 0.00000000 -10.99551273 0.00000000 0.00000000 0.00000000 0.00000000 0.00000000 -16.44511456 0.00000000 0.00000000 52.66683390 0.00000000 0.00000000 -36.22171934 0.00000000 0.00000000 0.00000000 0.00000000 0.00000000
0.00000000 0.90576251 4.54000000 0.00000000 0.00000000 0.00000000 0.00000000 0.00000000 0.00000000 0.00000000 0.00000000 0.00000000 0.00000000 0.00000000 0.00000000 0.00000000 0.00000000 0.00000000 0.00000000 0.00000000 0.00000000 16.71721651 0.00000000 0.00000000 -12.00000000 0.00000000 0.00000000 0.00000000 0.00000000 0.00000000 0.00000000 0.00000000 0.00000000 -16.71721651 0.00000000 0.00000000 -12.00000000 0.00000000 0.00000000 0.00000000 0.00000000 0.00000000 0.00000000 0.00000000 0.00000000 -15.33790402 0.00000000 0.00000000 27.02990764 0.00000000 0.00000000 -11.69200362 0.00000000 0.00000000 0.00000000 0.00000000 0.00000000 -22.65333847 0.00000000 0.00000000 57.07807224 0.00000000 0.00000000 -34.42473377 0.00000000 0.00000000 0.00000000 0.00000000 0.00000000
0.00000000 0.90733754 4.56000000 0.00000000 0.00000000 0.00000000 0.00000000 0.00000000 0.00000000 0.00000000 0.00000000 0.00000000 0.00000000 0.00000000 0.00000000 0.00000000 0.00000000 0.00000000 0.00000000 0.00000000 0.00000000 16.08947614 0.00000000 0.00000000 -12.00000000 0.00000000 0.00000000 0.00000000 0.00000000 0.00000000 0.00000000 0.00000000 0.00000000 -16.08947614 0.00000000 0.00000000 -12.00000000 0.00000000 0.00000000 0.00000000 0.00000000 0.00000000 0.00000000 0.00000000 0.00000000 -13.62657928 0.00000000 0.00000000 26.34995214 0.00000000 0.00000000 -12.72337287 0.00000000 0.00000000 0.00000000 0.00000000 0.00000000 -28.08563319 0.00000000 0.00000000 59.14971246 0.00000000 0.00000000 -31.06407927 0.00000000 0.00000000 0.00000000 0.00000000 0.00000000
0.00000000 0.90701242 4.58000000 0.00000000 0.00000000 0.00000000 0.00000000 0.00000000 0.00000000 0.00000000 0.00000000 0.00000000 0.00000000 0.00000000 0.00000000 0.00000000 0.00000000 0.00000000 0.00000000 0.00000000 0.00000000 15.11881653 0.00000000 0.00000000 -12.00000000 0.00000000 0.00000000 0.00000000 0.00000000 0.00000000 0.00000000 0.00000000 0.00000000 -15.11881653 0.00000000 0.00000000 -12.00000000 0.00000000 0.00000000 0.00000000 0.00000000 0.00000000 0.00000000 0.00000000 0.00000000 -12.32888216 0.00000000 0.00000000 26.49214059 0.00000000 0.00000000 -14.16325843 0.00000000 0.00000000 0.00000000 0.00000000 0.00000000 -32.37216646 0.00000000 0.00000000 58.72157485 0.00000000 0.00000000 -26.34940839 0.00000000 0.00000000 0.00000000 0.00000000 0.00000000
0.00000000 0.90481474 4.60000000 0.00000000 0.00000000 0.00000000 0.00000000 0.00000000 0.00000000 0.00000000 0.00000000 0.00000000 0.00000000 0.00000000 0.00000000 0.00000000 0.00000000 0.00000000 0.00000000 0.00000000 0.00000000 13.82592559 0.00000000 0.00000000 -12.00000000 0.00000000 0.00000000 0.00000000 0.00000000 0.00000000 0.00000000 0.00000000 0.00000000 -13.82592559 0.00000000 0.00000000 -12.00000000 0.00000000 0.00000000 0.00000000 0.00000000 0.00000000 0.00000000 0.00000000 0.00000000 -11.42283287 0.00000000 0.00000000 27.42790137 0.00000000 0.00000000 -16.00506850 0.00000000 0.00000000 0.00000000 0.00000000 0.00000000 -35.21678061 0.00000000 0.00000000 55.82688584 0.00000000 0.00000000 -20.61010523 0.00000000 0.00000000 0.00000000 0.00000000 0.00000000
0.00000000 0.90093086 4.62000000 0.00000000 0.00000000 0.00000000 0.00000000 0.00000000 0.00000000 0.00000000 0.00000000 0.00000000 0.00000000 0.00000000 0.00000000 0.00000000 0.00000000 0.00000000 0.00000000 0.00000000 0.00000000 12.23835905 0.00000000 0.00000000 -12.00000000 0.00000000 0.00000000 0.00000000 0.00000000 0.00000000 0.00000000 0.00000000 0.00000000 -12.23835905 0.00000000 0.00000000 -12.00000000 0.00000000 0.00000000 0.00000000 0.00000000 0.00000000 0.00000000 0.00000000 0.00000000 -10.81281255 0.00000000 0.00000000 28.97977001 0.00000000 0.00000000 -18.16695746 0.00000000 0.00000000 0.00000000 0.00000000 0.00000000 -36.46337657 0.00000000 0.00000000 50.68885777 0.00000000 0.00000000 -14.22548120 0.00000000 0.00000000 0.00000000 0.00000000 0.00000000
0.00000000 0.89569011 4.64000000 0.00000000 0.00000000 0.00000000 0.00000000 0.00000000 0.00000000 0.00000000 0.00000000 0.00000000 0.00000000 0.00000000 0.00000000 0.00000000 0.00000000 0.00000000 0.00000000 0.00000000 0.00000000 10.38995314 0.00000000 0.00000000 -12.00000000 0.00000000 0.00000000 0.00000000 0.00000000 0.00000000 0.00000000 0.00000000 0.00000000 -10.38995314 0.00000000 0.00000000 -12.00000000 0.00000000 0.00000000 0.00000000 0.00000000 0.00000000 0.00000000 0.00000000 0.00000000 -10.36409356 0.00000000 0.00000000 30.88813586 0.00000000 0.00000000 -20.52404230 0.00000000 0.00000000 0.00000000 0.00000000 0.00000000 -36.13200034 0.00000000 0.00000000 43.70908051 0.00000000 0.00000000 -7.57708017 0.00000000 0.00000000 0.00000000 0.00000000 0.00000000
0.00000000 0.88953692 4.66000000 0.00000000 0.00000000 0.00000000 0.00000000 0.00000000 0.00000000 0.00000000 0.00000000 0.00000000 0.00000000 0.00000000 0.00000000 0.00000000 0.00000000 0.00000000 0.00000000 0.00000000 0.00000000 8.32010341 0.00000000 0.00000000 -12.00000000 0.00000000 0.00000000 0.00000000 0.00000000 0.00000000 0.00000000 0.00000000 0.00000000 -8.32010341 0.00000000 0.00000000 -12.00000000 0.00000000 0.00000000 0.00000000 0.00000000 0.00000000 0.00000000 0.00000000 0.00000000 -9.93783711 0.00000000 0.00000000 32.87920275 0.00000000 0.00000000 -22.94136564 0.00000000 0.00000000 0.00000000 0.00000000 0.00000000 -34.43524107 0.00000000 0.00000000 35.50436749 0.00000000 0.00000000 -1.06912642 0.00000000 0.00000000 0.00000000 0.00000000 0.00000000
0.00000000 0.88299305 4.68000000 0.00000000 0.00000000 0.00000000 0.00000000 0.00000000 0.00000000 0.00000000 0.00000000 0.00000000 0.00000000 0.00000000 0.00000000 0.00000000 0.00000000 0.00000000 0.00000000 0.00000000 0.00000000 6.07292513 0.00000000 0.00000000 -12.00000000 0.00000000 0.00000000 0.00000000 0.00000000 0.00000000 0.00000000 0.00000000 0.00000000 -6.07292513 0.00000000 0.00000000 -12.00000000 0.00000000 0.00000000 0.00000000 0.00000000 0.00000000 0.00000000 0.00000000 0.00000000 -9.41093351 0.00000000 0.00000000 34.70315703 0.00000000 0.00000000 -25.29222353 0.00000000 0.00000000 0.00000000 0.00000000 0.00000000 -31.86133356 0.00000000 0.00000000 27.14124127 0.00000000 0.00000000 4.72009229 0.00000000 0.00000000 0.00000000 0.00000000 0.00000000
0.00000000 0.87661344 4.70000000 0.00000000 0.00000000 0.00000000 0.00000000 0.00000000 0.00000000 0.00000000 0.00000000 0.00000000 0.00000000 0.00000000 0.00000000 0.00000000 0.00000000 0.00000000 0.00000000 0.00000000 0.00000000 3.69631298 0.00000000 0.00000000 -12.00000000 0.00000000 0.00000000 0.00000000 0.00000000 0.00000000 0.00000000 0.00000000 0.00000000 -3.69631298 0.00000000 0.00000000 -12.00000000 0.00000000 0.00000000 0.00000000 0.00000000 0.00000000 0.00000000 0.00000000 0.00000000 -8.68211085 0.00000000 0.00000000 36.14569384 0.00000000 0.00000000 -27.46358299 0.00000000 0.00000000 0.00000000 0.00000000 0.00000000 -29.52321015 0.00000000 0.00000000 20.92391823 0.00000000 0.00000000 8.59929192 0.00000000 0.00000000 0.00000000 0.00000000 0.00000000
0.00000000 0.87093905 4.72000000 0.00000000 0.00000000 0.00000000 0.00000000 0.00000000 0.00000000 0.00000000 0.00000000 0.00000000 0.00000000 0.00000000 0.00000000 0.00000000 0.00000000 0.00000000 0.00000000 0.00000000 0.00000000 1.24092035 0.00000000 0.00000000 -12.00000000 0.00000000 0.00000000 0.00000000 0.00000000 0.00000000 0.00000000 0.00000000 0.00000000 -1.24092035 0.00000000 0.00000000 -12.00000000 0.00000000 0.00000000 0.00000000 0.00000000 0.00000000 0.00000000 0.00000000 0.00000000 -7.67064585 0.00000000 0.00000000 37.02586242 0.00000000 0.00000000 -29.35521656 0.00000000 0.00000000 0.00000000 0.00000000 0.00000000 -29.34474532 0.00000000 0.00000000 20.85172071 0.00000000 0.00000000 8.49302461 0.00000000 0.00000000 0.00000000 0.00000000 0.00000000
0.00000000 0.86645108 4.74000000 0.00000000 0.00000000 0.00000000 0.00000000 0.00000000 0.00000000 0.00000000 0.00000000 0.00000000 0.00000000 0.00000000 0.00000000 0.00000000 0.00000000 0.00000000 0.00000000 0.00000000 0.00000000 -1.24092035 0.00000000 0.00000000 -12.00000000 0.00000000 0.00000000 0.00000000 0.00000000 0.00000000 0.00000000 0.00000000 0.00000000 1.24092035 0.00000000 0.00000000 -12.00000000 0.00000000 0.00000000 0.00000000 0.00000000 0.00000000 0.00000000 0.00000000 0.00000000 -6.31169182 0.00000000 0.00000000 37.18843745 0.00000000 0.00000000 -30.87674564 0.00000000 0.00000000 0.00000000 0.00000000 0.00000000 -31.20628724 0.00000000 0.00000000 26.69684884 0.00000000 0.00000000 4.50943840 0.00000000 0.00000000 0.00000000 0.00000000 0.00000000
0.00000000 0.86353009 4.76000000 0.00000000 0.00000000 0.00000000 0.00000000 0.00000000 0.00000000 0.00000000 0.00000000 0.00000000 0.00000000 0.00000000 0.00000000 0.00000000 0.00000000 0.00000000 0.00000000 0.00000000 0.00000000 -3.69631298 0.00000000 0.00000000 -12.00000000 0.00000000 0.00000000 0.00000000 0.00000000 0.00000000 0.00000000 0.00000000 0.00000000 3.69631298 0.00000000 0.00000000 -12.00000000 0.00000000 0.00000000 0.00000000 0.00000000 0.00000000 0.00000000 0.00000000 0.00000000 -4.54929313 0.00000000 0.00000000 36.49289080 0.00000000 0.00000000 -31.94359767 0.00000000 0.00000000 0.00000000 0.00000000 0.00000000 -32.26884012 0.00000000 0.00000000 31.33258674 0.00000000 0.00000000 0.93625338 0.00000000 0.00000000 0.00000000 0.00000000 0.00000000
0.00000000 0.86242378 4.78000000 0.00000000 0.00000000 0.00000000 0.00000000 0.00000000 0.00000000 0.00000000 0.00000000 0.00000000 0.00000000 0.00000000 0.00000000 0.00000000 0.00000000 0.00000000 0.00000000 0.00000000 0.00000000 -6.07292513 0.00000000 0.00000000 -12.00000000 0.00000000 0.00000000 0.00000000 0.00000000 0.00000000 0.00000000 0.00000000 0.00000000 6.07292513 0.00000000 0.00000000 -12.00000000 0.00000000 0.00000000 0.00000000 0.00000000 0.00000000 0.00000000 0.00000000 0.00000000 -2.32589067 0.00000000 0.00000000 34.79619191 0.00000000 0.00000000 -32.47030124 0.00000000 0.00000000 0.00000000 0.00000000 0.00000000 -32.49812876 0.00000000 0.00000000 34.42082793 0.00000000 0.00000000 -1.92269917 0.00000000 0.00000000 0.00000000 0.00000000 0.00000000
0.00000000 0.86322597 4.80000000 0.00000000 0.00000000 0.00000000 0.00000000 0.00000000 0.00000000 0.00000000 0.00000000 0.00000000 0.00000000 0.00000000 0.00000000 0.00000000 0.00000000 0.00000000 0.00000000 0.00000000 0.00000000 -8.32010341 0.00000000 0.00000000 -12.00000000 0.00000000 0.00000000 0.00000000 0.00000000 0.00000000 0.00000000 0.00000000 0.00000000 8.32010341 0.00000000 0.00000000 -12.00000000 0.00000000 0.00000000 0.00000000 0.00000000 0.00000000 0.00000000 0.00000000 0.00000000 0.43629048 0.00000000 0.00000000 31.91956208 0.00000000 0.00000000 -32.35585256 0.00000000 0.00000000 0.00000000 0.00000000 0.00000000 -32.06667752 0.00000000 0.00000000 36.29300820 0.00000000 0.00000000 -4.22633068 0.00000000 0.00000000 0.00000000 0.00000000 0.00000000
